"group","file","line","column","code","severity","message"
"archive","docs/archive/car-dealer/inc/admin-dashboard.php","162","35","P1132","3","Parameter $hook has no type information available."
"archive","docs/archive/car-dealer/inc/admin-dashboard.php","180","44","P1132","3","Parameter $title has no type information available."
"archive","docs/archive/car-dealer/inc/admin-dashboard.php","180","52","P1132","3","Parameter $post has no type information available."
"archive","docs/archive/car-dealer/inc/admin-dashboard.php","193","43","P1132","3","Parameter $messages has no type information available."
"archive","docs/archive/car-dealer/inc/admin-dashboard.php","215","43","P1132","3","Parameter $classes has no type information available."
"archive","docs/archive/car-dealer/inc/admin-dashboard.php","289","131","P1003","4","Symbol '$field' is declared but not used."
"archive","docs/archive/car-dealer/inc/admin-dashboard.php","368","41","P1132","3","Parameter $fields has no type information available."
"archive","docs/archive/car-dealer/inc/admin-dashboard.php","368","50","P1132","3","Parameter $value_callback has no type information available."
"archive","docs/archive/car-dealer/inc/admin-dashboard.php","382","42","P1132","3","Parameter $fields has no type information available."
"archive","docs/archive/car-dealer/inc/admin-dashboard.php","382","51","P1132","3","Parameter $value_callback has no type information available."
"archive","docs/archive/car-dealer/inc/admin-dashboard.php","392","37","P1132","3","Parameter $label has no type information available."
"archive","docs/archive/car-dealer/inc/admin-dashboard.php","392","45","P1132","3","Parameter $value has no type information available."
"archive","docs/archive/car-dealer/inc/admin-dashboard.php","396","33","P1132","3","Parameter $url has no type information available."
"archive","docs/archive/car-dealer/inc/admin-dashboard.php","396","39","P1132","3","Parameter $label has no type information available."
"archive","docs/archive/car-dealer/inc/admin-dashboard.php","396","47","P1132","3","Parameter $description has no type information available."
"archive","docs/archive/car-dealer/inc/admin-dashboard.php","400","44","P1132","3","Parameter $table has no type information available."
"archive","docs/archive/car-dealer/inc/advanced-features.php","12","45","P1132","3","Parameter $post has no type information available."
"archive","docs/archive/car-dealer/inc/advanced-features.php","23","41","P1132","3","Parameter $post_id has no type information available."
"archive","docs/archive/car-dealer/inc/advanced-features.php","34","41","P1132","3","Parameter $columns has no type information available."
"archive","docs/archive/car-dealer/inc/advanced-features.php","42","48","P1132","3","Parameter $column has no type information available."
"archive","docs/archive/car-dealer/inc/advanced-features.php","42","57","P1132","3","Parameter $post_id has no type information available."
"archive","docs/archive/car-dealer/inc/advanced-features.php","49","43","P1132","3","Parameter $columns has no type information available."
"archive","docs/archive/car-dealer/inc/advanced-features.php","56","40","P1132","3","Parameter $query has no type information available."
"archive","docs/archive/car-dealer/inc/advanced-features.php","76","46","P1132","3","Parameter $query has no type information available."
"archive","docs/archive/car-dealer/inc/advanced-search.php","12","37","P1132","3","Parameter $atts has no type information available."
"archive","docs/archive/car-dealer/inc/advanced-search.php","39","45","P1132","3","Parameter $query has no type information available."
"archive","docs/archive/car-dealer/inc/catalog-legacy-policy.php","52","7","P1010","1","Undefined function 'car_dealer_catalog_is_authoritative'."
"archive","docs/archive/car-dealer/inc/catalog-legacy-policy.php","52","48","P1010","1","Undefined function 'car_dealer_catalog_has_active_filters'."
"archive","docs/archive/car-dealer/inc/catalog-legacy-policy.php","66","40","P1010","1","Undefined function 'car_dealer_catalog_is_authoritative'."
"archive","docs/archive/car-dealer/inc/catalog-legacy-policy.php","66","83","P1010","1","Undefined function 'car_dealer_catalog_has_active_filters'."
"archive","docs/archive/car-dealer/inc/crm.php","27","31","P1132","3","Parameter $id has no type information available."
"archive","docs/archive/car-dealer/inc/crm.php","27","36","P1132","3","Parameter $key has no type information available."
"archive","docs/archive/car-dealer/inc/crm.php","28","46","P1132","3","Parameter $id has no type information available."
"archive","docs/archive/car-dealer/inc/crm.php","29","37","P1132","3","Parameter $id has no type information available."
"archive","docs/archive/car-dealer/inc/crm.php","31","50","P1132","3","Parameter $user_id has no type information available."
"archive","docs/archive/car-dealer/inc/crm.php","31","60","P1132","3","Parameter $customer_id has no type information available."
"archive","docs/archive/car-dealer/inc/crm.php","58","33","P1132","3","Parameter $id has no type information available."
"archive","docs/archive/car-dealer/inc/crm.php","64","30","P1132","3","Parameter $id has no type information available."
"archive","docs/archive/car-dealer/inc/crm.php","64","35","P1132","3","Parameter $text has no type information available."
"archive","docs/archive/car-dealer/inc/crm.php","67","32","P1132","3","Parameter $key has no type information available."
"archive","docs/archive/car-dealer/inc/crm.php","137","34","P1132","3","Parameter $type has no type information available."
"archive","docs/archive/car-dealer/inc/crm.php","137","41","P1132","3","Parameter $row has no type information available."
"archive","docs/archive/car-dealer/inc/crm.php","188","37","P1132","3","Parameter $action has no type information available."
"archive","docs/archive/car-dealer/inc/crm.php","239","33","P1132","3","Parameter $id has no type information available."
"archive","docs/archive/car-dealer/inc/crm.php","268","34","P1132","3","Parameter $id has no type information available."
"archive","docs/archive/car-dealer/inc/engagement-legacy.php","80","14","P1010","1","Undefined function 'car_dealer_submission_identity'."
"archive","docs/archive/car-dealer/inc/engagement-legacy.php","98","14","P1010","1","Undefined function 'car_dealer_submission_identity'."
"archive","docs/archive/car-dealer/inc/engagement-legacy.php","118","14","P1010","1","Undefined function 'car_dealer_submission_identity'."
"archive","docs/archive/car-dealer/inc/inventory-management.php","12","46","P1132","3","Parameter $post has no type information available."
"archive","docs/archive/car-dealer/inc/inventory-management.php","29","42","P1132","3","Parameter $post_id has no type information available."
"archive","docs/archive/car-dealer/inc/inventory-management.php","39","40","P1132","3","Parameter $columns has no type information available."
"archive","docs/archive/car-dealer/inc/inventory-management.php","46","47","P1132","3","Parameter $column has no type information available."
"archive","docs/archive/car-dealer/inc/inventory-management.php","46","56","P1132","3","Parameter $post_id has no type information available."
"archive","docs/archive/car-dealer/inc/inventory-management.php","52","45","P1132","3","Parameter $status has no type information available."
"archive","docs/archive/car-dealer/inc/inventory-management.php","69","45","P1132","3","Parameter $query has no type information available."
"archive","docs/archive/car-dealer/inc/inventory-management.php","80","45","P1132","3","Parameter $status has no type information available."
"archive","docs/archive/car-dealer/inc/loan-calculator.php","5","48","P1132","3","Parameter $atts has no type information available."
"archive","docs/archive/car-dealer/inc/offers.php","62","45","P1132","3","Parameter $car_id has no type information available."
"archive","docs/archive/car-dealer/inc/offers.php","97","42","P1132","3","Parameter $post has no type information available."
"archive","docs/archive/car-dealer/inc/offers.php","228","38","P1132","3","Parameter $post_id has no type information available."
"archive","docs/archive/car-dealer/inc/offers.php","251","42","P1132","3","Parameter $columns has no type information available."
"archive","docs/archive/car-dealer/inc/offers.php","265","49","P1132","3","Parameter $column has no type information available."
"archive","docs/archive/car-dealer/inc/offers.php","265","58","P1132","3","Parameter $post_id has no type information available."
"archive","docs/archive/car-dealer/inc/offers.php","289","33","P1132","3","Parameter $offer_id has no type information available."
"archive","docs/archive/car-dealer/inc/performance-optimization.php","11","37","P1132","3","Parameter $urls has no type information available."
"archive","docs/archive/car-dealer/inc/performance-optimization.php","11","44","P1132","3","Parameter $relation_type has no type information available."
"archive","docs/archive/car-dealer/inc/performance-optimization.php","20","41","P1132","3","Parameter $tag has no type information available."
"archive","docs/archive/car-dealer/inc/performance-optimization.php","20","47","P1132","3","Parameter $handle has no type information available."
"archive","docs/archive/car-dealer/inc/testimonials.php","18","45","P1132","3","Parameter $atts has no type information available."
"archive","docs/archive/car-dealer/inc/theme-legacy-core.php","6","48","P1132","3","Parameter $atts has no type information available."
"archive","docs/archive/car-dealer/inc/theme-legacy-core.php","91","40","P1132","3","Parameter $post has no type information available."
"archive","docs/archive/car-dealer/inc/theme-legacy-core.php","115","36","P1132","3","Parameter $post_id has no type information available."
"archive","docs/archive/car-dealer/inc/vehicle-comparison.php","14","42","P1132","3","Parameter $ids has no type information available."
"archive","docs/archive/car-dealer/inc/white-label.php","21","44","P1132","3","Parameter $admin_bar has no type information available."
"archive","docs/archive/car-dealer/inc/white-label.php","51","46","P1003","4","Symbol '$admin_title' is declared but not used."
"archive","docs/archive/car-dealer/inc/white-label.php","51","60","P1132","3","Parameter $title has no type information available."
"archive","docs/archive/car-dealer/tests/customer-workflow.php","81","3","P1007","4","'curl_close' is deprecated."
"archive","docs/archive/car-dealer/tests/customer-workflow.php","81","31","P1007","4","'curl_close' is deprecated."
"archive","docs/archive/car-dealer/tests/customer-workflow.php","6","26","P1132","3","Parameter $value has no type information available."
"archive","docs/archive/car-dealer/tests/customer-workflow.php","6","34","P1132","3","Parameter $label has no type information available."
"archive","docs/archive/car-dealer/tests/vehicle-editor.php","27","109","P1007","4","'curl_close' is deprecated."
"archive","docs/archive/car-dealer/tests/vehicle-editor.php","5","24","P1132","3","Parameter $ok has no type information available."
"archive","docs/archive/car-dealer/tests/vehicle-editor.php","5","28","P1132","3","Parameter $label has no type information available."
"tools","tools/audit-currency-readonly.php","10","8","P1013","1","Undefined method 'hide_errors'."
"tools","tools/release-preflight.php","10","8","P1013","1","Undefined method 'suppress_errors'."
"wordpress","wp-activate.php","68","1","P1008","1","Undefined variable '$wp_query'."
"wordpress","wp-admin/about.php","365","1","P1108","4","Unreachable code detected."
"wordpress","wp-admin/credits.php","125","1","P1108","4","Unreachable code detected."
"wordpress","wp-admin/edit-comments.php","37","36","P1014","1","Undefined property '$comments'."
"wordpress","wp-admin/edit-form-advanced.php","42","9","P1008","1","Undefined variable '$is_IE'."
"wordpress","wp-admin/edit-form-advanced.php","424","16","P1008","1","Undefined variable '$title'."
"wordpress","wp-admin/edit-form-comment.php","326","12","P1116","2","Possible undefined variable '$post_comments'."
"wordpress","wp-admin/edit-form-comment.php","334","8","P1116","2","Possible undefined variable '$max_thread_depth'."
"wordpress","wp-admin/edit-form-comment.php","334","29","P1116","2","Possible undefined variable '$comment_depths'."
"wordpress","wp-admin/edit-form-comment.php","334","67","P1116","2","Possible undefined variable '$comment_subtree_height'."
"wordpress","wp-admin/edit-link-form.php","37","38","P1008","1","Undefined variable '$link'."
"wordpress","wp-admin/edit-link-form.php","46","35","P1008","1","Undefined variable '$link'."
"wordpress","wp-admin/edit-link-form.php","49","47","P1008","1","Undefined variable '$link'."
"wordpress","wp-admin/edit-link-form.php","51","49","P1008","1","Undefined variable '$link'."
"wordpress","wp-admin/edit-link-form.php","53","45","P1008","1","Undefined variable '$link'."
"wordpress","wp-admin/edit-link-form.php","86","16","P1008","1","Undefined variable '$title'."
"wordpress","wp-admin/edit-link-form.php","125","92","P1008","1","Undefined variable '$link'."
"wordpress","wp-admin/edit-link-form.php","133","103","P1008","1","Undefined variable '$link'."
"wordpress","wp-admin/edit-link-form.php","152","51","P1008","1","Undefined variable '$link'."
"wordpress","wp-admin/edit-link-form.php","159","32","P1008","1","Undefined variable '$link'."
"wordpress","wp-admin/edit-link-form.php","161","34","P1008","1","Undefined variable '$link'."
"wordpress","wp-admin/edit-link-form.php","167","6","P1008","1","Undefined variable '$link_id'."
"wordpress","wp-admin/edit-link-form.php","171","60","P1008","1","Undefined variable '$cat_id'."
"wordpress","wp-admin/edit-tag-form.php","15","21","P1008","1","Undefined variable '$taxonomy'."
"wordpress","wp-admin/edit-tag-form.php","24","57","P1008","1","Undefined variable '$tag'."
"wordpress","wp-admin/edit-tag-form.php","25","32","P1008","1","Undefined variable '$taxonomy'."
"wordpress","wp-admin/edit-tag-form.php","34","62","P1008","1","Undefined variable '$tag'."
"wordpress","wp-admin/edit-tag-form.php","44","52","P1008","1","Undefined variable '$tag'."
"wordpress","wp-admin/edit-tag-form.php","69","14","P1008","1","Undefined variable '$taxonomy'."
"wordpress","wp-admin/edit-tag-form.php","69","41","P1008","1","Undefined variable '$tag'."
"wordpress","wp-admin/edit-tag-form.php","69","47","P1008","1","Undefined variable '$taxonomy'."
"wordpress","wp-admin/edit-tag-form.php","72","16","P1008","1","Undefined variable '$tax'."
"wordpress","wp-admin/edit-tag-form.php","82","103","P1008","1","Undefined variable '$taxonomy'."
"wordpress","wp-admin/edit-tag-form.php","83","14","P1008","1","Undefined variable '$tax'."
"wordpress","wp-admin/edit-tag-form.php","114","14","P1008","1","Undefined variable '$taxonomy'."
"wordpress","wp-admin/edit-tag-form.php","119","66","P1008","1","Undefined variable '$taxonomy'."
"wordpress","wp-admin/edit-tag-form.php","141","14","P1008","1","Undefined variable '$taxonomy'."
"wordpress","wp-admin/edit-tag-form.php","141","46","P1008","1","Undefined variable '$tag'."
"wordpress","wp-admin/edit-tag-form.php","141","52","P1008","1","Undefined variable '$taxonomy'."
"wordpress","wp-admin/edit-tag-form.php","152","60","P1008","1","Undefined variable '$tax'."
"wordpress","wp-admin/edit-tag-form.php","173","60","P1008","1","Undefined variable '$tax'."
"wordpress","wp-admin/edit-tag-form.php","175","38","P1008","1","Undefined variable '$taxonomy'."
"wordpress","wp-admin/edit-tag-form.php","177","61","P1008","1","Undefined variable '$tax'."
"wordpress","wp-admin/edit-tag-form.php","183","28","P1008","1","Undefined variable '$taxonomy'."
"wordpress","wp-admin/edit-tag-form.php","186","28","P1008","1","Undefined variable '$tag'."
"wordpress","wp-admin/edit-tag-form.php","187","28","P1008","1","Undefined variable '$tag'."
"wordpress","wp-admin/edit-tag-form.php","194","86","P1008","1","Undefined variable '$taxonomy'."
"wordpress","wp-admin/edit-tag-form.php","197","31","P1008","1","Undefined variable '$taxonomy'."
"wordpress","wp-admin/edit-tag-form.php","200","64","P1008","1","Undefined variable '$tax'."
"wordpress","wp-admin/edit-tag-form.php","207","146","P1008","1","Undefined variable '$tag'."
"wordpress","wp-admin/edit-tag-form.php","208","67","P1008","1","Undefined variable '$tax'."
"wordpress","wp-admin/edit-tag-form.php","212","23","P1008","1","Undefined variable '$taxonomy'."
"wordpress","wp-admin/edit-tag-form.php","221","62","P1008","1","Undefined variable '$tag'."
"wordpress","wp-admin/edit-tag-form.php","222","34","P1008","1","Undefined variable '$taxonomy'."
"wordpress","wp-admin/edit-tag-form.php","231","67","P1008","1","Undefined variable '$tag'."
"wordpress","wp-admin/edit-tag-form.php","241","57","P1008","1","Undefined variable '$tag'."
"wordpress","wp-admin/edit-tag-form.php","259","16","P1008","1","Undefined variable '$taxonomy'."
"wordpress","wp-admin/edit-tag-form.php","259","46","P1008","1","Undefined variable '$tag'."
"wordpress","wp-admin/edit-tag-form.php","259","52","P1008","1","Undefined variable '$taxonomy'."
"wordpress","wp-admin/edit-tag-form.php","264","21","P1008","1","Undefined variable '$taxonomy'."
"wordpress","wp-admin/edit-tag-form.php","266","53","P1008","1","Undefined variable '$tag'."
"wordpress","wp-admin/edit-tag-form.php","267","32","P1008","1","Undefined variable '$taxonomy'."
"wordpress","wp-admin/edit-tag-form.php","269","58","P1008","1","Undefined variable '$tag'."
"wordpress","wp-admin/edit-tag-form.php","279","48","P1008","1","Undefined variable '$tag'."
"wordpress","wp-admin/edit-tag-form.php","296","14","P1008","1","Undefined variable '$taxonomy'."
"wordpress","wp-admin/edit-tag-form.php","296","37","P1008","1","Undefined variable '$tag'."
"wordpress","wp-admin/edit-tag-form.php","296","43","P1008","1","Undefined variable '$taxonomy'."
"wordpress","wp-admin/edit-tag-form.php","303","46","P1008","1","Undefined variable '$tag'."
"wordpress","wp-admin/edit-tag-form.php","305","111","P1008","1","Undefined variable '$taxonomy'."
"wordpress","wp-admin/edit-tag-form.php","305","128","P1008","1","Undefined variable '$tag'."
"wordpress","wp-admin/edit-tag-form.php","305","160","P1008","1","Undefined variable '$tag'."
"wordpress","wp-admin/edit-tags.php","12","8","P1008","1","Undefined variable '$taxnow'."
"wordpress","wp-admin/edit-tags.php","16","22","P1008","1","Undefined variable '$taxnow'."
"wordpress","wp-admin/edit-tags.php","48","42","P1008","1","Undefined variable '$taxonomy'."
"wordpress","wp-admin/edit-tags.php","54","42","P1008","1","Undefined variable '$taxonomy'."
"wordpress","wp-admin/edit-tags.php","91","46","P1008","1","Undefined variable '$taxonomy'."
"wordpress","wp-admin/edit-tags.php","122","28","P1008","1","Undefined variable '$taxonomy'."
"wordpress","wp-admin/edit-tags.php","144","29","P1008","1","Undefined variable '$taxonomy'."
"wordpress","wp-admin/edit-tags.php","163","60","P1008","1","Undefined variable '$taxonomy'."
"wordpress","wp-admin/edit-tags.php","178","29","P1008","1","Undefined variable '$taxonomy'."
"wordpress","wp-admin/edit-tags.php","183","35","P1008","1","Undefined variable '$taxonomy'."
"wordpress","wp-admin/includes/ajax-actions.php","226","9","P1116","2","Possible undefined variable '$output'."
"wordpress","wp-admin/includes/ajax-actions.php","797","7","P1116","2","Possible undefined variable '$result'."
"wordpress","wp-admin/includes/ajax-actions.php","1157","29","P1119","3","Too many arguments. Expected 1. Found 2."
"wordpress","wp-admin/includes/ajax-actions.php","1695","43","P1116","2","Possible undefined variable '$meta_id'."
"wordpress","wp-admin/includes/ajax-actions.php","1702","23","P1116","2","Possible undefined variable '$meta_id'."
"wordpress","wp-admin/includes/ajax-actions.php","1802","48","P1119","3","Too many arguments. Expected 1. Found 3."
"wordpress","wp-admin/includes/ajax-actions.php","2210","30","P1119","3","Too many arguments. Expected 0. Found 2."
"wordpress","wp-admin/includes/ajax-actions.php","2176","48","P1003","4","Symbol '$terms' is declared but not used."
"wordpress","wp-admin/includes/ajax-actions.php","2271","28","P1119","3","Too many arguments. Expected 1. Found 2."
"wordpress","wp-admin/includes/ajax-actions.php","2336","279","P1116","2","Possible undefined variable '$stat'."
"wordpress","wp-admin/includes/ajax-actions.php","3217","77","P1003","4","Symbol '$label' is declared but not used."
"wordpress","wp-admin/includes/ajax-actions.php","3278","3","P1003","4","Symbol '$errors' is declared but not used."
"wordpress","wp-admin/includes/ajax-actions.php","3710","48","P1003","4","Symbol '$theme_data' is declared but not used."
"wordpress","wp-admin/includes/ajax-actions.php","5550","31","P1007","4","'get_sizes' is deprecated."
"wordpress","wp-admin/includes/bookmark.php","102","24","P1014","1","Undefined property '$links'."
"wordpress","wp-admin/includes/bookmark.php","226","40","P1014","1","Undefined property '$links'."
"wordpress","wp-admin/includes/bookmark.php","234","40","P1014","1","Undefined property '$links'."
"wordpress","wp-admin/includes/class-custom-image-header.php","852","27","P1003","4","Symbol '$type' is declared but not used."
"wordpress","wp-admin/includes/class-custom-image-header.php","852","34","P1003","4","Symbol '$attr' is declared but not used."
"wordpress","wp-admin/includes/class-custom-image-header.php","1257","39","P1003","4","Symbol '$header' is declared but not used."
"wordpress","wp-admin/includes/class-custom-image-header.php","1562","39","P1003","4","Symbol '$k' is declared but not used."
"wordpress","wp-admin/includes/class-ftp-pure.php","38","23","P1132","3","Parameter $sock has no type information available."
"wordpress","wp-admin/includes/class-ftp-pure.php","47","20","P1132","3","Parameter $host has no type information available."
"wordpress","wp-admin/includes/class-ftp-pure.php","47","27","P1132","3","Parameter $port has no type information available."
"wordpress","wp-admin/includes/class-ftp-pure.php","78","21","P1116","2","Possible undefined variable '$regs'."
"wordpress","wp-admin/includes/class-ftp-pure.php","82","17","P1132","3","Parameter $cmd has no type information available."
"wordpress","wp-admin/includes/class-ftp-pure.php","98","25","P1132","3","Parameter $mode has no type information available."
"wordpress","wp-admin/includes/class-ftp-pure.php","127","22","P1132","3","Parameter $mode has no type information available."
"wordpress","wp-admin/includes/class-ftp-pure.php","143","23","P1132","3","Parameter $mode has no type information available."
"wordpress","wp-admin/includes/class-ftp-pure.php","144","24","P1003","4","Symbol '$out' is declared but not used."
"wordpress","wp-admin/includes/class-ftp-pure.php","145","8","P1003","4","Symbol '$out' is declared but not used."
"wordpress","wp-admin/includes/class-ftp-pure.php","159","29","P1132","3","Parameter $mode has no type information available."
"wordpress","wp-admin/includes/class-ftp-pure.php","159","36","P1132","3","Parameter $block has no type information available."
"wordpress","wp-admin/includes/class-ftp-sockets.php","38","23","P1132","3","Parameter $sock has no type information available."
"wordpress","wp-admin/includes/class-ftp-sockets.php","52","20","P1132","3","Parameter $host has no type information available."
"wordpress","wp-admin/includes/class-ftp-sockets.php","52","27","P1132","3","Parameter $port has no type information available."
"wordpress","wp-admin/includes/class-ftp-sockets.php","55","89","P1006","1","Expected type 'null|Socket'. Found 'false'."
"wordpress","wp-admin/includes/class-ftp-sockets.php","60","9","P1003","4","Symbol '$res' is declared but not used."
"wordpress","wp-admin/includes/class-ftp-sockets.php","89","21","P1116","2","Possible undefined variable '$regs'."
"wordpress","wp-admin/includes/class-ftp-sockets.php","93","17","P1132","3","Parameter $cmd has no type information available."
"wordpress","wp-admin/includes/class-ftp-sockets.php","101","94","P1014","1","Undefined property '$stream'."
"wordpress","wp-admin/includes/class-ftp-sockets.php","109","25","P1132","3","Parameter $mode has no type information available."
"wordpress","wp-admin/includes/class-ftp-sockets.php","173","22","P1132","3","Parameter $mode has no type information available."
"wordpress","wp-admin/includes/class-ftp-sockets.php","181","86","P1006","1","Expected type 'null|Socket'. Found 'false'."
"wordpress","wp-admin/includes/class-ftp-sockets.php","174","3","P1003","4","Symbol '$NewLine' is declared but not used."
"wordpress","wp-admin/includes/class-ftp-sockets.php","196","23","P1132","3","Parameter $mode has no type information available."
"wordpress","wp-admin/includes/class-ftp-sockets.php","204","87","P1006","1","Expected type 'null|Socket'. Found 'false'."
"wordpress","wp-admin/includes/class-ftp-sockets.php","197","3","P1003","4","Symbol '$NewLine' is declared but not used."
"wordpress","wp-admin/includes/class-ftp-sockets.php","198","24","P1003","4","Symbol '$out' is declared but not used."
"wordpress","wp-admin/includes/class-ftp-sockets.php","199","8","P1003","4","Symbol '$out' is declared but not used."
"wordpress","wp-admin/includes/class-ftp-sockets.php","218","29","P1132","3","Parameter $mode has no type information available."
"wordpress","wp-admin/includes/class-ftp-sockets.php","218","36","P1132","3","Parameter $block has no type information available."
"wordpress","wp-admin/includes/class-language-pack-upgrader-skin.php","19","9","P1132","3","Property $language_update has no type information available."
"wordpress","wp-admin/includes/class-language-pack-upgrader-skin.php","55","28","P1013","1","Undefined method 'get_name_for_update'."
"wordpress","wp-admin/includes/class-language-pack-upgrader.php","339","40","P1003","4","Symbol '$filedata' is declared but not used."
"wordpress","wp-admin/includes/class-pclzip.php","205","9","P1132","3","Property $magic_quotes_status has no type information available."
"wordpress","wp-admin/includes/class-pclzip.php","215","24","P1132","3","Parameter $p_zipname has no type information available."
"wordpress","wp-admin/includes/class-pclzip.php","233","26","P1132","3","Parameter $p_zipname has no type information available."
"wordpress","wp-admin/includes/class-pclzip.php","275","19","P1132","3","Parameter $p_filelist has no type information available."
"wordpress","wp-admin/includes/class-pclzip.php","398","48","P1026","1","Key expected in read context."
"wordpress","wp-admin/includes/class-pclzip.php","458","16","P1132","3","Parameter $p_filelist has no type information available."
"wordpress","wp-admin/includes/class-pclzip.php","581","48","P1026","1","Key expected in read context."
"wordpress","wp-admin/includes/class-pclzip.php","511","43","P1003","4","Symbol '$v_add_path' is declared but not used."
"wordpress","wp-admin/includes/class-pclzip.php","649","5","P1003","4","Symbol '$v_result' is declared but not used."
"wordpress","wp-admin/includes/class-pclzip.php","661","10","P1003","4","Symbol '$v_result' is declared but not used."
"wordpress","wp-admin/includes/class-pclzip.php","861","27","P1132","3","Parameter $p_index has no type information available."
"wordpress","wp-admin/includes/class-pclzip.php","1069","26","P1132","3","Parameter $p_index has no type information available."
"wordpress","wp-admin/includes/class-pclzip.php","1131","12","P1003","4","Symbol '$v_result' is declared but not used."
"wordpress","wp-admin/includes/class-pclzip.php","1166","22","P1132","3","Parameter $p_archive has no type information available."
"wordpress","wp-admin/includes/class-pclzip.php","1225","18","P1132","3","Parameter $p_archive_to_add has no type information available."
"wordpress","wp-admin/includes/class-pclzip.php","1279","14","P1010","1","Undefined function 'PclErrorCode'."
"wordpress","wp-admin/includes/class-pclzip.php","1341","14","P1010","1","Undefined function 'PclErrorString'."
"wordpress","wp-admin/includes/class-pclzip.php","1377","28","P1003","4","Symbol '$p_level' is declared but not used."
"wordpress","wp-admin/includes/class-pclzip.php","1430","30","P1132","3","Parameter $p_options_list has no type information available."
"wordpress","wp-admin/includes/class-pclzip.php","1430","47","P1132","3","Parameter $p_size has no type information available."
"wordpress","wp-admin/includes/class-pclzip.php","1430","57","P1132","3","Parameter $v_result_list has no type information available."
"wordpress","wp-admin/includes/class-pclzip.php","1799","23","P1006","1","Expected type 'object|array'. Found 'true'."
"wordpress","wp-admin/includes/class-pclzip.php","1799","55","P1006","1","Expected type 'object|array'. Found 'true'."
"wordpress","wp-admin/includes/class-pclzip.php","1799","88","P1006","1","Expected type 'object|array'. Found 'true'."
"wordpress","wp-admin/includes/class-pclzip.php","1801","13","P1006","1","Expected type 'array|string|ArrayAccess'. Found 'true'."
"wordpress","wp-admin/includes/class-pclzip.php","1830","40","P1132","3","Parameter $p_options has no type information available."
"wordpress","wp-admin/includes/class-pclzip.php","1875","35","P1132","3","Parameter $p_file_list has no type information available."
"wordpress","wp-admin/includes/class-pclzip.php","1875","50","P1132","3","Parameter $p_filedescr has no type information available."
"wordpress","wp-admin/includes/class-pclzip.php","1875","64","P1003","4","Symbol '$v_options' is declared but not used."
"wordpress","wp-admin/includes/class-pclzip.php","1970","25","P1006","1","Expected type 'object|array'. Found 'true'."
"wordpress","wp-admin/includes/class-pclzip.php","1970","57","P1006","1","Expected type 'object|array'. Found 'true'."
"wordpress","wp-admin/includes/class-pclzip.php","1970","90","P1006","1","Expected type 'object|array'. Found 'true'."
"wordpress","wp-admin/includes/class-pclzip.php","1972","15","P1006","1","Expected type 'array|string|ArrayAccess'. Found 'true'."
"wordpress","wp-admin/includes/class-pclzip.php","2004","33","P1132","3","Parameter $p_filedescr_list has no type information available."
"wordpress","wp-admin/includes/class-pclzip.php","2004","53","P1132","3","Parameter $p_options has no type information available."
"wordpress","wp-admin/includes/class-pclzip.php","2129","23","P1132","3","Parameter $p_filedescr_list has no type information available."
"wordpress","wp-admin/includes/class-pclzip.php","2129","43","P1132","3","Parameter $p_result_list has no type information available."
"wordpress","wp-admin/includes/class-pclzip.php","2129","60","P1132","3","Parameter $p_options has no type information available."
"wordpress","wp-admin/includes/class-pclzip.php","2132","5","P1003","4","Symbol '$v_list_detail' is declared but not used."
"wordpress","wp-admin/includes/class-pclzip.php","2164","20","P1132","3","Parameter $p_filedescr_list has no type information available."
"wordpress","wp-admin/includes/class-pclzip.php","2164","40","P1132","3","Parameter $p_result_list has no type information available."
"wordpress","wp-admin/includes/class-pclzip.php","2164","57","P1132","3","Parameter $p_options has no type information available."
"wordpress","wp-admin/includes/class-pclzip.php","2167","5","P1003","4","Symbol '$v_list_detail' is declared but not used."
"wordpress","wp-admin/includes/class-pclzip.php","2343","23","P1132","3","Parameter $p_mode has no type information available."
"wordpress","wp-admin/includes/class-pclzip.php","2404","24","P1132","3","Parameter $p_filedescr_list has no type information available."
"wordpress","wp-admin/includes/class-pclzip.php","2404","44","P1132","3","Parameter $p_result_list has no type information available."
"wordpress","wp-admin/includes/class-pclzip.php","2404","61","P1132","3","Parameter $p_options has no type information available."
"wordpress","wp-admin/includes/class-pclzip.php","2468","28","P1132","3","Parameter $p_filedescr_list has no type information available."
"wordpress","wp-admin/includes/class-pclzip.php","2468","48","P1132","3","Parameter $p_result_list has no type information available."
"wordpress","wp-admin/includes/class-pclzip.php","2468","65","P1132","3","Parameter $p_options has no type information available."
"wordpress","wp-admin/includes/class-pclzip.php","2530","24","P1132","3","Parameter $p_filedescr has no type information available."
"wordpress","wp-admin/includes/class-pclzip.php","2530","39","P1132","3","Parameter $p_header has no type information available."
"wordpress","wp-admin/includes/class-pclzip.php","2530","51","P1132","3","Parameter $p_options has no type information available."
"wordpress","wp-admin/includes/class-pclzip.php","2747","19","P1008","1","Undefined variable '$v_file'."
"wordpress","wp-admin/includes/class-pclzip.php","2806","37","P1132","3","Parameter $p_filedescr has no type information available."
"wordpress","wp-admin/includes/class-pclzip.php","2806","52","P1132","3","Parameter $p_header has no type information available."
"wordpress","wp-admin/includes/class-pclzip.php","2806","63","P1003","4","Symbol '$p_options' is declared but not used."
"wordpress","wp-admin/includes/class-pclzip.php","2918","41","P1132","3","Parameter $p_filedescr has no type information available."
"wordpress","wp-admin/includes/class-pclzip.php","2918","56","P1132","3","Parameter $p_options has no type information available."
"wordpress","wp-admin/includes/class-pclzip.php","3030","33","P1132","3","Parameter $p_header has no type information available."
"wordpress","wp-admin/includes/class-pclzip.php","3075","40","P1132","3","Parameter $p_header has no type information available."
"wordpress","wp-admin/includes/class-pclzip.php","3128","35","P1132","3","Parameter $p_nb_entries has no type information available."
"wordpress","wp-admin/includes/class-pclzip.php","3128","50","P1132","3","Parameter $p_size has no type information available."
"wordpress","wp-admin/includes/class-pclzip.php","3128","59","P1132","3","Parameter $p_offset has no type information available."
"wordpress","wp-admin/includes/class-pclzip.php","3128","70","P1132","3","Parameter $p_comment has no type information available."
"wordpress","wp-admin/includes/class-pclzip.php","3157","22","P1132","3","Parameter $p_list has no type information available."
"wordpress","wp-admin/includes/class-pclzip.php","3244","39","P1132","3","Parameter $p_header has no type information available."
"wordpress","wp-admin/includes/class-pclzip.php","3244","51","P1132","3","Parameter $p_info has no type information available."
"wordpress","wp-admin/includes/class-pclzip.php","3283","31","P1132","3","Parameter $p_file_list has no type information available."
"wordpress","wp-admin/includes/class-pclzip.php","3283","45","P1132","3","Parameter $p_path has no type information available."
"wordpress","wp-admin/includes/class-pclzip.php","3283","54","P1132","3","Parameter $p_remove_path has no type information available."
"wordpress","wp-admin/includes/class-pclzip.php","3283","70","P1132","3","Parameter $p_remove_all_path has no type information available."
"wordpress","wp-admin/includes/class-pclzip.php","3283","91","P1132","3","Parameter $p_options has no type information available."
"wordpress","wp-admin/includes/class-pclzip.php","3312","5","P1003","4","Symbol '$p_remove_path_size' is declared but not used."
"wordpress","wp-admin/includes/class-pclzip.php","3623","29","P1132","3","Parameter $p_entry has no type information available."
"wordpress","wp-admin/includes/class-pclzip.php","3623","39","P1132","3","Parameter $p_path has no type information available."
"wordpress","wp-admin/includes/class-pclzip.php","3623","48","P1132","3","Parameter $p_remove_path has no type information available."
"wordpress","wp-admin/includes/class-pclzip.php","3623","64","P1132","3","Parameter $p_remove_all_path has no type information available."
"wordpress","wp-admin/includes/class-pclzip.php","3623","85","P1132","3","Parameter $p_options has no type information available."
"wordpress","wp-admin/includes/class-pclzip.php","3977","42","P1132","3","Parameter $p_entry has no type information available."
"wordpress","wp-admin/includes/class-pclzip.php","3977","52","P1003","4","Symbol '$p_options' is declared but not used."
"wordpress","wp-admin/includes/class-pclzip.php","3984","14","P1008","1","Undefined variable '$v_file'."
"wordpress","wp-admin/includes/class-pclzip.php","4053","37","P1132","3","Parameter $p_entry has no type information available."
"wordpress","wp-admin/includes/class-pclzip.php","4053","48","P1132","3","Parameter $p_options has no type information available."
"wordpress","wp-admin/includes/class-pclzip.php","4174","37","P1132","3","Parameter $p_entry has no type information available."
"wordpress","wp-admin/includes/class-pclzip.php","4174","48","P1132","3","Parameter $p_string has no type information available."
"wordpress","wp-admin/includes/class-pclzip.php","4174","60","P1132","3","Parameter $p_options has no type information available."
"wordpress","wp-admin/includes/class-pclzip.php","4305","32","P1132","3","Parameter $p_header has no type information available."
"wordpress","wp-admin/includes/class-pclzip.php","4408","39","P1132","3","Parameter $p_header has no type information available."
"wordpress","wp-admin/includes/class-pclzip.php","4516","34","P1132","3","Parameter $p_local_header has no type information available."
"wordpress","wp-admin/includes/class-pclzip.php","4516","52","P1132","3","Parameter $p_central_header has no type information available."
"wordpress","wp-admin/includes/class-pclzip.php","4553","35","P1132","3","Parameter $p_central_dir has no type information available."
"wordpress","wp-admin/includes/class-pclzip.php","4664","10","P1116","2","Possible undefined variable '$v_pos'."
"wordpress","wp-admin/includes/class-pclzip.php","4710","30","P1132","3","Parameter $p_result_list has no type information available."
"wordpress","wp-admin/includes/class-pclzip.php","4710","47","P1132","3","Parameter $p_options has no type information available."
"wordpress","wp-admin/includes/class-pclzip.php","4713","5","P1003","4","Symbol '$v_list_detail' is declared but not used."
"wordpress","wp-admin/includes/class-pclzip.php","5020","25","P1132","3","Parameter $p_dir has no type information available."
"wordpress","wp-admin/includes/class-pclzip.php","5075","23","P1132","3","Parameter $p_archive_to_add has no type information available."
"wordpress","wp-admin/includes/class-pclzip.php","5260","26","P1132","3","Parameter $p_archive_filename has no type information available."
"wordpress","wp-admin/includes/class-pclzip.php","5323","7","P1010","1","Undefined function 'PclError'."
"wordpress","wp-admin/includes/class-pclzip.php","5340","7","P1010","1","Undefined function 'PclErrorReset'."
"wordpress","wp-admin/includes/class-pclzip.php","5434","36","P1132","3","Parameter $p_dir has no type information available."
"wordpress","wp-admin/includes/class-pclzip.php","5515","36","P1132","3","Parameter $p_dir has no type information available."
"wordpress","wp-admin/includes/class-pclzip.php","5515","44","P1132","3","Parameter $p_path has no type information available."
"wordpress","wp-admin/includes/class-pclzip.php","5592","32","P1132","3","Parameter $p_src has no type information available."
"wordpress","wp-admin/includes/class-pclzip.php","5592","40","P1132","3","Parameter $p_dest has no type information available."
"wordpress","wp-admin/includes/class-pclzip.php","5592","49","P1132","3","Parameter $p_size has no type information available."
"wordpress","wp-admin/includes/class-pclzip.php","5654","29","P1132","3","Parameter $p_src has no type information available."
"wordpress","wp-admin/includes/class-pclzip.php","5654","37","P1132","3","Parameter $p_dest has no type information available."
"wordpress","wp-admin/includes/class-pclzip.php","5684","33","P1132","3","Parameter $p_option has no type information available."
"wordpress","wp-admin/includes/class-pclzip.php","5715","39","P1132","3","Parameter $p_path has no type information available."
"wordpress","wp-admin/includes/class-plugin-installer-skin.php","19","9","P1132","3","Property $api has no type information available."
"wordpress","wp-admin/includes/class-plugin-installer-skin.php","20","9","P1132","3","Property $type has no type information available."
"wordpress","wp-admin/includes/class-plugin-installer-skin.php","21","9","P1132","3","Property $url has no type information available."
"wordpress","wp-admin/includes/class-plugin-installer-skin.php","22","9","P1132","3","Property $overwrite has no type information available."
"wordpress","wp-admin/includes/class-plugin-installer-skin.php","100","35","P1013","1","Undefined method 'plugin_info'."
"wordpress","wp-admin/includes/class-plugin-upgrader-skin.php","80","36","P1013","1","Undefined method 'plugin_info'."
"wordpress","wp-admin/includes/class-plugin-upgrader.php","359","24","P1119","3","Too many arguments. Expected 0. Found 1."
"wordpress","wp-admin/includes/class-plugin-upgrader.php","373","24","P1119","3","Too many arguments. Expected 0. Found 1."
"wordpress","wp-admin/includes/class-plugin-upgrader.php","675","47","P1003","4","Symbol '$local_destination' is declared but not used."
"wordpress","wp-admin/includes/class-plugin-upgrader.php","675","67","P1003","4","Symbol '$remote_destination' is declared but not used."
"wordpress","wp-admin/includes/class-theme-installer-skin.php","19","9","P1132","3","Property $api has no type information available."
"wordpress","wp-admin/includes/class-theme-installer-skin.php","20","9","P1132","3","Property $type has no type information available."
"wordpress","wp-admin/includes/class-theme-installer-skin.php","21","9","P1132","3","Property $url has no type information available."
"wordpress","wp-admin/includes/class-theme-installer-skin.php","22","9","P1132","3","Property $overwrite has no type information available."
"wordpress","wp-admin/includes/class-theme-installer-skin.php","103","34","P1013","1","Undefined method 'theme_info'."
"wordpress","wp-admin/includes/class-theme-upgrader-skin.php","62","38","P1013","1","Undefined method 'theme_info'."
"wordpress","wp-admin/includes/class-theme-upgrader.php","124","62","P1003","4","Symbol '$hook_extra' is declared but not used."
"wordpress","wp-admin/includes/class-theme-upgrader.php","457","24","P1119","3","Too many arguments. Expected 0. Found 1."
"wordpress","wp-admin/includes/class-theme-upgrader.php","471","24","P1119","3","Too many arguments. Expected 0. Found 1."
"wordpress","wp-admin/includes/class-theme-upgrader.php","757","46","P1003","4","Symbol '$local_destination' is declared but not used."
"wordpress","wp-admin/includes/class-theme-upgrader.php","757","66","P1003","4","Symbol '$remote_destination' is declared but not used."
"wordpress","wp-admin/includes/class-wp-automatic-updater.php","285","45","P1013","1","Undefined method 'db_version'."
"wordpress","wp-admin/includes/class-wp-automatic-updater.php","387","46","P1116","2","Possible undefined variable '$context'."
"wordpress","wp-admin/includes/class-wp-automatic-updater.php","401","47","P1116","2","Possible undefined variable '$context'."
"wordpress","wp-admin/includes/class-wp-automatic-updater.php","425","39","P1116","2","Possible undefined variable '$context'."
"wordpress","wp-admin/includes/class-wp-automatic-updater.php","436","27","P1116","2","Possible undefined variable '$upgrader'."
"wordpress","wp-admin/includes/class-wp-automatic-updater.php","474","4","P1116","2","Possible undefined variable '$upgrader'."
"wordpress","wp-admin/includes/class-wp-automatic-updater.php","478","21","P1116","2","Possible undefined variable '$upgrader'."
"wordpress","wp-admin/includes/class-wp-automatic-updater.php","501","4","P1116","2","Possible undefined variable '$upgrader'."
"wordpress","wp-admin/includes/class-wp-automatic-updater.php","515","5","P1116","2","Possible undefined variable '$upgrader'."
"wordpress","wp-admin/includes/class-wp-automatic-updater.php","547","9","P1116","2","Possible undefined variable '$was_active'."
"wordpress","wp-admin/includes/class-wp-automatic-updater.php","576","25","P1116","2","Possible undefined variable '$upgrader'."
"wordpress","wp-admin/includes/class-wp-automatic-updater.php","598","25","P1116","2","Possible undefined variable '$upgrader'."
"wordpress","wp-admin/includes/class-wp-automatic-updater.php","624","4","P1116","2","Possible undefined variable '$upgrader'."
"wordpress","wp-admin/includes/class-wp-automatic-updater.php","1518","23","P1116","2","Possible undefined variable '$subject'."
"wordpress","wp-admin/includes/class-wp-comments-list-table.php","23","9","P1132","3","Property $extra_items has no type information available."
"wordpress","wp-admin/includes/class-wp-comments-list-table.php","25","10","P1132","3","Property $user_can has no type information available."
"wordpress","wp-admin/includes/class-wp-comments-list-table.php","1107","35","P1003","4","Symbol '$comment' is declared but not used."
"wordpress","wp-admin/includes/class-wp-debug-data.php","32","13","P1133","3","PHPDoc undefined type 'ImagickException'."
"wordpress","wp-admin/includes/class-wp-debug-data.php","627","13","P1133","3","PHPDoc undefined type 'ImagickException'."
"wordpress","wp-admin/includes/class-wp-debug-data.php","160","31","P1003","4","Symbol '$core' is declared but not used."
"wordpress","wp-admin/includes/class-wp-debug-data.php","318","40","P1003","4","Symbol '$dropin' is declared but not used."
"wordpress","wp-admin/includes/class-wp-debug-data.php","697","108","P1009","1","Undefined type 'Imagick'."
"wordpress","wp-admin/includes/class-wp-debug-data.php","699","102","P1009","1","Undefined type 'imagick'."
"wordpress","wp-admin/includes/class-wp-debug-data.php","700","89","P1009","1","Undefined type 'imagick'."
"wordpress","wp-admin/includes/class-wp-debug-data.php","701","89","P1009","1","Undefined type 'imagick'."
"wordpress","wp-admin/includes/class-wp-debug-data.php","702","101","P1009","1","Undefined type 'imagick'."
"wordpress","wp-admin/includes/class-wp-debug-data.php","703","104","P1009","1","Undefined type 'imagick'."
"wordpress","wp-admin/includes/class-wp-debug-data.php","704","91","P1009","1","Undefined type 'imagick'."
"wordpress","wp-admin/includes/class-wp-debug-data.php","705","89","P1009","1","Undefined type 'imagick'."
"wordpress","wp-admin/includes/class-wp-debug-data.php","709","124","P1009","1","Undefined type 'imagick'."
"wordpress","wp-admin/includes/class-wp-debug-data.php","710","111","P1009","1","Undefined type 'imagick'."
"wordpress","wp-admin/includes/class-wp-debug-data.php","711","111","P1009","1","Undefined type 'imagick'."
"wordpress","wp-admin/includes/class-wp-debug-data.php","712","123","P1009","1","Undefined type 'imagick'."
"wordpress","wp-admin/includes/class-wp-debug-data.php","713","126","P1009","1","Undefined type 'imagick'."
"wordpress","wp-admin/includes/class-wp-debug-data.php","714","113","P1009","1","Undefined type 'imagick'."
"wordpress","wp-admin/includes/class-wp-debug-data.php","715","111","P1009","1","Undefined type 'imagick'."
"wordpress","wp-admin/includes/class-wp-debug-data.php","725","16","P1009","1","Undefined type 'Imagick'."
"wordpress","wp-admin/includes/class-wp-debug-data.php","726","24","P1003","4","Symbol '$e' is declared but not used."
"wordpress","wp-admin/includes/class-wp-debug-data.php","835","28","P1003","4","Symbol '$plugin_path' is declared but not used."
"wordpress","wp-admin/includes/class-wp-debug-data.php","1140","32","P1006","1","Expected type 'array|string|ArrayAccess'. Found 'bool'."
"wordpress","wp-admin/includes/class-wp-debug-data.php","1121","49","P1003","4","Symbol '$options' is declared but not used."
"wordpress","wp-admin/includes/class-wp-debug-data.php","1277","40","P1006","1","Expected type 'array|string|ArrayAccess'. Found 'bool'."
"wordpress","wp-admin/includes/class-wp-debug-data.php","1426","81","P1006","1","Expected type 'array|string|ArrayAccess'. Found 'bool'."
"wordpress","wp-admin/includes/class-wp-debug-data.php","1427","70","P1006","1","Expected type 'array|string|ArrayAccess'. Found 'bool'."
"wordpress","wp-admin/includes/class-wp-debug-data.php","1674","26","P1014","1","Undefined property '$dbh'."
"wordpress","wp-admin/includes/class-wp-debug-data.php","1676","35","P1014","1","Undefined property '$dbh'."
"wordpress","wp-admin/includes/class-wp-debug-data.php","1684","28","P1014","1","Undefined property '$dbh'."
"wordpress","wp-admin/includes/class-wp-debug-data.php","1701","25","P1014","1","Undefined property '$dbuser'."
"wordpress","wp-admin/includes/class-wp-debug-data.php","1706","25","P1014","1","Undefined property '$dbhost'."
"wordpress","wp-admin/includes/class-wp-debug-data.php","1711","25","P1014","1","Undefined property '$dbname'."
"wordpress","wp-admin/includes/class-wp-debug-data.php","1721","25","P1014","1","Undefined property '$charset'."
"wordpress","wp-admin/includes/class-wp-debug-data.php","1726","25","P1014","1","Undefined property '$collate'."
"wordpress","wp-admin/includes/class-wp-debug-data.php","1925","15","P1014","1","Undefined property '$num_rows'."
"wordpress","wp-admin/includes/class-wp-filesystem-base.php","19","30","P1133","3","PHPDoc undefined type 'max'."
"wordpress","wp-admin/includes/class-wp-filesystem-base.php","20","30","P1133","3","PHPDoc undefined type 'max'."
"wordpress","wp-admin/includes/class-wp-filesystem-base.php","157","33","P1003","4","Symbol '$base' is declared but not used."
"wordpress","wp-admin/includes/class-wp-filesystem-base.php","178","32","P1003","4","Symbol '$base' is declared but not used."
"wordpress","wp-admin/includes/class-wp-filesystem-base.php","426","28","P1003","4","Symbol '$file' is declared but not used."
"wordpress","wp-admin/includes/class-wp-filesystem-base.php","498","25","P1003","4","Symbol '$file' is declared but not used."
"wordpress","wp-admin/includes/class-wp-filesystem-base.php","498","32","P1003","4","Symbol '$owner' is declared but not used."
"wordpress","wp-admin/includes/class-wp-filesystem-base.php","498","40","P1003","4","Symbol '$recursive' is declared but not used."
"wordpress","wp-admin/includes/class-wp-filesystem-base.php","523","32","P1003","4","Symbol '$file' is declared but not used."
"wordpress","wp-admin/includes/class-wp-filesystem-base.php","536","38","P1003","4","Symbol '$file' is declared but not used."
"wordpress","wp-admin/includes/class-wp-filesystem-base.php","552","32","P1003","4","Symbol '$file' is declared but not used."
"wordpress","wp-admin/includes/class-wp-filesystem-base.php","552","39","P1003","4","Symbol '$contents' is declared but not used."
"wordpress","wp-admin/includes/class-wp-filesystem-base.php","552","50","P1003","4","Symbol '$mode' is declared but not used."
"wordpress","wp-admin/includes/class-wp-filesystem-base.php","577","25","P1003","4","Symbol '$dir' is declared but not used."
"wordpress","wp-admin/includes/class-wp-filesystem-base.php","593","25","P1003","4","Symbol '$file' is declared but not used."
"wordpress","wp-admin/includes/class-wp-filesystem-base.php","593","32","P1003","4","Symbol '$group' is declared but not used."
"wordpress","wp-admin/includes/class-wp-filesystem-base.php","593","40","P1003","4","Symbol '$recursive' is declared but not used."
"wordpress","wp-admin/includes/class-wp-filesystem-base.php","610","25","P1003","4","Symbol '$file' is declared but not used."
"wordpress","wp-admin/includes/class-wp-filesystem-base.php","610","32","P1003","4","Symbol '$mode' is declared but not used."
"wordpress","wp-admin/includes/class-wp-filesystem-base.php","610","47","P1003","4","Symbol '$recursive' is declared but not used."
"wordpress","wp-admin/includes/class-wp-filesystem-base.php","623","25","P1003","4","Symbol '$file' is declared but not used."
"wordpress","wp-admin/includes/class-wp-filesystem-base.php","636","25","P1003","4","Symbol '$file' is declared but not used."
"wordpress","wp-admin/includes/class-wp-filesystem-base.php","654","24","P1003","4","Symbol '$source' is declared but not used."
"wordpress","wp-admin/includes/class-wp-filesystem-base.php","654","33","P1003","4","Symbol '$destination' is declared but not used."
"wordpress","wp-admin/includes/class-wp-filesystem-base.php","654","47","P1003","4","Symbol '$overwrite' is declared but not used."
"wordpress","wp-admin/includes/class-wp-filesystem-base.php","654","67","P1003","4","Symbol '$mode' is declared but not used."
"wordpress","wp-admin/includes/class-wp-filesystem-base.php","670","24","P1003","4","Symbol '$source' is declared but not used."
"wordpress","wp-admin/includes/class-wp-filesystem-base.php","670","33","P1003","4","Symbol '$destination' is declared but not used."
"wordpress","wp-admin/includes/class-wp-filesystem-base.php","670","47","P1003","4","Symbol '$overwrite' is declared but not used."
"wordpress","wp-admin/includes/class-wp-filesystem-base.php","687","26","P1003","4","Symbol '$file' is declared but not used."
"wordpress","wp-admin/includes/class-wp-filesystem-base.php","687","33","P1003","4","Symbol '$recursive' is declared but not used."
"wordpress","wp-admin/includes/class-wp-filesystem-base.php","687","53","P1003","4","Symbol '$type' is declared but not used."
"wordpress","wp-admin/includes/class-wp-filesystem-base.php","700","26","P1003","4","Symbol '$path' is declared but not used."
"wordpress","wp-admin/includes/class-wp-filesystem-base.php","713","27","P1003","4","Symbol '$file' is declared but not used."
"wordpress","wp-admin/includes/class-wp-filesystem-base.php","726","26","P1003","4","Symbol '$path' is declared but not used."
"wordpress","wp-admin/includes/class-wp-filesystem-base.php","739","31","P1003","4","Symbol '$file' is declared but not used."
"wordpress","wp-admin/includes/class-wp-filesystem-base.php","752","31","P1003","4","Symbol '$path' is declared but not used."
"wordpress","wp-admin/includes/class-wp-filesystem-base.php","765","25","P1003","4","Symbol '$file' is declared but not used."
"wordpress","wp-admin/includes/class-wp-filesystem-base.php","778","25","P1003","4","Symbol '$file' is declared but not used."
"wordpress","wp-admin/includes/class-wp-filesystem-base.php","791","24","P1003","4","Symbol '$file' is declared but not used."
"wordpress","wp-admin/includes/class-wp-filesystem-base.php","810","25","P1003","4","Symbol '$file' is declared but not used."
"wordpress","wp-admin/includes/class-wp-filesystem-base.php","810","32","P1003","4","Symbol '$time' is declared but not used."
"wordpress","wp-admin/includes/class-wp-filesystem-base.php","810","43","P1003","4","Symbol '$atime' is declared but not used."
"wordpress","wp-admin/includes/class-wp-filesystem-base.php","829","25","P1003","4","Symbol '$path' is declared but not used."
"wordpress","wp-admin/includes/class-wp-filesystem-base.php","829","32","P1003","4","Symbol '$chmod' is declared but not used."
"wordpress","wp-admin/includes/class-wp-filesystem-base.php","829","48","P1003","4","Symbol '$chown' is declared but not used."
"wordpress","wp-admin/includes/class-wp-filesystem-base.php","829","64","P1003","4","Symbol '$chgrp' is declared but not used."
"wordpress","wp-admin/includes/class-wp-filesystem-base.php","844","25","P1003","4","Symbol '$path' is declared but not used."
"wordpress","wp-admin/includes/class-wp-filesystem-base.php","844","32","P1003","4","Symbol '$recursive' is declared but not used."
"wordpress","wp-admin/includes/class-wp-filesystem-base.php","885","27","P1003","4","Symbol '$path' is declared but not used."
"wordpress","wp-admin/includes/class-wp-filesystem-base.php","885","34","P1003","4","Symbol '$include_hidden' is declared but not used."
"wordpress","wp-admin/includes/class-wp-filesystem-base.php","885","58","P1003","4","Symbol '$recursive' is declared but not used."
"wordpress","wp-admin/includes/class-wp-filesystem-direct.php","252","27","P1133","3","PHPDoc undefined type 'max'."
"wordpress","wp-admin/includes/class-wp-filesystem-direct.php","297","27","P1133","3","PHPDoc undefined type 'max'."
"wordpress","wp-admin/includes/class-wp-filesystem-direct.php","202","47","P1003","4","Symbol '$filemeta' is declared but not used."
"wordpress","wp-admin/includes/class-wp-filesystem-ftpext.php","351","27","P1133","3","PHPDoc undefined type 'max'."
"wordpress","wp-admin/includes/class-wp-filesystem-ftpext.php","379","27","P1133","3","PHPDoc undefined type 'max'."
"wordpress","wp-admin/includes/class-wp-filesystem-ftpext.php","332","48","P1003","4","Symbol '$filemeta' is declared but not used."
"wordpress","wp-admin/includes/class-wp-filesystem-ftpext.php","847","22","P1003","4","Symbol '$k' is declared but not used."
"wordpress","wp-admin/includes/class-wp-filesystem-ftpsockets.php","358","27","P1133","3","PHPDoc undefined type 'max'."
"wordpress","wp-admin/includes/class-wp-filesystem-ftpsockets.php","386","27","P1133","3","PHPDoc undefined type 'max'."
"wordpress","wp-admin/includes/class-wp-filesystem-ftpsockets.php","343","48","P1003","4","Symbol '$filemeta' is declared but not used."
"wordpress","wp-admin/includes/class-wp-filesystem-ssh2.php","466","27","P1133","3","PHPDoc undefined type 'max'."
"wordpress","wp-admin/includes/class-wp-filesystem-ssh2.php","510","27","P1133","3","PHPDoc undefined type 'max'."
"wordpress","wp-admin/includes/class-wp-filesystem-ssh2.php","172","19","P1010","1","Undefined function 'ssh2_connect'."
"wordpress","wp-admin/includes/class-wp-filesystem-ssh2.php","174","19","P1010","1","Undefined function 'ssh2_connect'."
"wordpress","wp-admin/includes/class-wp-filesystem-ssh2.php","191","12","P1010","1","Undefined function 'ssh2_auth_password'."
"wordpress","wp-admin/includes/class-wp-filesystem-ssh2.php","204","12","P1010","1","Undefined function 'ssh2_auth_pubkey_file'."
"wordpress","wp-admin/includes/class-wp-filesystem-ssh2.php","218","22","P1010","1","Undefined function 'ssh2_sftp'."
"wordpress","wp-admin/includes/class-wp-filesystem-ssh2.php","272","13","P1010","1","Undefined function 'ssh2_exec'."
"wordpress","wp-admin/includes/class-wp-filesystem-ssh2.php","359","10","P1010","1","Undefined function 'ssh2_sftp_realpath'."
"wordpress","wp-admin/includes/class-wp-filesystem-ssh2.php","591","10","P1010","1","Undefined function 'ssh2_sftp_rename'."
"wordpress","wp-admin/includes/class-wp-filesystem-ssh2.php","611","11","P1010","1","Undefined function 'ssh2_sftp_unlink'."
"wordpress","wp-admin/includes/class-wp-filesystem-ssh2.php","615","11","P1010","1","Undefined function 'ssh2_sftp_rmdir'."
"wordpress","wp-admin/includes/class-wp-filesystem-ssh2.php","626","10","P1010","1","Undefined function 'ssh2_sftp_rmdir'."
"wordpress","wp-admin/includes/class-wp-filesystem-ssh2.php","773","10","P1010","1","Undefined function 'ssh2_sftp_mkdir'."
"wordpress","wp-admin/includes/class-wp-filesystem-ssh2.php","778","3","P1010","1","Undefined function 'ssh2_sftp_chmod'."
"wordpress","wp-admin/includes/class-wp-importer.php","106","52","P1014","1","Undefined property '$comments'."
"wordpress","wp-admin/includes/class-wp-importer.php","249","40","P1003","4","Symbol '$val' is declared but not used."
"wordpress","wp-admin/includes/class-wp-importer.php","289","10","P1014","1","Undefined property '$queries'."
"wordpress","wp-admin/includes/class-wp-importer.php","334","16","P1116","2","Possible undefined variable '$key'."
"wordpress","wp-admin/includes/class-wp-internal-pointers.php","115","2","P1003","4","Symbol 'print_js' is declared but not used."
"wordpress","wp-admin/includes/class-wp-list-table-compat.php","16","9","P1132","3","Property $_screen has no type information available."
"wordpress","wp-admin/includes/class-wp-list-table-compat.php","17","9","P1132","3","Property $_columns has no type information available."
"wordpress","wp-admin/includes/class-wp-media-list-table.php","539","33","P1003","4","Symbol '$post' is declared but not used."
"wordpress","wp-admin/includes/class-wp-ms-sites-list-table.php","124","35","P1014","1","Undefined property '$registration_log'."
"wordpress","wp-admin/includes/class-wp-ms-sites-list-table.php","124","67","P1014","1","Undefined property '$registration_log'."
"wordpress","wp-admin/includes/class-wp-ms-themes-list-table.php","19","9","P1132","3","Property $site_id has no type information available."
"wordpress","wp-admin/includes/class-wp-ms-themes-list-table.php","20","9","P1132","3","Property $is_site_themes has no type information available."
"wordpress","wp-admin/includes/class-wp-ms-themes-list-table.php","22","10","P1132","3","Property $has_items has no type information available."
"wordpress","wp-admin/includes/class-wp-ms-themes-list-table.php","198","32","P1116","2","Possible undefined variable '$auto_updates'."
"wordpress","wp-admin/includes/class-wp-ms-themes-list-table.php","463","28","P1116","2","Possible undefined variable '$text'."
"wordpress","wp-admin/includes/class-wp-ms-themes-list-table.php","933","28","P1003","4","Symbol '$sortable' is declared but not used."
"wordpress","wp-admin/includes/class-wp-ms-themes-list-table.php","933","39","P1003","4","Symbol '$primary' is declared but not used."
"wordpress","wp-admin/includes/class-wp-ms-themes-list-table.php","935","41","P1003","4","Symbol '$column_display_name' is declared but not used."
"wordpress","wp-admin/includes/class-wp-ms-users-list-table.php","361","8","P1006","1","Expected type 'string|Stringable|null'. Found 'void'."
"wordpress","wp-admin/includes/class-wp-posts-list-table.php","51","10","P1132","3","Property $is_trash has no type information available."
"wordpress","wp-admin/includes/class-wp-posts-list-table.php","1120","8","P1006","1","Expected type 'string|Stringable|null'. Found 'void'."
"wordpress","wp-admin/includes/class-wp-posts-list-table.php","1928","11","P1116","2","Possible undefined variable '$authors_dropdown'."
"wordpress","wp-admin/includes/class-wp-posts-list-table.php","2177","42","P1003","4","Symbol '$column_display_name' is declared but not used."
"wordpress","wp-admin/includes/class-wp-privacy-policy-content.php","177","21","P1003","4","Symbol '$old_key' is declared but not used."
"wordpress","wp-admin/includes/class-wp-privacy-policy-content.php","423","35","P1116","2","Possible undefined variable '$badge_class'."
"wordpress","wp-admin/includes/class-wp-privacy-policy-content.php","423","65","P1116","2","Possible undefined variable '$badge_title'."
"wordpress","wp-admin/includes/class-wp-privacy-requests-table.php","184","47","P1006","1","Expected type 'string|Stringable'. Found 'int'."
"wordpress","wp-admin/includes/class-wp-privacy-requests-table.php","178","37","P1003","4","Symbol '$label' is declared but not used."
"wordpress","wp-admin/includes/class-wp-privacy-requests-table.php","564","37","P1003","4","Symbol '$item' is declared but not used."
"wordpress","wp-admin/includes/class-wp-site-health-auto-updates.php","259","17","P1116","2","Possible undefined variable '$check_dir'."
"wordpress","wp-admin/includes/class-wp-site-health-auto-updates.php","260","13","P1116","2","Possible undefined variable '$vcs_dir'."
"wordpress","wp-admin/includes/class-wp-site-health-auto-updates.php","272","17","P1116","2","Possible undefined variable '$check_dir'."
"wordpress","wp-admin/includes/class-wp-site-health-auto-updates.php","273","13","P1116","2","Possible undefined variable '$vcs_dir'."
"wordpress","wp-admin/includes/class-wp-terms-list-table.php","19","9","P1132","3","Property $callback_args has no type information available."
"wordpress","wp-admin/includes/class-wp-terms-list-table.php","21","10","P1132","3","Property $level has no type information available."
"wordpress","wp-admin/includes/class-wp-terms-list-table.php","716","42","P1003","4","Symbol '$column_display_name' is declared but not used."
"wordpress","wp-admin/includes/class-wp-users-list-table.php","546","28","P1003","4","Symbol '$sortable' is declared but not used."
"wordpress","wp-admin/includes/deprecated.php","23","2","P1007","4","'wp_tiny_mce' is deprecated."
"wordpress","wp-admin/includes/deprecated.php","84","31","P1003","4","Symbol '$default_category' is declared but not used."
"wordpress","wp-admin/includes/deprecated.php","84","54","P1003","4","Symbol '$category_parent' is declared but not used."
"wordpress","wp-admin/includes/deprecated.php","84","76","P1003","4","Symbol '$popular_ids' is declared but not used."
"wordpress","wp-admin/includes/deprecated.php","101","36","P1003","4","Symbol '$default_link_category' is declared but not used."
"wordpress","wp-admin/includes/deprecated.php","151","5","P1007","4","'wp_dropdown_cats' is deprecated."
"wordpress","wp-admin/includes/deprecated.php","201","30","P1003","4","Symbol '$filename' is declared but not used."
"wordpress","wp-admin/includes/deprecated.php","239","23","P1013","1","Undefined method 'get_blog_prefix'."
"wordpress","wp-admin/includes/deprecated.php","241","23","P1013","1","Undefined method 'get_blog_prefix'."
"wordpress","wp-admin/includes/deprecated.php","243","68","P1014","1","Undefined property '$usermeta'."
"wordpress","wp-admin/includes/deprecated.php","261","14","P1007","4","'get_editable_user_ids' is deprecated."
"wordpress","wp-admin/includes/deprecated.php","301","23","P1013","1","Undefined method 'get_blog_prefix'."
"wordpress","wp-admin/includes/deprecated.php","303","23","P1013","1","Undefined method 'get_blog_prefix'."
"wordpress","wp-admin/includes/deprecated.php","305","54","P1014","1","Undefined property '$usermeta'."
"wordpress","wp-admin/includes/deprecated.php","325","23","P1013","1","Undefined method 'get_blog_prefix'."
"wordpress","wp-admin/includes/deprecated.php","327","23","P1013","1","Undefined method 'get_blog_prefix'."
"wordpress","wp-admin/includes/deprecated.php","329","68","P1014","1","Undefined property '$usermeta'."
"wordpress","wp-admin/includes/deprecated.php","520","3","P1007","4","'WP_User_Search' is deprecated."
"wordpress","wp-admin/includes/deprecated.php","543","60","P1007","4","'like_escape' is deprecated."
"wordpress","wp-admin/includes/deprecated.php","552","45","P1014","1","Undefined property '$usermeta'."
"wordpress","wp-admin/includes/deprecated.php","552","82","P1014","1","Undefined property '$usermeta'."
"wordpress","wp-admin/includes/deprecated.php","553","54","P1014","1","Undefined property '$usermeta'."
"wordpress","wp-admin/includes/deprecated.php","553","115","P1014","1","Undefined property '$usermeta'."
"wordpress","wp-admin/includes/deprecated.php","556","35","P1014","1","Undefined property '$usermeta'."
"wordpress","wp-admin/includes/deprecated.php","557","57","P1014","1","Undefined property '$usermeta'."
"wordpress","wp-admin/includes/deprecated.php","699","14","P1007","4","'get_editable_user_ids' is deprecated."
"wordpress","wp-admin/includes/deprecated.php","730","9","P1007","4","'get_others_unpublished_posts' is deprecated."
"wordpress","wp-admin/includes/deprecated.php","745","9","P1007","4","'get_others_unpublished_posts' is deprecated."
"wordpress","wp-admin/includes/deprecated.php","824","25","P1003","4","Symbol '$screen' is declared but not used."
"wordpress","wp-admin/includes/deprecated.php","844","26","P1003","4","Symbol '$screen' is declared but not used."
"wordpress","wp-admin/includes/deprecated.php","864","23","P1003","4","Symbol '$screen' is declared but not used."
"wordpress","wp-admin/includes/deprecated.php","1075","36","P1003","4","Symbol '$type' is declared but not used."
"wordpress","wp-admin/includes/deprecated.php","1086","24","P1003","4","Symbol '$title' is declared but not used."
"wordpress","wp-admin/includes/deprecated.php","1086","32","P1003","4","Symbol '$icon' is declared but not used."
"wordpress","wp-admin/includes/deprecated.php","1086","39","P1003","4","Symbol '$type' is declared but not used."
"wordpress","wp-admin/includes/deprecated.php","1086","46","P1003","4","Symbol '$id' is declared but not used."
"wordpress","wp-admin/includes/deprecated.php","1137","47","P1007","4","'image_resize' is deprecated."
"wordpress","wp-admin/includes/deprecated.php","1135","49","P1003","4","Symbol '$deprecated' is declared but not used."
"wordpress","wp-admin/includes/deprecated.php","1162","25","P1132","3","Parameter $current has no type information available."
"wordpress","wp-admin/includes/deprecated.php","1185","27","P1132","3","Parameter $plugin has no type information available."
"wordpress","wp-admin/includes/deprecated.php","1207","26","P1132","3","Parameter $theme has no type information available."
"wordpress","wp-admin/includes/deprecated.php","1226","32","P1003","4","Symbol '$id' is declared but not used."
"wordpress","wp-admin/includes/deprecated.php","1238","7","P1007","4","'get_screen_icon' is deprecated."
"wordpress","wp-admin/includes/deprecated.php","1328","39","P1003","4","Symbol '$rss' is declared but not used."
"wordpress","wp-admin/includes/deprecated.php","1356","16","P1003","4","Symbol '$frag' is declared but not used."
"wordpress","wp-admin/includes/deprecated.php","1411","30","P1003","4","Symbol '$old_ID' is declared but not used."
"wordpress","wp-admin/includes/deprecated.php","1411","39","P1003","4","Symbol '$new_ID' is declared but not used."
"wordpress","wp-admin/includes/deprecated.php","1536","24","P1132","3","Parameter $args has no type information available."
"wordpress","wp-admin/includes/deprecated.php","1554","24","P1132","3","Parameter $args has no type information available."
"wordpress","wp-admin/includes/deprecated.php","1587","50","P1003","4","Symbol '$attachment' is declared but not used."
"wordpress","wp-admin/includes/edit-tag-messages.php","54","25","P1008","1","Undefined variable '$taxonomy'."
"wordpress","wp-admin/includes/edit-tag-messages.php","55","25","P1008","1","Undefined variable '$taxonomy'."
"wordpress","wp-admin/includes/edit-tag-messages.php","56","33","P1008","1","Undefined variable '$taxonomy'."
"wordpress","wp-admin/includes/export.php","125","34","P1014","1","Undefined property '$term_relationships'."
"wordpress","wp-admin/includes/export.php","125","86","P1014","1","Undefined property '$term_relationships'."
"wordpress","wp-admin/includes/export.php","126","44","P1014","1","Undefined property '$term_relationships'."
"wordpress","wp-admin/includes/export.php","695","76","P1014","1","Undefined property '$comments'."
"wordpress","wp-admin/includes/export.php","718","74","P1014","1","Undefined property '$commentmeta'."
"wordpress","wp-admin/includes/export.php","253","11","P1007","4","'utf8_encode' is deprecated."
"wordpress","wp-admin/includes/export.php","380","73","P1014","1","Undefined property '$termmeta'."
"wordpress","wp-admin/includes/image.php","329","23","P1116","2","Possible undefined variable '$resized'."
"wordpress","wp-admin/includes/image.php","334","23","P1116","2","Possible undefined variable '$resized'."
"wordpress","wp-admin/includes/image.php","438","51","P1003","4","Symbol '$size_meta' is declared but not used."
"wordpress","wp-admin/includes/image.php","1052","20","P1007","4","'utf8_encode' is deprecated."
"wordpress","wp-admin/includes/image.php","1058","32","P1007","4","'utf8_encode' is deprecated."
"wordpress","wp-admin/includes/media.php","188","51","P1003","4","Symbol '$title' is declared but not used."
"wordpress","wp-admin/includes/media.php","188","67","P1003","4","Symbol '$url' is declared but not used."
"wordpress","wp-admin/includes/media.php","188","73","P1003","4","Symbol '$size' is declared but not used."
"wordpress","wp-admin/includes/media.php","188","80","P1003","4","Symbol '$alt' is declared but not used."
"wordpress","wp-admin/includes/media.php","952","57","P1116","2","Possible undefined variable '$html'."
"wordpress","wp-admin/includes/media.php","963","59","P1116","2","Possible undefined variable '$class'."
"wordpress","wp-admin/includes/media.php","977","55","P1116","2","Possible undefined variable '$html'."
"wordpress","wp-admin/includes/media.php","1336","57","P1003","4","Symbol '$post' is declared but not used."
"wordpress","wp-admin/includes/media.php","1349","64","P1003","4","Symbol '$post' is declared but not used."
"wordpress","wp-admin/includes/media.php","1363","69","P1003","4","Symbol '$post' is declared but not used."
"wordpress","wp-admin/includes/media.php","2425","52","P1003","4","Symbol '$errors' is declared but not used."
"wordpress","wp-admin/includes/media.php","2425","68","P1003","4","Symbol '$id' is declared but not used."
"wordpress","wp-admin/includes/media.php","2836","74","P1116","2","Possible undefined variable '$num_posts'."
"wordpress","wp-admin/includes/media.php","2836","165","P1116","2","Possible undefined variable '$num_posts'."
"wordpress","wp-admin/includes/menu.php","63","28","P1006","1","Expected type 'int'. Found ''post_type''."
"wordpress","wp-admin/includes/menu.php","126","50","P1124","3","Loop variable $data is also declared in an outer loop."
"wordpress","wp-admin/includes/ms-deprecated.php","46","22","P1132","3","Parameter $options has no type information available."
"wordpress","wp-admin/includes/ms-deprecated.php","68","38","P1003","4","Symbol '$plugin' is declared but not used."
"wordpress","wp-admin/includes/ms-deprecated.php","78","35","P1132","3","Parameter $file has no type information available."
"wordpress","wp-admin/includes/ms-deprecated.php","136","42","P1003","4","Symbol '$taxonomy' is declared but not used."
"wordpress","wp-admin/includes/ms.php","189","76","P1014","1","Undefined property '$links'."
"wordpress","wp-admin/includes/ms.php","201","71","P1014","1","Undefined property '$usermeta'."
"wordpress","wp-admin/includes/ms.php","616","34","P1003","4","Symbol '$permission' is declared but not used."
"wordpress","wp-admin/includes/ms.php","722","54","P1003","4","Symbol '$postarr' is declared but not used."
"wordpress","wp-admin/includes/ms.php","957","39","P1014","1","Undefined property '$links'."
"wordpress","wp-admin/includes/nav-menu.php","414","47","P1003","4","Symbol '$data_object' is declared but not used."
"wordpress","wp-admin/includes/nav-menu.php","861","46","P1003","4","Symbol '$data_object' is declared but not used."
"wordpress","wp-admin/includes/nav-menu.php","1441","59","P1003","4","Symbol '$k' is declared but not used."
"wordpress","wp-admin/includes/network.php","22","86","P1014","1","Undefined property '$site'."
"wordpress","wp-admin/includes/network.php","23","53","P1014","1","Undefined property '$site'."
"wordpress","wp-admin/includes/network.php","453","79","P1014","1","Undefined property '$sitemeta'."
"wordpress","wp-admin/includes/network.php","552","34","P1003","4","Symbol '$v' is declared but not used."
"wordpress","wp-admin/includes/network.php","562","36","P1003","4","Symbol '$v' is declared but not used."
"wordpress","wp-admin/includes/network.php","567","36","P1003","4","Symbol '$v' is declared but not used."
"wordpress","wp-admin/includes/plugin-install.php","313","31","P1003","4","Symbol '$deprecated' is declared but not used."
"wordpress","wp-admin/includes/privacy-tools.php","277","44","P1003","4","Symbol '$group_item_id' is declared but not used."
"wordpress","wp-admin/includes/privacy-tools.php","775","84","P1003","4","Symbol '$email_address' is declared but not used."
"wordpress","wp-admin/includes/privacy-tools.php","775","136","P1003","4","Symbol '$exporter_key' is declared but not used."
"wordpress","wp-admin/includes/privacy-tools.php","921","83","P1003","4","Symbol '$email_address' is declared but not used."
"wordpress","wp-admin/includes/privacy-tools.php","921","99","P1003","4","Symbol '$page' is declared but not used."
"wordpress","wp-admin/includes/revision.php","257","35","P1116","2","Possible undefined variable '$restore_link'."
"wordpress","wp-admin/includes/schema.php","41","45","P1014","1","Undefined property '$blogid'."
"wordpress","wp-admin/includes/schema.php","42","25","P1013","1","Undefined method 'set_blog_id'."
"wordpress","wp-admin/includes/schema.php","56","38","P1014","1","Undefined property '$termmeta'."
"wordpress","wp-admin/includes/schema.php","65","21","P1014","1","Undefined property '$terms'."
"wordpress","wp-admin/includes/schema.php","74","21","P1014","1","Undefined property '$term_taxonomy'."
"wordpress","wp-admin/includes/schema.php","85","21","P1014","1","Undefined property '$term_relationships'."
"wordpress","wp-admin/includes/schema.php","92","21","P1014","1","Undefined property '$commentmeta'."
"wordpress","wp-admin/includes/schema.php","101","21","P1014","1","Undefined property '$comments'."
"wordpress","wp-admin/includes/schema.php","124","21","P1014","1","Undefined property '$links'."
"wordpress","wp-admin/includes/schema.php","230","41","P1014","1","Undefined property '$usermeta'."
"wordpress","wp-admin/includes/schema.php","248","43","P1014","1","Undefined property '$blogs'."
"wordpress","wp-admin/includes/schema.php","265","21","P1014","1","Undefined property '$blogmeta'."
"wordpress","wp-admin/includes/schema.php","274","21","P1014","1","Undefined property '$registration_log'."
"wordpress","wp-admin/includes/schema.php","283","21","P1014","1","Undefined property '$site'."
"wordpress","wp-admin/includes/schema.php","290","21","P1014","1","Undefined property '$sitemeta'."
"wordpress","wp-admin/includes/schema.php","299","21","P1014","1","Undefined property '$signups'."
"wordpress","wp-admin/includes/schema.php","341","10","P1013","1","Undefined method 'set_blog_id'."
"wordpress","wp-admin/includes/schema.php","1039","43","P1014","1","Undefined property '$site'."
"wordpress","wp-admin/includes/schema.php","1055","11","P1014","1","Undefined property '$site'."
"wordpress","wp-admin/includes/schema.php","1064","11","P1014","1","Undefined property '$site'."
"wordpress","wp-admin/includes/schema.php","1371","36","P1014","1","Undefined property '$sitemeta'."
"wordpress","wp-admin/includes/schema.php","1314","39","P1003","4","Symbol '$mime' is declared but not used."
"wordpress","wp-admin/includes/schema.php","1418","36","P1014","1","Undefined property '$blogmeta'."
"wordpress","wp-admin/includes/theme-install.php","166","38","P1124","3","Loop variable $feature_name is also declared in an outer loop."
"wordpress","wp-admin/includes/update-core.php","1442","27","P1013","1","Undefined method 'db_version'."
"wordpress","wp-admin/includes/upgrade.php","189","11","P1014","1","Undefined property '$terms'."
"wordpress","wp-admin/includes/upgrade.php","923","92","P1014","1","Undefined property '$categories'."
"wordpress","wp-admin/includes/upgrade.php","927","26","P1014","1","Undefined property '$categories'."
"wordpress","wp-admin/includes/upgrade.php","937","71","P1014","1","Undefined property '$post2cat'."
"wordpress","wp-admin/includes/upgrade.php","952","65","P1014","1","Undefined property '$post2cat'."
"wordpress","wp-admin/includes/upgrade.php","955","13","P1014","1","Undefined property '$post2cat'."
"wordpress","wp-admin/includes/upgrade.php","980","26","P1014","1","Undefined property '$categories'."
"wordpress","wp-admin/includes/upgrade.php","981","26","P1014","1","Undefined property '$comments'."
"wordpress","wp-admin/includes/upgrade.php","982","26","P1014","1","Undefined property '$comments'."
"wordpress","wp-admin/includes/upgrade.php","983","26","P1014","1","Undefined property '$links'."
"wordpress","wp-admin/includes/upgrade.php","984","26","P1014","1","Undefined property '$links'."
"wordpress","wp-admin/includes/upgrade.php","1040","32","P1014","1","Undefined property '$comments'."
"wordpress","wp-admin/includes/upgrade.php","1075","98","P1014","1","Undefined property '$comments'."
"wordpress","wp-admin/includes/upgrade.php","1081","26","P1014","1","Undefined property '$comments'."
"wordpress","wp-admin/includes/upgrade.php","1086","88","P1014","1","Undefined property '$links'."
"wordpress","wp-admin/includes/upgrade.php","1092","26","P1014","1","Undefined property '$links'."
"wordpress","wp-admin/includes/upgrade.php","1114","31","P1014","1","Undefined property '$comments'."
"wordpress","wp-admin/includes/upgrade.php","1115","31","P1014","1","Undefined property '$comments'."
"wordpress","wp-admin/includes/upgrade.php","1213","9","P1013","1","Undefined method 'hide_errors'."
"wordpress","wp-admin/includes/upgrade.php","1217","9","P1013","1","Undefined method 'show_errors'."
"wordpress","wp-admin/includes/upgrade.php","1220","85","P1014","1","Undefined property '$comments'."
"wordpress","wp-admin/includes/upgrade.php","1323","58","P1014","1","Undefined property '$categories'."
"wordpress","wp-admin/includes/upgrade.php","1333","89","P1014","1","Undefined property '$terms'."
"wordpress","wp-admin/includes/upgrade.php","1341","76","P1014","1","Undefined property '$terms'."
"wordpress","wp-admin/includes/upgrade.php","1347","71","P1014","1","Undefined property '$terms'."
"wordpress","wp-admin/includes/upgrade.php","1348","50","P1014","1","Undefined property '$terms'."
"wordpress","wp-admin/includes/upgrade.php","1354","25","P1014","1","Undefined property '$terms'."
"wordpress","wp-admin/includes/upgrade.php","1367","54","P1014","1","Undefined property '$term_taxonomy'."
"wordpress","wp-admin/includes/upgrade.php","1374","54","P1014","1","Undefined property '$term_taxonomy'."
"wordpress","wp-admin/includes/upgrade.php","1382","26","P1014","1","Undefined property '$term_taxonomy'."
"wordpress","wp-admin/includes/upgrade.php","1389","26","P1014","1","Undefined property '$term_taxonomy'."
"wordpress","wp-admin/includes/upgrade.php","1399","59","P1014","1","Undefined property '$post2cat'."
"wordpress","wp-admin/includes/upgrade.php","1413","11","P1014","1","Undefined property '$term_relationships'."
"wordpress","wp-admin/includes/upgrade.php","1439","90","P1014","1","Undefined property '$terms'."
"wordpress","wp-admin/includes/upgrade.php","1446","27","P1014","1","Undefined property '$terms'."
"wordpress","wp-admin/includes/upgrade.php","1454","12","P1014","1","Undefined property '$term_taxonomy'."
"wordpress","wp-admin/includes/upgrade.php","1467","75","P1014","1","Undefined property '$links'."
"wordpress","wp-admin/includes/upgrade.php","1483","13","P1014","1","Undefined property '$term_relationships'."
"wordpress","wp-admin/includes/upgrade.php","1495","73","P1014","1","Undefined property '$link2cat'."
"wordpress","wp-admin/includes/upgrade.php","1505","12","P1014","1","Undefined property '$term_relationships'."
"wordpress","wp-admin/includes/upgrade.php","1520","78","P1014","1","Undefined property '$term_taxonomy'."
"wordpress","wp-admin/includes/upgrade.php","1523","74","P1014","1","Undefined property '$term_relationships'."
"wordpress","wp-admin/includes/upgrade.php","1523","138","P1014","1","Undefined property '$term_relationships'."
"wordpress","wp-admin/includes/upgrade.php","1525","74","P1014","1","Undefined property '$term_relationships'."
"wordpress","wp-admin/includes/upgrade.php","1527","25","P1014","1","Undefined property '$term_taxonomy'."
"wordpress","wp-admin/includes/upgrade.php","1542","9","P1013","1","Undefined method 'hide_errors'."
"wordpress","wp-admin/includes/upgrade.php","1546","9","P1013","1","Undefined method 'show_errors'."
"wordpress","wp-admin/includes/upgrade.php","1724","33","P1014","1","Undefined property '$usermeta'."
"wordpress","wp-admin/includes/upgrade.php","1737","37","P1014","1","Undefined property '$base_prefix'."
"wordpress","wp-admin/includes/upgrade.php","1767","37","P1014","1","Undefined property '$usermeta'."
"wordpress","wp-admin/includes/upgrade.php","1802","43","P1003","4","Symbol '$widget_id' is declared but not used."
"wordpress","wp-admin/includes/upgrade.php","1849","10","P1013","1","Undefined method 'hide_errors'."
"wordpress","wp-admin/includes/upgrade.php","1851","10","P1013","1","Undefined method 'show_errors'."
"wordpress","wp-admin/includes/upgrade.php","1855","10","P1013","1","Undefined method 'hide_errors'."
"wordpress","wp-admin/includes/upgrade.php","1856","37","P1014","1","Undefined property '$comments'."
"wordpress","wp-admin/includes/upgrade.php","1857","10","P1013","1","Undefined method 'show_errors'."
"wordpress","wp-admin/includes/upgrade.php","1861","37","P1014","1","Undefined property '$usermeta'."
"wordpress","wp-admin/includes/upgrade.php","1885","85","P1014","1","Undefined property '$links'."
"wordpress","wp-admin/includes/upgrade.php","1898","38","P1014","1","Undefined property '$usermeta'."
"wordpress","wp-admin/includes/upgrade.php","2010","62","P1014","1","Undefined property '$charset'."
"wordpress","wp-admin/includes/upgrade.php","2012","21","P1013","1","Undefined method 'tables'."
"wordpress","wp-admin/includes/upgrade.php","2014","21","P1013","1","Undefined method 'tables'."
"wordpress","wp-admin/includes/upgrade.php","2016","29","P1013","1","Undefined method 'tables'."
"wordpress","wp-admin/includes/upgrade.php","2038","27","P1013","1","Undefined method 'get_col_length'."
"wordpress","wp-admin/includes/upgrade.php","2038","50","P1014","1","Undefined property '$comments'."
"wordpress","wp-admin/includes/upgrade.php","2065","38","P1014","1","Undefined property '$comments'."
"wordpress","wp-admin/includes/upgrade.php","2297","28","P1014","1","Undefined property '$usermeta'."
"wordpress","wp-admin/includes/upgrade.php","2503","11","P1014","1","Undefined property '$usermeta'."
"wordpress","wp-admin/includes/upgrade.php","2544","81","P1014","1","Undefined property '$sitemeta'."
"wordpress","wp-admin/includes/upgrade.php","2608","62","P1014","1","Undefined property '$charset'."
"wordpress","wp-admin/includes/upgrade.php","2610","38","P1014","1","Undefined property '$usermeta'."
"wordpress","wp-admin/includes/upgrade.php","2611","38","P1014","1","Undefined property '$site'."
"wordpress","wp-admin/includes/upgrade.php","2612","38","P1014","1","Undefined property '$sitemeta'."
"wordpress","wp-admin/includes/upgrade.php","2613","38","P1014","1","Undefined property '$signups'."
"wordpress","wp-admin/includes/upgrade.php","2615","21","P1013","1","Undefined method 'tables'."
"wordpress","wp-admin/includes/upgrade.php","2629","62","P1014","1","Undefined property '$charset'."
"wordpress","wp-admin/includes/upgrade.php","2632","61","P1014","1","Undefined property '$signups'."
"wordpress","wp-admin/includes/upgrade.php","2641","39","P1014","1","Undefined property '$signups'."
"wordpress","wp-admin/includes/upgrade.php","2644","21","P1013","1","Undefined method 'tables'."
"wordpress","wp-admin/includes/upgrade.php","2718","9","P1013","1","Undefined method 'hide_errors'."
"wordpress","wp-admin/includes/upgrade.php","2727","9","P1013","1","Undefined method 'show_errors'."
"wordpress","wp-admin/includes/upgrade.php","3014","27","P1013","1","Undefined method 'tables'."
"wordpress","wp-admin/includes/upgrade.php","3015","27","P1013","1","Undefined method 'db_version'."
"wordpress","wp-admin/includes/upgrade.php","3016","27","P1013","1","Undefined method 'db_server_info'."
"wordpress","wp-admin/includes/upgrade.php","3026","25","P1013","1","Undefined method 'suppress_errors'."
"wordpress","wp-admin/includes/upgrade.php","3028","10","P1013","1","Undefined method 'suppress_errors'."
"wordpress","wp-admin/includes/upgrade.php","3683","19","P1013","1","Undefined method 'check_database_version'."
"wordpress","wp-admin/includes/upgrade.php","3717","128","P1014","1","Undefined property '$links'."
"wordpress","wp-admin/includes/upgrade.php","3751","38","P1014","1","Undefined property '$signups'."
"wordpress","wp-admin/includes/upgrade.php","3752","38","P1014","1","Undefined property '$signups'."
"wordpress","wp-admin/includes/upgrade.php","3757","38","P1014","1","Undefined property '$blogs'."
"wordpress","wp-admin/includes/upgrade.php","3758","38","P1014","1","Undefined property '$blogs'."
"wordpress","wp-admin/includes/upgrade.php","3764","38","P1014","1","Undefined property '$blogs'."
"wordpress","wp-admin/includes/upgrade.php","3765","38","P1014","1","Undefined property '$blogs'."
"wordpress","wp-admin/includes/upgrade.php","3766","38","P1014","1","Undefined property '$blogmeta'."
"wordpress","wp-admin/includes/upgrade.php","3767","38","P1014","1","Undefined property '$registration_log'."
"wordpress","wp-admin/includes/upgrade.php","3768","38","P1014","1","Undefined property '$registration_log'."
"wordpress","wp-admin/includes/upgrade.php","3769","38","P1014","1","Undefined property '$site'."
"wordpress","wp-admin/includes/upgrade.php","3770","38","P1014","1","Undefined property '$sitemeta'."
"wordpress","wp-admin/includes/upgrade.php","3771","38","P1014","1","Undefined property '$sitemeta'."
"wordpress","wp-admin/includes/upgrade.php","3772","38","P1014","1","Undefined property '$signups'."
"wordpress","wp-admin/includes/upgrade.php","3779","38","P1014","1","Undefined property '$usermeta'."
"wordpress","wp-admin/includes/upgrade.php","3781","37","P1014","1","Undefined property '$terms'."
"wordpress","wp-admin/includes/upgrade.php","3782","37","P1014","1","Undefined property '$terms'."
"wordpress","wp-admin/includes/upgrade.php","3783","37","P1014","1","Undefined property '$commentmeta'."
"wordpress","wp-admin/includes/upgrade.php","3791","51","P1014","1","Undefined property '$termmeta'."
"wordpress","wp-admin/includes/upgrade.php","3791","113","P1014","1","Undefined property '$termmeta'."
"wordpress","wp-admin/includes/upgrade.php","3792","38","P1014","1","Undefined property '$termmeta'."
"wordpress","wp-admin/includes/upgrade.php","3793","43","P1014","1","Undefined property '$termmeta'."
"wordpress","wp-admin/includes/user.php","116","63","P1003","4","Symbol '$name' is declared but not used."
"wordpress","wp-admin/includes/user.php","416","75","P1014","1","Undefined property '$links'."
"wordpress","wp-admin/includes/user.php","444","72","P1014","1","Undefined property '$usermeta'."
"wordpress","wp-admin/includes/user.php","495","40","P1003","4","Symbol '$errors' is declared but not used."
"wordpress","wp-admin/includes/user.php","594","36","P1003","4","Symbol '$text' is declared but not used."
"wordpress","wp-admin/includes/widgets.php","166","52","P1003","4","Symbol '$widget' is declared but not used."
"wordpress","wp-admin/install-helper.php","142","57","P1124","3","Loop variable $column is also declared in an outer loop."
"wordpress","wp-admin/install.php","236","25","P1013","1","Undefined method 'db_version'."
"wordpress","wp-admin/install.php","291","60","P1116","2","Possible undefined variable '$compat'."
"wordpress","wp-admin/install.php","317","26","P1014","1","Undefined property '$base_prefix'."
"wordpress","wp-admin/install.php","317","57","P1014","1","Undefined property '$base_prefix'."
"wordpress","wp-admin/install.php","403","19","P1014","1","Undefined property '$error'."
"wordpress","wp-admin/install.php","441","11","P1013","1","Undefined method 'show_errors'."
"wordpress","wp-admin/link-parse-opml.php","102","2","P1007","4","'xml_parser_free' is deprecated."
"wordpress","wp-admin/link-parse-opml.php","37","24","P1003","4","Symbol '$parser' is declared but not used."
"wordpress","wp-admin/link-parse-opml.php","76","22","P1003","4","Symbol '$parser' is declared but not used."
"wordpress","wp-admin/link-parse-opml.php","76","31","P1003","4","Symbol '$tag_name' is declared but not used."
"wordpress","wp-admin/maint/repair.php","98","19","P1013","1","Undefined method 'tables'."
"wordpress","wp-admin/menu-header.php","78","21","P1003","4","Symbol '$key' is declared but not used."
"wordpress","wp-admin/menu-header.php","205","32","P1003","4","Symbol '$sub_key' is declared but not used."
"wordpress","wp-admin/menu.php","58","5","P1116","2","Possible undefined variable '$update_data'."
"wordpress","wp-admin/menu.php","59","25","P1116","2","Possible undefined variable '$update_data'."
"wordpress","wp-admin/my-sites.php","22","29","P1008","1","Undefined variable '$current_user'."
"wordpress","wp-admin/my-sites.php","30","21","P1008","1","Undefined variable '$current_user'."
"wordpress","wp-admin/nav-menus.php","506","72","P1116","2","Possible undefined variable '$_nav_menu_selected_id'."
"wordpress","wp-admin/nav-menus.php","509","36","P1116","2","Possible undefined variable '$_nav_menu_selected_id'."
"wordpress","wp-admin/nav-menus.php","510","60","P1116","2","Possible undefined variable '$_nav_menu_selected_id'."
"wordpress","wp-admin/nav-menus.php","639","20","P1008","1","Undefined variable '$current_user'."
"wordpress","wp-admin/nav-menus.php","1161","80","P1116","2","Possible undefined variable '$hide_style'."
"wordpress","wp-admin/network/admin.php","20","55","P1008","1","Undefined variable '$current_blog'."
"wordpress","wp-admin/network/admin.php","20","78","P1008","1","Undefined variable '$current_site'."
"wordpress","wp-admin/network/admin.php","20","123","P1008","1","Undefined variable '$current_blog'."
"wordpress","wp-admin/network/admin.php","20","144","P1008","1","Undefined variable '$current_site'."
"wordpress","wp-admin/network/site-new.php","143","9","P1013","1","Undefined method 'hide_errors'."
"wordpress","wp-admin/network/site-new.php","145","9","P1013","1","Undefined method 'show_errors'."
"wordpress","wp-admin/network/site-settings.php","123","25","P1013","1","Undefined method 'get_blog_prefix'."
"wordpress","wp-admin/network/sites.php","225","44","P1124","3","Loop variable $site_id is also declared in an outer loop."
"wordpress","wp-admin/network.php","36","18","P1013","1","Undefined method 'tables'."
"wordpress","wp-admin/options-discussion.php","299","30","P1008","1","Undefined variable '$user_email'."
"wordpress","wp-admin/options-permalink.php","63","6","P1008","1","Undefined variable '$is_nginx'."
"wordpress","wp-admin/options-permalink.php","123","3","P1008","1","Undefined variable '$wp_rewrite'."
"wordpress","wp-admin/options-permalink.php","135","3","P1008","1","Undefined variable '$wp_rewrite'."
"wordpress","wp-admin/options-permalink.php","145","3","P1008","1","Undefined variable '$wp_rewrite'."
"wordpress","wp-admin/options-permalink.php","157","12","P1008","1","Undefined variable '$is_nginx'."
"wordpress","wp-admin/options-permalink.php","157","25","P1008","1","Undefined variable '$is_caddy'."
"wordpress","wp-admin/options-permalink.php","167","50","P1008","1","Undefined variable '$wp_rewrite'."
"wordpress","wp-admin/options-permalink.php","173","27","P1008","1","Undefined variable '$wp_rewrite'."
"wordpress","wp-admin/options-permalink.php","193","16","P1008","1","Undefined variable '$is_nginx'."
"wordpress","wp-admin/options-permalink.php","193","31","P1008","1","Undefined variable '$is_caddy'."
"wordpress","wp-admin/options-permalink.php","494","33","P1008","1","Undefined variable '$wp_rewrite'."
"wordpress","wp-admin/options-permalink.php","526","33","P1008","1","Undefined variable '$wp_rewrite'."
"wordpress","wp-admin/options-permalink.php","561","32","P1008","1","Undefined variable '$wp_rewrite'."
"wordpress","wp-admin/options.php","456","84","P1116","2","Possible undefined variable '$options_to_update'."
"wordpress","wp-admin/plugins.php","54","61","P1008","1","Undefined variable '$status'."
"wordpress","wp-admin/plugins.php","54","75","P1008","1","Undefined variable '$page'."
"wordpress","wp-admin/plugins.php","63","161","P1008","1","Undefined variable '$status'."
"wordpress","wp-admin/plugins.php","63","175","P1008","1","Undefined variable '$page'."
"wordpress","wp-admin/plugins.php","88","75","P1008","1","Undefined variable '$status'."
"wordpress","wp-admin/plugins.php","88","89","P1008","1","Undefined variable '$page'."
"wordpress","wp-admin/plugins.php","122","61","P1008","1","Undefined variable '$status'."
"wordpress","wp-admin/plugins.php","122","75","P1008","1","Undefined variable '$page'."
"wordpress","wp-admin/plugins.php","144","80","P1008","1","Undefined variable '$status'."
"wordpress","wp-admin/plugins.php","144","94","P1008","1","Undefined variable '$page'."
"wordpress","wp-admin/plugins.php","207","61","P1008","1","Undefined variable '$status'."
"wordpress","wp-admin/plugins.php","207","75","P1008","1","Undefined variable '$page'."
"wordpress","wp-admin/plugins.php","220","110","P1008","1","Undefined variable '$status'."
"wordpress","wp-admin/plugins.php","220","124","P1008","1","Undefined variable '$page'."
"wordpress","wp-admin/plugins.php","222","77","P1008","1","Undefined variable '$status'."
"wordpress","wp-admin/plugins.php","222","91","P1008","1","Undefined variable '$page'."
"wordpress","wp-admin/plugins.php","249","61","P1008","1","Undefined variable '$status'."
"wordpress","wp-admin/plugins.php","249","75","P1008","1","Undefined variable '$page'."
"wordpress","wp-admin/plugins.php","266","82","P1008","1","Undefined variable '$status'."
"wordpress","wp-admin/plugins.php","266","96","P1008","1","Undefined variable '$page'."
"wordpress","wp-admin/plugins.php","279","61","P1008","1","Undefined variable '$status'."
"wordpress","wp-admin/plugins.php","279","75","P1008","1","Undefined variable '$page'."
"wordpress","wp-admin/plugins.php","285","82","P1008","1","Undefined variable '$status'."
"wordpress","wp-admin/plugins.php","285","96","P1008","1","Undefined variable '$page'."
"wordpress","wp-admin/plugins.php","293","61","P1008","1","Undefined variable '$status'."
"wordpress","wp-admin/plugins.php","293","75","P1008","1","Undefined variable '$page'."
"wordpress","wp-admin/plugins.php","434","46","P1008","1","Undefined variable '$user_ID'."
"wordpress","wp-admin/plugins.php","435","87","P1008","1","Undefined variable '$status'."
"wordpress","wp-admin/plugins.php","435","101","P1008","1","Undefined variable '$page'."
"wordpress","wp-admin/plugins.php","456","96","P1008","1","Undefined variable '$status'."
"wordpress","wp-admin/plugins.php","456","110","P1008","1","Undefined variable '$page'."
"wordpress","wp-admin/plugins.php","462","72","P1008","1","Undefined variable '$status'."
"wordpress","wp-admin/plugins.php","462","86","P1008","1","Undefined variable '$page'."
"wordpress","wp-admin/plugins.php","476","60","P1008","1","Undefined variable '$status'."
"wordpress","wp-admin/plugins.php","476","76","P1008","1","Undefined variable '$page'."
"wordpress","wp-admin/post.php","146","20","P1008","1","Undefined variable '$typenow'."
"wordpress","wp-admin/press-this.php","26","24","P1009","1","Undefined type 'WP_Press_This_Plugin'."
"wordpress","wp-admin/revision.php","168","37","P1116","2","Possible undefined variable '$h1'."
"wordpress","wp-admin/revision.php","169","13","P1116","2","Possible undefined variable '$return_to_post'."
"wordpress","wp-admin/setup-config.php","331","3","P1008","1","Undefined variable '$wpdb'."
"wordpress","wp-admin/setup-config.php","337","13","P1008","1","Undefined variable '$wpdb'."
"wordpress","wp-admin/setup-config.php","338","3","P1008","1","Undefined variable '$wpdb'."
"wordpress","wp-admin/setup-config.php","339","3","P1008","1","Undefined variable '$wpdb'."
"wordpress","wp-admin/setup-config.php","341","10","P1008","1","Undefined variable '$wpdb'."
"wordpress","wp-admin/setup-config.php","364","33","P1116","2","Possible undefined variable '$secret_keys'."
"wordpress","wp-admin/setup-config.php","370","60","P1116","2","Possible undefined variable '$secret_keys'."
"wordpress","wp-admin/setup-config.php","378","13","P1116","2","Possible undefined variable '$config_file'."
"wordpress","wp-admin/setup-config.php","399","25","P1008","1","Undefined variable '$wpdb'."
"wordpress","wp-admin/setup-config.php","399","47","P1008","1","Undefined variable '$wpdb'."
"wordpress","wp-admin/setup-config.php","411","84","P1116","2","Possible undefined variable '$secret_keys'."
"wordpress","wp-admin/setup-config.php","433","14","P1116","2","Possible undefined variable '$config_file'."
"wordpress","wp-admin/setup-config.php","476","15","P1116","2","Possible undefined variable '$config_file'."
"wordpress","wp-admin/site-editor.php","335","163","P1008","1","Undefined variable '$post'."
"wordpress","wp-admin/term.php","28","30","P1008","1","Undefined variable '$taxnow'."
"wordpress","wp-admin/theme-install.php","312","38","P1008","1","Undefined variable '$paged'."
"wordpress","wp-admin/themes.php","360","16","P1008","1","Undefined variable '$submenu'."
"wordpress","wp-admin/themes.php","376","22","P1008","1","Undefined variable '$self'."
"wordpress","wp-admin/update-core.php","63","26","P1013","1","Undefined method 'db_version'."
"wordpress","wp-admin/update-core.php","782","5","P1006","1","Expected type 'array|string|ArrayAccess'. Found 'bool'."
"wordpress","wp-admin/update-core.php","788","10","P1116","2","Possible undefined variable '$auto_update_notice'."
"wordpress","wp-admin/upgrade.php","46","25","P1013","1","Undefined method 'db_version'."
"wordpress","wp-admin/upgrade.php","65","4","P1008","1","Undefined variable '$version_url'."
"wordpress","wp-admin/user/admin.php","19","52","P1008","1","Undefined variable '$current_blog'."
"wordpress","wp-admin/user/admin.php","19","75","P1008","1","Undefined variable '$current_site'."
"wordpress","wp-admin/user/admin.php","19","120","P1008","1","Undefined variable '$current_blog'."
"wordpress","wp-admin/user/admin.php","19","141","P1008","1","Undefined variable '$current_site'."
"wordpress","wp-admin/user-edit.php","114","90","P1014","1","Undefined property '$signups'."
"wordpress","wp-admin/user-edit.php","115","50","P1014","1","Undefined property '$signups'."
"wordpress","wp-admin/user-edit.php","165","153","P1014","1","Undefined property '$signups'."
"wordpress","wp-admin/user-edit.php","166","51","P1014","1","Undefined property '$signups'."
"wordpress","wp-admin/user-edit.php","334","24","P1008","1","Undefined variable '$_wp_admin_css_colors'."
"wordpress","wp-admin/user-edit.php","950","17","P1008","1","Undefined variable '$wp_roles'."
"wordpress","wp-admin/user-new.php","68","25","P1008","1","Undefined variable '$blog_id'."
"wordpress","wp-admin/users.php","118","17","P1116","2","Possible undefined variable '$redirect'."
"wordpress","wp-admin/users.php","147","17","P1008","1","Undefined variable '$current_user'."
"wordpress","wp-admin/users.php","152","10","P1008","1","Undefined variable '$wp_roles'."
"wordpress","wp-admin/users.php","175","50","P1116","2","Possible undefined variable '$redirect'."
"wordpress","wp-admin/users.php","186","17","P1116","2","Possible undefined variable '$redirect'."
"wordpress","wp-admin/users.php","211","17","P1008","1","Undefined variable '$current_user'."
"wordpress","wp-admin/users.php","238","4","P1116","2","Possible undefined variable '$redirect'."
"wordpress","wp-admin/users.php","251","17","P1116","2","Possible undefined variable '$redirect'."
"wordpress","wp-admin/users.php","264","17","P1008","1","Undefined variable '$current_user'."
"wordpress","wp-admin/users.php","281","4","P1116","2","Possible undefined variable '$redirect'."
"wordpress","wp-admin/users.php","294","17","P1116","2","Possible undefined variable '$redirect'."
"wordpress","wp-admin/users.php","310","18","P1008","1","Undefined variable '$current_user'."
"wordpress","wp-admin/users.php","311","46","P1008","1","Undefined variable '$current_user'."
"wordpress","wp-admin/users.php","348","17","P1008","1","Undefined variable '$current_user'."
"wordpress","wp-admin/users.php","387","37","P1014","1","Undefined property '$links'."
"wordpress","wp-admin/users.php","473","35","P1008","1","Undefined variable '$current_user'."
"wordpress","wp-admin/users.php","497","17","P1116","2","Possible undefined variable '$redirect'."
"wordpress","wp-admin/users.php","514","32","P1008","1","Undefined variable '$blog_id'."
"wordpress","wp-admin/users.php","517","60","P1116","2","Possible undefined variable '$redirect'."
"wordpress","wp-admin/users.php","529","17","P1116","2","Possible undefined variable '$redirect'."
"wordpress","wp-admin/widgets-form-blocks.php","97","54","P1008","1","Undefined variable '$title'."
"wordpress","wp-admin/widgets-form.php","174","20","P1008","1","Undefined variable '$wp_registered_widget_updates'."
"wordpress","wp-admin/widgets-form.php","232","26","P1008","1","Undefined variable '$wp_registered_sidebars'."
"wordpress","wp-admin/widgets-form.php","237","14","P1008","1","Undefined variable '$wp_registered_widget_controls'."
"wordpress","wp-admin/widgets-form.php","280","27","P1008","1","Undefined variable '$title'."
"wordpress","wp-admin/widgets-form.php","304","12","P1008","1","Undefined variable '$wp_registered_sidebars'."
"wordpress","wp-admin/widgets-form.php","388","16","P1008","1","Undefined variable '$title'."
"wordpress","wp-admin/widgets-form.php","477","11","P1008","1","Undefined variable '$wp_registered_sidebars'."
"plugin-production","wp-content/plugins/auto-dealership-core/auto-dealership-core.php","407","11","P1013","1","Undefined method 'add_command'."
"plugin-production","wp-content/plugins/auto-dealership-core/auto-dealership-core.php","408","11","P1013","1","Undefined method 'add_command'."
"plugin-production","wp-content/plugins/auto-dealership-core/auto-dealership-core.php","409","11","P1013","1","Undefined method 'add_command'."
"plugin-production","wp-content/plugins/auto-dealership-core/languages/labels.php","54","2","P1118","3","Duplicate array key 'brand'."
"plugin-production","wp-content/plugins/auto-dealership-core/languages/labels.php","55","2","P1118","3","Duplicate array key 'model'."
"plugin-production","wp-content/plugins/auto-dealership-core/src/Accounts/CustomerAccount.php","170","41","P1014","1","Undefined property '$usermeta'."
"plugin-production","wp-content/plugins/auto-dealership-core/src/Admin/FinanceCalculatorPage.php","11","32","P1003","4","Symbol '$hook' is declared but not used."
"plugin-production","wp-content/plugins/auto-dealership-core/src/Admin/FinanceCalculatorPage.php","23","75","P1132","3","Parameter $value has no type information available."
"plugin-production","wp-content/plugins/auto-dealership-core/src/Admin/FinanceCalculatorPage.php","4","1","P1003","4","Symbol 'Calculator' is declared but not used."
"plugin-production","wp-content/plugins/auto-dealership-core/src/Admin/InventoryIdentityPage.php","22","36","P1132","3","Parameter $result has no type information available."
"plugin-production","wp-content/plugins/auto-dealership-core/src/Admin/OperationsPages.php","145","50","P1132","3","Parameter $result has no type information available."
"plugin-production","wp-content/plugins/auto-dealership-core/src/Admin/PaymentPages.php","112","36","P1132","3","Parameter $result has no type information available."
"plugin-production","wp-content/plugins/auto-dealership-core/src/Admin/ReferencePage.php","25","36","P1132","3","Parameter $result has no type information available."
"plugin-production","wp-content/plugins/auto-dealership-core/src/Admin/RefundPage.php","25","35","P1132","3","Parameter $result has no type information available."
"plugin-production","wp-content/plugins/auto-dealership-core/src/Admin/SupplierPage.php","54","36","P1132","3","Parameter $result has no type information available."
"plugin-production","wp-content/plugins/auto-dealership-core/src/Admin/TransferPages.php","62","36","P1132","3","Parameter $result has no type information available."
"plugin-production","wp-content/plugins/auto-dealership-core/src/Admin/VehicleIssuePage.php","14","35","P1132","3","Parameter $result has no type information available."
"plugin-production","wp-content/plugins/auto-dealership-core/src/Admin/WorkflowPages.php","52","10","P1003","4","Symbol '$wpdb' is declared but not used."
"plugin-production","wp-content/plugins/auto-dealership-core/src/Admin/WorkflowPages.php","83","10","P1003","4","Symbol '$wpdb' is declared but not used."
"plugin-production","wp-content/plugins/auto-dealership-core/src/Admin/WorkflowPages.php","107","10","P1003","4","Symbol '$wpdb' is declared but not used."
"plugin-production","wp-content/plugins/auto-dealership-core/src/Admin/WorkflowPages.php","133","50","P1132","3","Parameter $result has no type information available."
"plugin-production","wp-content/plugins/auto-dealership-core/src/Admin/WorkflowPages.php","6","1","P1003","4","Symbol 'VehicleService' is declared but not used."
"plugin-production","wp-content/plugins/auto-dealership-core/src/Admin/WorkspacePage.php","87","32","P1132","3","Parameter $capabilities has no type information available."
"plugin-production","wp-content/plugins/auto-dealership-core/src/API/ResponseContract.php","15","32","P1132","3","Parameter $result has no type information available."
"plugin-production","wp-content/plugins/auto-dealership-core/src/API/ResponseContract.php","15","41","P1003","4","Symbol '$server' is declared but not used."
"plugin-production","wp-content/plugins/auto-dealership-core/src/API/ResponseContract.php","24","33","P1132","3","Parameter $response has no type information available."
"plugin-production","wp-content/plugins/auto-dealership-core/src/API/ResponseContract.php","27","58","P1080","1","Cannot access protected method WP_REST_Server::error_to_response() from ResponseContract scope."
"plugin-production","wp-content/plugins/auto-dealership-core/src/Content/PublicOfferView.php","145","33","P1132","3","Parameter $value has no type information available."
"plugin-production","wp-content/plugins/auto-dealership-core/src/Content/PublicStructuredData.php","125","42","P1132","3","Parameter $value has no type information available."
"plugin-production","wp-content/plugins/auto-dealership-core/src/Content/TermTranslations.php","41","34","P1132","3","Parameter $term has no type information available."
"plugin-production","wp-content/plugins/auto-dealership-core/src/Content/TermTranslations.php","51","32","P1132","3","Parameter $terms has no type information available."
"plugin-production","wp-content/plugins/auto-dealership-core/src/Core/LegacyLeadMigrationCommand.php","30","28","P1003","4","Symbol '$args' is declared but not used."
"plugin-production","wp-content/plugins/auto-dealership-core/src/Core/Localization.php","36","77","P1003","4","Symbol '$context' is declared but not used."
"plugin-production","wp-content/plugins/auto-dealership-core/src/Core/MigrationReportCommand.php","21","12","P1013","1","Undefined method 'success'."
"plugin-production","wp-content/plugins/auto-dealership-core/src/Core/MigrationReportCommand.php","10","28","P1003","4","Symbol '$args' is declared but not used."
"plugin-production","wp-content/plugins/auto-dealership-core/src/Core/VehicleMigrationCommand.php","34","28","P1003","4","Symbol '$args' is declared but not used."
"plugin-production","wp-content/plugins/auto-dealership-core/src/Database/SchemaGuard.php","13","31","P1132","3","Parameter $result has no type information available."
"plugin-production","wp-content/plugins/auto-dealership-core/src/Database/SchemaGuard.php","13","40","P1003","4","Symbol '$server' is declared but not used."
"plugin-production","wp-content/plugins/auto-dealership-core/src/Database/Transaction.php","22","24","P1003","4","Symbol '$error' is declared but not used."
"plugin-production","wp-content/plugins/auto-dealership-core/src/Integrations/IntegrationRegistry.php","29","24","P1003","4","Symbol '$error' is declared but not used."
"plugin-production","wp-content/plugins/auto-dealership-core/src/Integrations/IntegrationRegistry.php","86","24","P1003","4","Symbol '$error' is declared but not used."
"plugin-production","wp-content/plugins/auto-dealership-core/src/Inventory/PublicCatalog.php","293","43","P1003","4","Symbol '$column' is declared but not used."
"plugin-production","wp-content/plugins/auto-dealership-core/src/Inventory/VehicleIntakeService.php","62","37","P1132","3","Parameter $values has no type information available."
"plugin-production","wp-content/plugins/auto-dealership-core/src/Leads/CustomerIdentity.php","24","56","P1003","4","Symbol '$old_user_data' is declared but not used."
"plugin-production","wp-content/plugins/auto-dealership-core/src/Leads/CustomerIdentity.php","27","40","P1003","4","Symbol '$login' is declared but not used."
"plugin-production","wp-content/plugins/auto-dealership-core/src/Leads/CustomerIdentity.php","30","47","P1003","4","Symbol '$meta_id' is declared but not used."
"plugin-production","wp-content/plugins/auto-dealership-core/src/Leads/CustomerIdentity.php","30","84","P1003","4","Symbol '$value' is declared but not used."
"plugin-production","wp-content/plugins/auto-dealership-core/src/Leads/CustomerIdentity.php","64","41","P1014","1","Undefined property '$usermeta'."
"plugin-production","wp-content/plugins/auto-dealership-core/src/Leads/CustomerIdentity.php","99","41","P1014","1","Undefined property '$usermeta'."
"plugin-production","wp-content/plugins/auto-dealership-core/src/Pricing/Money.php","9","35","P1132","3","Parameter $value has no type information available."
"plugin-production","wp-content/plugins/auto-dealership-core/src/Pricing/Money.php","17","34","P1132","3","Parameter $minor has no type information available."
"plugin-production","wp-content/plugins/auto-dealership-core/src/Pricing/Money.php","24","34","P1132","3","Parameter $minor has no type information available."
"plugin-production","wp-content/plugins/auto-dealership-core/src/Pricing/Money.php","47","32","P1132","3","Parameter $value has no type information available."
"plugin-production","wp-content/plugins/auto-dealership-core/src/Privacy/PrivacyTools.php","11","40","P1132","3","Parameter $key has no type information available."
"plugin-production","wp-content/plugins/auto-dealership-core/src/Privacy/PrivacyTools.php","11","46","P1132","3","Parameter $value has no type information available."
"plugin-production","wp-content/plugins/auto-dealership-core/src/Privacy/PrivacyTools.php","77","58","P1014","1","Undefined property '$comments'."
"plugin-production","wp-content/plugins/auto-dealership-core/src/Privacy/PrivacyTools.php","91","48","P1003","4","Symbol '$page' is declared but not used."
"plugin-production","wp-content/plugins/auto-dealership-core/src/Privacy/PrivacyTools.php","205","177","P1014","1","Undefined property '$usermeta'."
"plugin-production","wp-content/plugins/auto-dealership-core/src/Privacy/PrivacyTools.php","244","48","P1014","1","Undefined property '$comments'."
"plugin-production","wp-content/plugins/auto-dealership-core/src/Privacy/PrivacyTools.php","253","90","P1014","1","Undefined property '$usermeta'."
"plugin-production","wp-content/plugins/auto-dealership-core/src/Privacy/PrivacyTools.php","277","83","P1014","1","Undefined property '$comments'."
"plugin-production","wp-content/plugins/auto-dealership-core/src/Privacy/PrivacyTools.php","196","47","P1003","4","Symbol '$page' is declared but not used."
"plugin-production","wp-content/plugins/auto-dealership-core/src/Reservations/ReservationService.php","54","60","P1003","4","Symbol '$error' is declared but not used."
"plugin-production","wp-content/plugins/auto-dealership-core/src/Security/SecurityAudit.php","27","32","P1003","4","Symbol '$user_login' is declared but not used."
"plugin-production","wp-content/plugins/auto-dealership-core/src/Security/SecurityAudit.php","31","57","P1003","4","Symbol '$error' is declared but not used."
"plugin-production","wp-content/plugins/auto-dealership-core/src/Security/SecurityAudit.php","58","57","P1003","4","Symbol '$new_pass' is declared but not used."
"plugin-production","wp-content/plugins/auto-dealership-core/src/Security/SecurityAudit.php","66","94","P1003","4","Symbol '$value' is declared but not used."
"plugin-production","wp-content/plugins/auto-dealership-core/src/Security/SecurityAudit.php","66","48","P1003","4","Symbol '$meta_id' is declared but not used."
"plugin-production","wp-content/plugins/auto-dealership-core/src/Security/SecurityAudit.php","67","96","P1003","4","Symbol '$value' is declared but not used."
"plugin-production","wp-content/plugins/auto-dealership-core/src/Security/SecurityAudit.php","67","50","P1003","4","Symbol '$meta_id' is declared but not used."
"plugin-production","wp-content/plugins/auto-dealership-core/src/Security/SecurityAudit.php","68","99","P1003","4","Symbol '$value' is declared but not used."
"plugin-production","wp-content/plugins/auto-dealership-core/src/Security/SecurityAudit.php","68","50","P1003","4","Symbol '$meta_ids' is declared but not used."
"plugin-production","wp-content/plugins/auto-dealership-core/src/Tools/LoanCalculator.php","90","34","P1132","3","Parameter $value has no type information available."
"plugin-production","wp-content/plugins/auto-dealership-core/src/Tools/LoanCalculator.php","91","32","P1132","3","Parameter $value has no type information available."
"plugin-production","wp-content/plugins/auto-dealership-core/src/Tools/views/loan-calculator.php","22","231","P1008","1","Undefined variable '$model'."
"plugin-production","wp-content/plugins/auto-dealership-core/src/Tools/views/loan-calculator.php","22","249","P1008","1","Undefined variable '$model'."
"plugin-tests","wp-content/plugins/auto-dealership-core/tests/account-journey.php","5","22","P1008","1","Undefined variable '$admin'."
"plugin-tests","wp-content/plugins/auto-dealership-core/tests/account-journey.php","16","43","P1008","1","Undefined variable '$admin'."
"plugin-tests","wp-content/plugins/auto-dealership-core/tests/account-workflow-scenarios.php","12","10","P1008","1","Undefined variable '$crm_pair'."
"plugin-tests","wp-content/plugins/auto-dealership-core/tests/account-workflow-scenarios.php","15","95","P1008","1","Undefined variable '$crm_document_vehicle'."
"plugin-tests","wp-content/plugins/auto-dealership-core/tests/account-workflow-scenarios.php","16","10","P1008","1","Undefined variable '$crm_parallel'."
"plugin-tests","wp-content/plugins/auto-dealership-core/tests/account-workflow-scenarios.php","16","38","P1008","1","Undefined variable '$admin'."
"plugin-tests","wp-content/plugins/auto-dealership-core/tests/account-workflow-scenarios.php","17","79","P1008","1","Undefined variable '$customers'."
"plugin-tests","wp-content/plugins/auto-dealership-core/tests/account-workflow-scenarios.php","24","18","P1008","1","Undefined variable '$make_user'."
"plugin-tests","wp-content/plugins/auto-dealership-core/tests/account-workflow-scenarios.php","26","31","P1008","1","Undefined variable '$crm_input'."
"plugin-tests","wp-content/plugins/auto-dealership-core/tests/account-workflow-scenarios.php","29","9","P1008","1","Undefined variable '$crm_submit'."
"plugin-tests","wp-content/plugins/auto-dealership-core/tests/account-workflow-scenarios.php","30","12","P1008","1","Undefined variable '$crm_customer_id'."
"plugin-tests","wp-content/plugins/auto-dealership-core/tests/account-workflow-scenarios.php","33","2","P1008","1","Undefined variable '$crm_clear_rate'."
"plugin-tests","wp-content/plugins/auto-dealership-core/tests/account-workflow-scenarios.php","34","10","P1008","1","Undefined variable '$crm_parallel'."
"plugin-tests","wp-content/plugins/auto-dealership-core/tests/account-workflow-scenarios.php","37","104","P1008","1","Undefined variable '$customers'."
"plugin-tests","wp-content/plugins/auto-dealership-core/tests/account-workflow-scenarios.php","37","212","P1008","1","Undefined variable '$crm_leads'."
"plugin-tests","wp-content/plugins/auto-dealership-core/tests/account-workflow-scenarios.php","37","322","P1008","1","Undefined variable '$crm_messages'."
"plugin-tests","wp-content/plugins/auto-dealership-core/tests/account-workflow-scenarios.php","38","57","P1008","1","Undefined variable '$customers'."
"plugin-tests","wp-content/plugins/auto-dealership-core/tests/account-workflow-scenarios.php","43","37","P1008","1","Undefined variable '$crm_input'."
"plugin-tests","wp-content/plugins/auto-dealership-core/tests/account-workflow-scenarios.php","43","66","P1008","1","Undefined variable '$crm_car'."
"plugin-tests","wp-content/plugins/auto-dealership-core/tests/account-workflow-scenarios.php","44","16","P1008","1","Undefined variable '$crm_submit'."
"plugin-tests","wp-content/plugins/auto-dealership-core/tests/account-workflow-scenarios.php","45","22","P1008","1","Undefined variable '$admin'."
"plugin-tests","wp-content/plugins/auto-dealership-core/tests/account-workflow-scenarios.php","51","16","P1008","1","Undefined variable '$vehicles'."
"plugin-tests","wp-content/plugins/auto-dealership-core/tests/account-workflow-scenarios.php","51","52","P1008","1","Undefined variable '$crm_car'."
"plugin-tests","wp-content/plugins/auto-dealership-core/tests/account-workflow-scenarios.php","51","77","P1008","1","Undefined variable '$crm_document_vehicle'."
"plugin-tests","wp-content/plugins/auto-dealership-core/tests/catalog-performance.php","34","17","P1008","1","Undefined variable '$branch_a'."
"plugin-tests","wp-content/plugins/auto-dealership-core/tests/catalog-performance.php","47","30","P1014","1","Undefined property '$num_queries'."
"plugin-tests","wp-content/plugins/auto-dealership-core/tests/catalog-performance.php","53","30","P1014","1","Undefined property '$num_queries'."
"plugin-tests","wp-content/plugins/auto-dealership-core/tests/cli-double.php","7","34","P1003","4","Symbol '$message' is declared but not used."
"plugin-tests","wp-content/plugins/auto-dealership-core/tests/currency-lifecycle.php","16","42","P1008","1","Undefined variable '$currency_branch'."
"plugin-tests","wp-content/plugins/auto-dealership-core/tests/currency-lifecycle.php","35","117","P1007","4","'curl_close' is deprecated."
"plugin-tests","wp-content/plugins/auto-dealership-core/tests/currency-lifecycle.php","51","245","P1008","1","Undefined variable '$currency_branch'."
"plugin-tests","wp-content/plugins/auto-dealership-core/tests/currency-lifecycle.php","54","104","P1008","1","Undefined variable '$currency_vehicle'."
"plugin-tests","wp-content/plugins/auto-dealership-core/tests/currency-lifecycle.php","54","149","P1008","1","Undefined variable '$currency_vehicle'."
"plugin-tests","wp-content/plugins/auto-dealership-core/tests/currency-lifecycle.php","55","83","P1008","1","Undefined variable '$currency_vehicle'."
"plugin-tests","wp-content/plugins/auto-dealership-core/tests/currency-lifecycle.php","57","77","P1008","1","Undefined variable '$currency_vehicle'."
"plugin-tests","wp-content/plugins/auto-dealership-core/tests/currency-lifecycle.php","58","84","P1008","1","Undefined variable '$currency_vehicle'."
"plugin-tests","wp-content/plugins/auto-dealership-core/tests/currency-lifecycle.php","59","81","P1008","1","Undefined variable '$currency_vehicle'."
"plugin-tests","wp-content/plugins/auto-dealership-core/tests/currency-lifecycle.php","60","77","P1008","1","Undefined variable '$currency_vehicle'."
"plugin-tests","wp-content/plugins/auto-dealership-core/tests/currency-lifecycle.php","62","152","P1008","1","Undefined variable '$currency_branch'."
"plugin-tests","wp-content/plugins/auto-dealership-core/tests/currency-lifecycle.php","65","67","P1008","1","Undefined variable '$currency_vehicle'."
"plugin-tests","wp-content/plugins/auto-dealership-core/tests/currency-lifecycle.php","74","75","P1008","1","Undefined variable '$currency_vehicle'."
"plugin-tests","wp-content/plugins/auto-dealership-core/tests/currency-lifecycle.php","5","1","P1003","4","Symbol 'Money' is declared but not used."
"plugin-tests","wp-content/plugins/auto-dealership-core/tests/customer-preferences-http.php","5","20","P1008","1","Undefined variable '$rest_path'."
"plugin-tests","wp-content/plugins/auto-dealership-core/tests/customer-preferences-http.php","6","20","P1008","1","Undefined variable '$http_request'."
"plugin-tests","wp-content/plugins/auto-dealership-core/tests/customer-preferences-http.php","7","20","P1008","1","Undefined variable '$http_auth'."
"plugin-tests","wp-content/plugins/auto-dealership-core/tests/customer-preferences-http.php","7","32","P1008","1","Undefined variable '$preference_account'."
"plugin-tests","wp-content/plugins/auto-dealership-core/tests/customer-preferences-http.php","8","56","P1008","1","Undefined variable '$http_request'."
"plugin-tests","wp-content/plugins/auto-dealership-core/tests/customer-preferences-http.php","10","96","P1008","1","Undefined variable '$preference_customer'."
"plugin-tests","wp-content/plugins/auto-dealership-core/tests/customer-preferences-http.php","11","20","P1008","1","Undefined variable '$http_request'."
"plugin-tests","wp-content/plugins/auto-dealership-core/tests/customer-preferences-http.php","12","20","P1008","1","Undefined variable '$http_request'."
"plugin-tests","wp-content/plugins/auto-dealership-core/tests/customer-preferences-http.php","13","58","P1008","1","Undefined variable '$http_request'."
"plugin-tests","wp-content/plugins/auto-dealership-core/tests/customer-preferences-http.php","15","177","P1008","1","Undefined variable '$customers'."
"plugin-tests","wp-content/plugins/auto-dealership-core/tests/customer-preferences-http.php","15","202","P1008","1","Undefined variable '$preference_customer'."
"plugin-tests","wp-content/plugins/auto-dealership-core/tests/customer-preferences-http.php","16","26","P1008","1","Undefined variable '$http_auth'."
"plugin-tests","wp-content/plugins/auto-dealership-core/tests/customer-preferences-http.php","16","38","P1008","1","Undefined variable '$account_actor'."
"plugin-tests","wp-content/plugins/auto-dealership-core/tests/customer-preferences-http.php","17","34","P1008","1","Undefined variable '$http_request'."
"plugin-tests","wp-content/plugins/auto-dealership-core/tests/customer-preferences-http.php","18","84","P1008","1","Undefined variable '$customers'."
"plugin-tests","wp-content/plugins/auto-dealership-core/tests/customer-preferences-http.php","18","149","P1008","1","Undefined variable '$account_actor'."
"plugin-tests","wp-content/plugins/auto-dealership-core/tests/customer-preferences-http.php","19","126","P1008","1","Undefined variable '$preference_customer'."
"plugin-tests","wp-content/plugins/auto-dealership-core/tests/customer-preferences-http.php","20","20","P1008","1","Undefined variable '$http_request'."
"plugin-tests","wp-content/plugins/auto-dealership-core/tests/customer-preferences-http.php","20","203","P1008","1","Undefined variable '$customers'."
"plugin-tests","wp-content/plugins/auto-dealership-core/tests/customer-preferences-http.php","20","228","P1008","1","Undefined variable '$preference_customer'."
"plugin-tests","wp-content/plugins/auto-dealership-core/tests/customer-preferences-scenarios.php","17","23","P1008","1","Undefined variable '$make_user'."
"plugin-tests","wp-content/plugins/auto-dealership-core/tests/customer-preferences-scenarios.php","34","36","P1008","1","Undefined variable '$crm_input'."
"plugin-tests","wp-content/plugins/auto-dealership-core/tests/customer-preferences-scenarios.php","38","20","P1008","1","Undefined variable '$crm_submit'."
"plugin-tests","wp-content/plugins/auto-dealership-core/tests/customer-preferences-scenarios.php","40","24","P1008","1","Undefined variable '$crm_customer_id'."
"plugin-tests","wp-content/plugins/auto-dealership-core/tests/customer-preferences-scenarios.php","41","66","P1008","1","Undefined variable '$customers'."
"plugin-tests","wp-content/plugins/auto-dealership-core/tests/customer-preferences-scenarios.php","45","22","P1008","1","Undefined variable '$sales_b'."
"plugin-tests","wp-content/plugins/auto-dealership-core/tests/customer-preferences-scenarios.php","46","24","P1008","1","Undefined variable '$sales_b'."
"plugin-tests","wp-content/plugins/auto-dealership-core/tests/customer-preferences-scenarios.php","46","80","P1008","1","Undefined variable '$sales_b'."
"plugin-tests","wp-content/plugins/auto-dealership-core/tests/customer-preferences-scenarios.php","47","22","P1008","1","Undefined variable '$admin'."
"plugin-tests","wp-content/plugins/auto-dealership-core/tests/customer-preferences-scenarios.php","48","22","P1008","1","Undefined variable '$admin'."
"plugin-tests","wp-content/plugins/auto-dealership-core/tests/customer-preferences-scenarios.php","48","76","P1008","1","Undefined variable '$admin'."
"plugin-tests","wp-content/plugins/auto-dealership-core/tests/customer-preferences-scenarios.php","52","93","P1008","1","Undefined variable '$customers'."
"plugin-tests","wp-content/plugins/auto-dealership-core/tests/customer-preferences-scenarios.php","55","22","P1008","1","Undefined variable '$break_audit'."
"plugin-tests","wp-content/plugins/auto-dealership-core/tests/customer-preferences-scenarios.php","57","25","P1008","1","Undefined variable '$break_audit'."
"plugin-tests","wp-content/plugins/auto-dealership-core/tests/customer-preferences-scenarios.php","58","93","P1008","1","Undefined variable '$customers'."
"plugin-tests","wp-content/plugins/auto-dealership-core/tests/customer-preferences-scenarios.php","62","93","P1008","1","Undefined variable '$customers'."
"plugin-tests","wp-content/plugins/auto-dealership-core/tests/customer-preferences-scenarios.php","64","26","P1008","1","Undefined variable '$crm_submit'."
"plugin-tests","wp-content/plugins/auto-dealership-core/tests/customer-preferences-scenarios.php","65","75","P1008","1","Undefined variable '$crm_customer_id'."
"plugin-tests","wp-content/plugins/auto-dealership-core/tests/customer-preferences-scenarios.php","65","201","P1008","1","Undefined variable '$customers'."
"plugin-tests","wp-content/plugins/auto-dealership-core/tests/customer-preferences-scenarios.php","5","1","P1003","4","Symbol 'Schema' is declared but not used."
"plugin-tests","wp-content/plugins/auto-dealership-core/tests/database-scenarios.php","183","8","P1013","1","Undefined method 'suppress_errors'."
"plugin-tests","wp-content/plugins/auto-dealership-core/tests/database-scenarios.php","713","3","P1007","4","'curl_close' is deprecated."
"plugin-tests","wp-content/plugins/auto-dealership-core/tests/database-scenarios.php","724","3","P1007","4","'curl_close' is deprecated."
"plugin-tests","wp-content/plugins/auto-dealership-core/tests/finance-configuration.php","9","26","P1132","3","Parameter $ok has no type information available."
"plugin-tests","wp-content/plugins/auto-dealership-core/tests/finance-configuration.php","9","30","P1132","3","Parameter $message has no type information available."
"plugin-tests","wp-content/plugins/auto-dealership-core/tests/increment-1.14.php","32","12","P1008","1","Undefined variable '$make_vehicle'."
"plugin-tests","wp-content/plugins/auto-dealership-core/tests/increment-1.14.php","33","22","P1008","1","Undefined variable '$admin'."
"plugin-tests","wp-content/plugins/auto-dealership-core/tests/increment-1.14.php","34","73","P1008","1","Undefined variable '$vehicles'."
"plugin-tests","wp-content/plugins/auto-dealership-core/tests/increment-1.14.php","35","84","P1008","1","Undefined variable '$vehicles'."
"plugin-tests","wp-content/plugins/auto-dealership-core/tests/increment-1.14.php","39","140","P1008","1","Undefined variable '$vehicles'."
"plugin-tests","wp-content/plugins/auto-dealership-core/tests/increment-1.14.php","40","94","P1008","1","Undefined variable '$vehicles'."
"plugin-tests","wp-content/plugins/auto-dealership-core/tests/increment-1.14.php","42","22","P1008","1","Undefined variable '$sales_a'."
"plugin-tests","wp-content/plugins/auto-dealership-core/tests/increment-1.14.php","44","22","P1008","1","Undefined variable '$make_user'."
"plugin-tests","wp-content/plugins/auto-dealership-core/tests/increment-1.14.php","44","77","P1008","1","Undefined variable '$branch_b'."
"plugin-tests","wp-content/plugins/auto-dealership-core/tests/increment-1.14.php","47","22","P1008","1","Undefined variable '$inventory'."
"plugin-tests","wp-content/plugins/auto-dealership-core/tests/increment-1.14.php","52","60","P1008","1","Undefined variable '$audit'."
"plugin-tests","wp-content/plugins/auto-dealership-core/tests/increment-1.14.php","54","109","P1008","1","Undefined variable '$audit'."
"plugin-tests","wp-content/plugins/auto-dealership-core/tests/increment-1.14.php","59","94","P1008","1","Undefined variable '$audit'."
"plugin-tests","wp-content/plugins/auto-dealership-core/tests/increment-1.14.php","60","161","P1008","1","Undefined variable '$audit'."
"plugin-tests","wp-content/plugins/auto-dealership-core/tests/increment-1.14.php","63","17","P1008","1","Undefined variable '$vehicles'."
"plugin-tests","wp-content/plugins/auto-dealership-core/tests/increment-1.14.php","66","16","P1008","1","Undefined variable '$vehicles'."
"plugin-tests","wp-content/plugins/auto-dealership-core/tests/increment-1.19.php","24","23","P1008","1","Undefined variable '$admin'."
"plugin-tests","wp-content/plugins/auto-dealership-core/tests/increment-1.19.php","38","21","P1008","1","Undefined variable '$make_user'."
"plugin-tests","wp-content/plugins/auto-dealership-core/tests/increment-1.19.php","38","86","P1008","1","Undefined variable '$branch_a'."
"plugin-tests","wp-content/plugins/auto-dealership-core/tests/increment-1.19.php","39","25","P1008","1","Undefined variable '$make_vehicle'."
"plugin-tests","wp-content/plugins/auto-dealership-core/tests/increment-1.19.php","40","23","P1008","1","Undefined variable '$sales_a'."
"plugin-tests","wp-content/plugins/auto-dealership-core/tests/increment-1.19.php","41","64","P1008","1","Undefined variable '$customer_a'."
"plugin-tests","wp-content/plugins/auto-dealership-core/tests/increment-1.19.php","41","99","P1008","1","Undefined variable '$date'."
"plugin-tests","wp-content/plugins/auto-dealership-core/tests/increment-1.19.php","50","23","P1008","1","Undefined variable '$manager_a'."
"plugin-tests","wp-content/plugins/auto-dealership-core/tests/increment-1.19.php","55","18","P1008","1","Undefined variable '$make_vehicle'."
"plugin-tests","wp-content/plugins/auto-dealership-core/tests/increment-1.19.php","57","23","P1008","1","Undefined variable '$sales_a'."
"plugin-tests","wp-content/plugins/auto-dealership-core/tests/increment-1.19.php","58","65","P1008","1","Undefined variable '$customer_a'."
"plugin-tests","wp-content/plugins/auto-dealership-core/tests/increment-1.19.php","58","93","P1008","1","Undefined variable '$date'."
"plugin-tests","wp-content/plugins/auto-dealership-core/tests/increment-1.19.php","61","23","P1008","1","Undefined variable '$manager_a'."
"plugin-tests","wp-content/plugins/auto-dealership-core/tests/increment-1.19.php","65","21","P1008","1","Undefined variable '$make_vehicle'."
"plugin-tests","wp-content/plugins/auto-dealership-core/tests/increment-1.19.php","66","17","P1008","1","Undefined variable '$vehicles'."
"plugin-tests","wp-content/plugins/auto-dealership-core/tests/increment-1.20.php","9","22","P1008","1","Undefined variable '$admin'."
"plugin-tests","wp-content/plugins/auto-dealership-core/tests/increment-1.20.php","73","195","P1008","1","Undefined variable '$branch_a'."
"plugin-tests","wp-content/plugins/auto-dealership-core/tests/increment-1.20.php","74","192","P1008","1","Undefined variable '$branch_a'."
"plugin-tests","wp-content/plugins/auto-dealership-core/tests/increment-1.20.php","87","197","P1008","1","Undefined variable '$branch_a'."
"plugin-tests","wp-content/plugins/auto-dealership-core/tests/increment-1.20.php","103","426","P1008","1","Undefined variable '$branch_a'."
"plugin-tests","wp-content/plugins/auto-dealership-core/tests/increment-1.22.php","44","118","P1008","1","Undefined variable '$branch_a'."
"plugin-tests","wp-content/plugins/auto-dealership-core/tests/increment-1.22.php","53","23","P1008","1","Undefined variable '$sales_a'."
"plugin-tests","wp-content/plugins/auto-dealership-core/tests/increment-1.22.php","57","23","P1008","1","Undefined variable '$admin'."
"plugin-tests","wp-content/plugins/auto-dealership-core/tests/increment-1.22.php","68","23","P1008","1","Undefined variable '$break_audit'."
"plugin-tests","wp-content/plugins/auto-dealership-core/tests/increment-1.22.php","70","26","P1008","1","Undefined variable '$break_audit'."
"plugin-tests","wp-content/plugins/auto-dealership-core/tests/increment-1.24.php","19","23","P1008","1","Undefined variable '$sales_a'."
"plugin-tests","wp-content/plugins/auto-dealership-core/tests/increment-1.24.php","23","23","P1008","1","Undefined variable '$manager_a'."
"plugin-tests","wp-content/plugins/auto-dealership-core/tests/increment-1.24.php","28","207","P1008","1","Undefined variable '$branch_a'."
"plugin-tests","wp-content/plugins/auto-dealership-core/tests/increment-1.24.php","33","211","P1008","1","Undefined variable '$branch_a'."
"plugin-tests","wp-content/plugins/auto-dealership-core/tests/increment-1.24.php","36","151","P1008","1","Undefined variable '$branch_a'."
"plugin-tests","wp-content/plugins/auto-dealership-core/tests/increment-1.24.php","82","130","P1008","1","Undefined variable '$branch_a'."
"plugin-tests","wp-content/plugins/auto-dealership-core/tests/increment-1.25.php","31","76","P1008","1","Undefined variable '$branch_a'."
"plugin-tests","wp-content/plugins/auto-dealership-core/tests/increment-1.25.php","35","84","P1008","1","Undefined variable '$branch_a'."
"plugin-tests","wp-content/plugins/auto-dealership-core/tests/increment-1.25.php","41","81","P1008","1","Undefined variable '$branch_a'."
"plugin-tests","wp-content/plugins/auto-dealership-core/tests/increment-1.25.php","70","82","P1008","1","Undefined variable '$branch_a'."
"plugin-tests","wp-content/plugins/auto-dealership-core/tests/increment-1.25.php","71","84","P1008","1","Undefined variable '$branch_a'."
"plugin-tests","wp-content/plugins/auto-dealership-core/tests/increment-1.25.php","79","23","P1008","1","Undefined variable '$sales_a'."
"plugin-tests","wp-content/plugins/auto-dealership-core/tests/increment-1.25.php","80","25","P1008","1","Undefined variable '$make_vehicle'."
"plugin-tests","wp-content/plugins/auto-dealership-core/tests/increment-1.25.php","81","115","P1008","1","Undefined variable '$customer_a'."
"plugin-tests","wp-content/plugins/auto-dealership-core/tests/increment-1.25.php","89","20","P1008","1","Undefined variable '$make_vehicle'."
"plugin-tests","wp-content/plugins/auto-dealership-core/tests/increment-1.25.php","94","105","P1008","1","Undefined variable '$customer_a'."
"plugin-tests","wp-content/plugins/auto-dealership-core/tests/increment-1.26.php","47","25","P1008","1","Undefined variable '$make_user'."
"plugin-tests","wp-content/plugins/auto-dealership-core/tests/increment-1.26.php","47","94","P1008","1","Undefined variable '$branch_a'."
"plugin-tests","wp-content/plugins/auto-dealership-core/tests/increment-1.26.php","48","23","P1008","1","Undefined variable '$sales_a'."
"plugin-tests","wp-content/plugins/auto-dealership-core/tests/increment-1.26.php","56","81","P1008","1","Undefined variable '$branch_a'."
"plugin-tests","wp-content/plugins/auto-dealership-core/tests/increment-1.26.php","83","23","P1008","1","Undefined variable '$break_audit'."
"plugin-tests","wp-content/plugins/auto-dealership-core/tests/increment-1.26.php","85","26","P1008","1","Undefined variable '$break_audit'."
"plugin-tests","wp-content/plugins/auto-dealership-core/tests/increment-1.26.php","89","81","P1008","1","Undefined variable '$branch_a'."
"plugin-tests","wp-content/plugins/auto-dealership-core/tests/increment-1.26.php","94","23","P1008","1","Undefined variable '$sales_a'."
"plugin-tests","wp-content/plugins/auto-dealership-core/tests/increment-1.26.php","105","90","P1008","1","Undefined variable '$branch_a'."
"plugin-tests","wp-content/plugins/auto-dealership-core/tests/increment-1.28.php","22","23","P1008","1","Undefined variable '$admin'."
"plugin-tests","wp-content/plugins/auto-dealership-core/tests/increment-1.28.php","23","20","P1008","1","Undefined variable '$make_user'."
"plugin-tests","wp-content/plugins/auto-dealership-core/tests/increment-1.28.php","23","81","P1008","1","Undefined variable '$branch_a'."
"plugin-tests","wp-content/plugins/auto-dealership-core/tests/increment-1.28.php","24","26","P1008","1","Undefined variable '$make_user'."
"plugin-tests","wp-content/plugins/auto-dealership-core/tests/increment-1.28.php","24","93","P1008","1","Undefined variable '$branch_b'."
"plugin-tests","wp-content/plugins/auto-dealership-core/tests/increment-1.28.php","25","18","P1008","1","Undefined variable '$make_user'."
"plugin-tests","wp-content/plugins/auto-dealership-core/tests/increment-1.28.php","25","75","P1008","1","Undefined variable '$branch_a'."
"plugin-tests","wp-content/plugins/auto-dealership-core/tests/increment-1.28.php","29","23","P1008","1","Undefined variable '$inventory'."
"plugin-tests","wp-content/plugins/auto-dealership-core/tests/increment-1.28.php","40","29","P1008","1","Undefined variable '$make_vehicle'."
"plugin-tests","wp-content/plugins/auto-dealership-core/tests/increment-1.28.php","49","23","P1008","1","Undefined variable '$inventory'."
"plugin-tests","wp-content/plugins/auto-dealership-core/tests/increment-1.28.php","52","23","P1008","1","Undefined variable '$admin'."
"plugin-tests","wp-content/plugins/auto-dealership-core/tests/increment-1.28.php","56","24","P1008","1","Undefined variable '$make_vehicle'."
"plugin-tests","wp-content/plugins/auto-dealership-core/tests/increment-crm-http.php","5","1","P1003","4","Symbol 'CustomerIdentity' is declared but not used."
"plugin-tests","wp-content/plugins/auto-dealership-core/tests/increment-crm.php","17","71","P1008","1","Undefined variable '$customers'."
"plugin-tests","wp-content/plugins/auto-dealership-core/tests/increment-crm.php","19","28","P1008","1","Undefined variable '$customers'."
"plugin-tests","wp-content/plugins/auto-dealership-core/tests/increment-crm.php","23","138","P1008","1","Undefined variable '$customers'."
"plugin-tests","wp-content/plugins/auto-dealership-core/tests/increment-crm.php","31","47","P1008","1","Undefined variable '$customers'."
"plugin-tests","wp-content/plugins/auto-dealership-core/tests/increment-crm.php","31","118","P1008","1","Undefined variable '$audit'."
"plugin-tests","wp-content/plugins/auto-dealership-core/tests/increment-crm.php","32","105","P1008","1","Undefined variable '$customers'."
"plugin-tests","wp-content/plugins/auto-dealership-core/tests/increment-crm.php","32","176","P1008","1","Undefined variable '$audit'."
"plugin-tests","wp-content/plugins/auto-dealership-core/tests/increment-crm.php","42","115","P1008","1","Undefined variable '$branch_b'."
"plugin-tests","wp-content/plugins/auto-dealership-core/tests/increment-crm.php","58","12","P1008","1","Undefined variable '$error_is'."
"plugin-tests","wp-content/plugins/auto-dealership-core/tests/increment-crm.php","59","18","P1008","1","Undefined variable '$customers'."
"plugin-tests","wp-content/plugins/auto-dealership-core/tests/increment-crm.php","59","74","P1008","1","Undefined variable '$audit'."
"plugin-tests","wp-content/plugins/auto-dealership-core/tests/increment-crm.php","60","12","P1008","1","Undefined variable '$with_sql_failure'."
"plugin-tests","wp-content/plugins/auto-dealership-core/tests/increment-crm.php","64","12","P1008","1","Undefined variable '$error_is'."
"plugin-tests","wp-content/plugins/auto-dealership-core/tests/increment-crm.php","68","22","P1116","2","Possible undefined variable '$crm_rate_result'."
"plugin-tests","wp-content/plugins/auto-dealership-core/tests/increment-crm.php","68","44","P1008","1","Undefined variable '$error_is'."
"plugin-tests","wp-content/plugins/auto-dealership-core/tests/increment-crm.php","72","16","P1008","1","Undefined variable '$make_user'."
"plugin-tests","wp-content/plugins/auto-dealership-core/tests/increment-crm.php","80","80","P1008","1","Undefined variable '$customers'."
"plugin-tests","wp-content/plugins/auto-dealership-core/tests/increment-crm.php","82","148","P1008","1","Undefined variable '$customers'."
"plugin-tests","wp-content/plugins/auto-dealership-core/tests/increment-crm.php","83","12","P1008","1","Undefined variable '$error_is'."
"plugin-tests","wp-content/plugins/auto-dealership-core/tests/increment-crm.php","85","165","P1008","1","Undefined variable '$customers'."
"plugin-tests","wp-content/plugins/auto-dealership-core/tests/increment-crm.php","87","22","P1008","1","Undefined variable '$admin'."
"plugin-tests","wp-content/plugins/auto-dealership-core/tests/increment-crm.php","88","42","P1008","1","Undefined variable '$sales_b'."
"plugin-tests","wp-content/plugins/auto-dealership-core/tests/increment-crm.php","89","22","P1008","1","Undefined variable '$sales_a'."
"plugin-tests","wp-content/plugins/auto-dealership-core/tests/increment-crm.php","90","12","P1008","1","Undefined variable '$error_is'."
"plugin-tests","wp-content/plugins/auto-dealership-core/tests/increment-crm.php","91","22","P1008","1","Undefined variable '$sales_b'."
"plugin-tests","wp-content/plugins/auto-dealership-core/tests/increment-crm.php","95","12","P1008","1","Undefined variable '$error_is'."
"plugin-tests","wp-content/plugins/auto-dealership-core/tests/increment-crm.php","97","11","P1008","1","Undefined variable '$with_sql_failure'."
"plugin-tests","wp-content/plugins/auto-dealership-core/tests/increment-crm.php","97","84","P1008","1","Undefined variable '$audit'."
"plugin-tests","wp-content/plugins/auto-dealership-core/tests/increment-crm.php","100","12","P1008","1","Undefined variable '$error_is'."
"plugin-tests","wp-content/plugins/auto-dealership-core/tests/increment-crm.php","103","49","P1008","1","Undefined variable '$audit'."
"plugin-tests","wp-content/plugins/auto-dealership-core/tests/increment-crm.php","106","12","P1008","1","Undefined variable '$error_is'."
"plugin-tests","wp-content/plugins/auto-dealership-core/tests/increment-crm.php","109","22","P1008","1","Undefined variable '$admin'."
"plugin-tests","wp-content/plugins/auto-dealership-core/tests/increment-crm.php","116","12","P1008","1","Undefined variable '$error_is'."
"plugin-tests","wp-content/plugins/auto-dealership-core/tests/increment-crm.php","117","22","P1008","1","Undefined variable '$admin'."
"plugin-tests","wp-content/plugins/auto-dealership-core/tests/increment-crm.php","119","12","P1008","1","Undefined variable '$error_is'."
"plugin-tests","wp-content/plugins/auto-dealership-core/tests/increment-crm.php","120","12","P1008","1","Undefined variable '$error_is'."
"plugin-tests","wp-content/plugins/auto-dealership-core/tests/increment-crm.php","122","12","P1008","1","Undefined variable '$error_is'."
"plugin-tests","wp-content/plugins/auto-dealership-core/tests/increment-crm.php","125","22","P1008","1","Undefined variable '$sales_b'."
"plugin-tests","wp-content/plugins/auto-dealership-core/tests/increment-crm.php","126","12","P1008","1","Undefined variable '$error_is'."
"plugin-tests","wp-content/plugins/auto-dealership-core/tests/increment-crm.php","133","28","P1003","4","Symbol '$i' is declared but not used."
"plugin-tests","wp-content/plugins/auto-dealership-core/tests/increment-crm.php","138","12","P1008","1","Undefined variable '$error_is'."
"plugin-tests","wp-content/plugins/auto-dealership-core/tests/increment-crm.php","139","22","P1008","1","Undefined variable '$admin'."
"plugin-tests","wp-content/plugins/auto-dealership-core/tests/increment-crm.php","142","12","P1008","1","Undefined variable '$error_is'."
"plugin-tests","wp-content/plugins/auto-dealership-core/tests/increment-crm.php","143","12","P1008","1","Undefined variable '$error_is'."
"plugin-tests","wp-content/plugins/auto-dealership-core/tests/increment-crm.php","145","35","P1008","1","Undefined variable '$audit'."
"plugin-tests","wp-content/plugins/auto-dealership-core/tests/increment-crm.php","146","12","P1008","1","Undefined variable '$with_sql_failure'."
"plugin-tests","wp-content/plugins/auto-dealership-core/tests/increment-crm.php","147","263","P1008","1","Undefined variable '$customers'."
"plugin-tests","wp-content/plugins/auto-dealership-core/tests/increment-crm.php","149","52","P1008","1","Undefined variable '$sales_b'."
"plugin-tests","wp-content/plugins/auto-dealership-core/tests/localization.php","11","24","P1132","3","Parameter $value has no type information available."
"plugin-tests","wp-content/plugins/auto-dealership-core/tests/localization.php","12","22","P1132","3","Parameter $value has no type information available."
"plugin-tests","wp-content/plugins/auto-dealership-core/tests/localization.php","13","22","P1132","3","Parameter $hook has no type information available."
"plugin-tests","wp-content/plugins/auto-dealership-core/tests/localization.php","13","29","P1132","3","Parameter $callback has no type information available."
"plugin-tests","wp-content/plugins/auto-dealership-core/tests/localization.php","13","56","P1003","4","Symbol '$args' is declared but not used."
"plugin-tests","wp-content/plugins/auto-dealership-core/tests/localization.php","14","22","P1132","3","Parameter $hook has no type information available."
"plugin-tests","wp-content/plugins/auto-dealership-core/tests/localization.php","14","29","P1132","3","Parameter $callback has no type information available."
"plugin-tests","wp-content/plugins/auto-dealership-core/tests/localization.php","15","28","P1003","4","Symbol '$parent' is declared but not used."
"plugin-tests","wp-content/plugins/auto-dealership-core/tests/localization.php","15","37","P1132","3","Parameter $page_title has no type information available."
"plugin-tests","wp-content/plugins/auto-dealership-core/tests/localization.php","15","50","P1132","3","Parameter $menu_title has no type information available."
"plugin-tests","wp-content/plugins/auto-dealership-core/tests/localization.php","15","63","P1003","4","Symbol '$capability' is declared but not used."
"plugin-tests","wp-content/plugins/auto-dealership-core/tests/localization.php","15","76","P1132","3","Parameter $slug has no type information available."
"plugin-tests","wp-content/plugins/auto-dealership-core/tests/localization.php","15","83","P1003","4","Symbol '$callback' is declared but not used."
"plugin-tests","wp-content/plugins/auto-dealership-core/tests/localization.php","18","25","P1132","3","Parameter $hook has no type information available."
"plugin-tests","wp-content/plugins/auto-dealership-core/tests/localization.php","18","32","P1132","3","Parameter $value has no type information available."
"plugin-tests","wp-content/plugins/auto-dealership-core/tests/localization.php","18","43","P1132","3","Parameter $args has no type information available."
"plugin-tests","wp-content/plugins/auto-dealership-core/tests/localization.php","23","14","P1132","3","Parameter $text has no type information available."
"plugin-tests","wp-content/plugins/auto-dealership-core/tests/localization.php","34","17","P1132","3","Parameter $condition has no type information available."
"plugin-tests","wp-content/plugins/auto-dealership-core/tests/localization.php","34","29","P1132","3","Parameter $description has no type information available."
"plugin-tests","wp-content/plugins/auto-dealership-core/tests/migration-concurrency.php","11","177","P1008","1","Undefined variable '$admin'."
"plugin-tests","wp-content/plugins/auto-dealership-core/tests/migration-concurrency.php","11","212","P1008","1","Undefined variable '$parallel_post'."
"plugin-tests","wp-content/plugins/auto-dealership-core/tests/migration-concurrency.php","28","70","P1008","1","Undefined variable '$vehicles'."
"plugin-tests","wp-content/plugins/auto-dealership-core/tests/migration-concurrency.php","28","106","P1008","1","Undefined variable '$parallel_post'."
"plugin-tests","wp-content/plugins/auto-dealership-core/tests/migration-concurrency.php","29","78","P1008","1","Undefined variable '$vehicles'."
"plugin-tests","wp-content/plugins/auto-dealership-core/tests/migration-concurrency.php","29","114","P1008","1","Undefined variable '$parallel_post'."
"plugin-tests","wp-content/plugins/auto-dealership-core/tests/migration-concurrency.php","29","380","P1008","1","Undefined variable '$audit'."
"plugin-tests","wp-content/plugins/auto-dealership-core/tests/newsletter-language.php","5","22","P1132","3","Parameter $value has no type information available."
"plugin-tests","wp-content/plugins/auto-dealership-core/tests/newsletter-language.php","6","24","P1132","3","Parameter $value has no type information available."
"plugin-tests","wp-content/plugins/auto-dealership-core/tests/newsletter-language.php","7","26","P1132","3","Parameter $value has no type information available."
"plugin-tests","wp-content/plugins/auto-dealership-core/tests/newsletter-language.php","8","20","P1132","3","Parameter $value has no type information available."
"plugin-tests","wp-content/plugins/auto-dealership-core/tests/newsletter-language.php","10","14","P1132","3","Parameter $text has no type information available."
"plugin-tests","wp-content/plugins/auto-dealership-core/tests/newsletter-language.php","10","21","P1003","4","Symbol '$domain' is declared but not used."
"plugin-tests","wp-content/plugins/auto-dealership-core/tests/newsletter-language.php","14","30","P1132","3","Parameter $payload has no type information available."
"plugin-tests","wp-content/plugins/auto-dealership-core/tests/newsletter-language.php","14","40","P1132","3","Parameter $status has no type information available."
"plugin-tests","wp-content/plugins/auto-dealership-core/tests/stored-translations-route.php","13","11","P1008","1","Undefined variable '$wp_filter'."
"plugin-tests","wp-content/plugins/auto-dealership-core/tests/theme-cutover.php","21","123","P1007","4","'curl_close' is deprecated."
"third-party-content","wp-content/plugins/meta-box/inc/core.php","74","49","P1132","3","Parameter $post has no type information available."
"third-party-content","wp-content/plugins/meta-box/inc/fields/choice.php","40","44","P1132","3","Parameter $options has no type information available."
"third-party-content","wp-content/plugins/meta-box/inc/fields/datetime.php","194","41","P1132","3","Parameter $meta has no type information available."
"third-party-content","wp-content/plugins/meta-box/inc/fields/datetime.php","204","43","P1132","3","Parameter $meta has no type information available."
"third-party-content","wp-content/plugins/meta-box/inc/fields/file.php","125","40","P1132","3","Parameter $needle has no type information available."
"third-party-content","wp-content/plugins/meta-box/inc/fields/file.php","125","49","P1132","3","Parameter $haystack has no type information available."
"third-party-content","wp-content/plugins/meta-box/inc/fields/file.php","466","43","P1003","4","Symbol '$args' is declared but not used."
"third-party-content","wp-content/plugins/meta-box/inc/fields/icon.php","139","56","P1132","3","Parameter $key has no type information available."
"third-party-content","wp-content/plugins/meta-box/inc/fields/icon.php","139","62","P1132","3","Parameter $icon has no type information available."
"third-party-content","wp-content/plugins/meta-box/inc/fields/icon.php","80","2","P1003","4","Symbol 'parse_icon_file' is declared but not used."
"third-party-content","wp-content/plugins/meta-box/inc/fields/icon.php","98","2","P1003","4","Symbol 'parse_icon_css' is declared but not used."
"third-party-content","wp-content/plugins/meta-box/inc/fields/icon.php","117","2","P1003","4","Symbol 'parse_icon_dir' is declared but not used."
"third-party-content","wp-content/plugins/meta-box/inc/fields/object-choice.php","31","41","P1132","3","Parameter $meta has no type information available."
"third-party-content","wp-content/plugins/meta-box/inc/fields/object-choice.php","50","39","P1003","4","Symbol '$field' is declared but not used."
"third-party-content","wp-content/plugins/meta-box/inc/fields/post.php","18","44","P1007","4","'FILTER_DEFAULT' is deprecated."
"third-party-content","wp-content/plugins/meta-box/inc/fields/post.php","103","32","P1132","3","Parameter $meta has no type information available."
"third-party-content","wp-content/plugins/meta-box/inc/fields/sidebar.php","18","32","P1132","3","Parameter $meta has no type information available."
"third-party-content","wp-content/plugins/meta-box/inc/fields/taxonomy.php","18","44","P1007","4","'FILTER_DEFAULT' is deprecated."
"third-party-content","wp-content/plugins/meta-box/inc/fields/taxonomy.php","113","32","P1132","3","Parameter $meta has no type information available."
"third-party-content","wp-content/plugins/meta-box/inc/fields/taxonomy.php","303","32","P1119","3","Too many arguments. Expected 0. Found 1."
"third-party-content","wp-content/plugins/meta-box/inc/fields/user.php","19","44","P1007","4","'FILTER_DEFAULT' is deprecated."
"third-party-content","wp-content/plugins/meta-box/inc/fields/user.php","97","32","P1132","3","Parameter $meta has no type information available."
"third-party-content","wp-content/plugins/meta-box/inc/fields/video.php","60","67","P1003","4","Symbol '$label' is declared but not used."
"third-party-content","wp-content/plugins/meta-box/inc/functions.php","272","53","P1003","4","Symbol '$key' is declared but not used."
"third-party-content","wp-content/plugins/meta-box/inc/meta-box-registry.php","28","23","P1132","3","Parameter $id has no type information available."
"third-party-content","wp-content/plugins/meta-box/inc/meta-box.php","193","39","P1132","3","Parameter $screen has no type information available."
"third-party-content","wp-content/plugins/meta-box/inc/meta-box.php","239","41","P1132","3","Parameter $fields has no type information available."
"third-party-content","wp-content/plugins/meta-box/inc/meta-box.php","312","36","P1132","3","Parameter $meta_box has no type information available."
"third-party-content","wp-content/plugins/meta-box/inc/sanitizer.php","239","33","P1132","3","Parameter $value has no type information available."
"third-party-content","wp-content/plugins/meta-box/inc/sanitizer.php","250","47","P1132","3","Parameter $value has no type information available."
"third-party-content","wp-content/plugins/meta-box/inc/shortcode.php","9","38","P1132","3","Parameter $atts has no type information available."
"third-party-content","wp-content/plugins/meta-box/inc/shortcode.php","41","30","P1132","3","Parameter $field_id has no type information available."
"third-party-content","wp-content/plugins/meta-box/inc/shortcode.php","41","41","P1132","3","Parameter $object_id has no type information available."
"third-party-content","wp-content/plugins/meta-box/inc/shortcode.php","41","53","P1132","3","Parameter $atts has no type information available."
"third-party-content","wp-content/plugins/meta-box/inc/shortcode.php","77","44","P1132","3","Parameter $object_id has no type information available."
"third-party-content","wp-content/plugins/meta-box/inc/shortcode.php","77","56","P1132","3","Parameter $atts has no type information available."
"third-party-content","wp-content/plugins/meta-box/src/Dashboard/Dashboard.php","8","10","P1132","3","Property $assets_url has no type information available."
"third-party-content","wp-content/plugins/meta-box/src/Dashboard/Dashboard.php","10","31","P1132","3","Parameter $update_checker has no type information available."
"third-party-content","wp-content/plugins/meta-box/src/Dashboard/Dashboard.php","10","48","P1132","3","Parameter $update_option has no type information available."
"third-party-content","wp-content/plugins/meta-box/src/Dashboard/Dashboard.php","19","35","P1132","3","Parameter $update_checker has no type information available."
"third-party-content","wp-content/plugins/meta-box/src/Dashboard/Dashboard.php","19","52","P1132","3","Parameter $update_option has no type information available."
"third-party-content","wp-content/plugins/meta-box/src/Dashboard/Dashboard.php","6","2","P1003","4","Symbol '$has_actions' is declared but not used."
"third-party-content","wp-content/plugins/meta-box/src/Dashboard/Dashboard.php","7","2","P1003","4","Symbol '$is_aio' is declared but not used."
"third-party-content","wp-content/plugins/meta-box/src/Dashboard/Dashboard.php","164","2","P1003","4","Symbol 'get_plugin_status' is declared but not used."
"third-party-content","wp-content/plugins/meta-box/src/Integrations/Block.php","9","43","P1132","3","Parameter $categories has no type information available."
"third-party-content","wp-content/plugins/meta-box/src/Integrations/Elementor.php","10","3","P1009","1","Undefined type 'Elementor\Plugin'."
"third-party-content","wp-content/plugins/meta-box/src/Integrations/Oxygen.php","14","3","P1009","1","Undefined type 'CT_Toolbar'."
"third-party-content","wp-content/plugins/meta-box/src/Integrations/WooCommerce/HPOS/Manager.php","16","22","P1009","1","Undefined type 'Automattic\WooCommerce\Utilities\FeaturesUtil'."
"third-party-content","wp-content/plugins/meta-box/src/Integrations/WooCommerce/HPOS/Manager.php","32","24","P1009","1","Undefined type 'Automattic\WooCommerce\Utilities\OrderUtil'."
"third-party-content","wp-content/plugins/meta-box/src/Integrations/WooCommerce/HPOS/Manager.php","5","2","P1003","4","Symbol '$order_type_cache' is declared but not used."
"third-party-content","wp-content/plugins/meta-box/src/Integrations/WooCommerce/HPOS/MetaBox.php","5","10","P1132","3","Property $storage has no type information available."
"third-party-content","wp-content/plugins/meta-box/src/Integrations/WooCommerce/HPOS/MetaBox.php","92","79","P1010","1","Undefined function 'MetaBox\Integrations\WooCommerce\HPOS\wc_get_page_screen_id'."
"third-party-content","wp-content/plugins/meta-box/src/Integrations/WooCommerce/HPOS/MetaBox.php","95","36","P1132","3","Parameter $meta_box has no type information available."
"third-party-content","wp-content/plugins/meta-box/src/Integrations/WooCommerce/HPOS/Storage.php","8","30","P1132","3","Parameter $object_id has no type information available."
"third-party-content","wp-content/plugins/meta-box/src/Integrations/WooCommerce/HPOS/Storage.php","15","34","P1010","1","Undefined function 'MetaBox\Integrations\WooCommerce\HPOS\wc_get_order'."
"third-party-content","wp-content/plugins/meta-box/src/Integrations/WooCommerce/HPOS/Storage.php","35","23","P1132","3","Parameter $object_id has no type information available."
"third-party-content","wp-content/plugins/meta-box/src/Integrations/WooCommerce/HPOS/Storage.php","35","35","P1132","3","Parameter $name has no type information available."
"third-party-content","wp-content/plugins/meta-box/src/Integrations/WooCommerce/HPOS/Storage.php","35","42","P1132","3","Parameter $value has no type information available."
"third-party-content","wp-content/plugins/meta-box/src/Integrations/WooCommerce/HPOS/Storage.php","45","26","P1132","3","Parameter $object_id has no type information available."
"third-party-content","wp-content/plugins/meta-box/src/Integrations/WooCommerce/HPOS/Storage.php","45","38","P1132","3","Parameter $name has no type information available."
"third-party-content","wp-content/plugins/meta-box/src/Integrations/WooCommerce/HPOS/Storage.php","45","45","P1132","3","Parameter $value has no type information available."
"third-party-content","wp-content/plugins/meta-box/src/Integrations/WooCommerce/HPOS/Storage.php","59","47","P1009","1","Undefined type 'WC_Order'."
"third-party-content","wp-content/plugins/meta-box/src/Integrations/WooCommerce/HPOS/Storage.php","59","79","P1132","3","Parameter $prev_value has no type information available."
"third-party-content","wp-content/plugins/meta-box/src/Integrations/WooCommerce/HPOS/Storage.php","59","92","P1132","3","Parameter $new_value has no type information available."
"third-party-content","wp-content/plugins/meta-box/src/Integrations/WooCommerce/HPOS/Storage.php","76","26","P1132","3","Parameter $object_id has no type information available."
"third-party-content","wp-content/plugins/meta-box/src/Integrations/WooCommerce/HPOS/Storage.php","76","38","P1132","3","Parameter $name has no type information available."
"third-party-content","wp-content/plugins/meta-box/src/Integrations/WooCommerce/HPOS/Storage.php","76","58","P1003","4","Symbol '$delete_all' is declared but not used."
"third-party-content","wp-content/plugins/meta-box/src/Integrations/WooCommerce/HPOS/Storage.php","91","25","P1132","3","Parameter $object_id has no type information available."
"third-party-content","wp-content/plugins/meta-box/src/Integrations/WPML.php","110","40","P1132","3","Parameter $value has no type information available."
"third-party-content","wp-content/plugins/meta-box/src/Integrations/WPML.php","110","48","P1132","3","Parameter $field has no type information available."
"third-party-content","wp-content/plugins/meta-box/src/Integrations/WPML.php","120","38","P1132","3","Parameter $id has no type information available."
"third-party-content","wp-content/plugins/meta-box/src/Integrations/WPML.php","120","43","P1132","3","Parameter $type has no type information available."
"third-party-content","wp-content/plugins/meta-box/src/Integrations/WPML.php","120","50","P1132","3","Parameter $current_language has no type information available."
"third-party-content","wp-content/plugins/meta-box/src/Updater/Checker.php","8","10","P1132","3","Property $option has no type information available."
"third-party-content","wp-content/plugins/meta-box/src/Updater/Checker.php","157","27","P1132","3","Parameter $endpoint has no type information available."
"third-party-content","wp-content/plugins/meta-box/src/Updater/Checker.php","198","31","P1132","3","Parameter $remote_plugin_data has no type information available."
"third-party-content","wp-content/plugins/meta-box/src/Updater/Notification.php","8","10","P1132","3","Property $checker has no type information available."
"third-party-content","wp-content/plugins/meta-box/src/Updater/Notification.php","9","10","P1132","3","Property $option has no type information available."
"third-party-content","wp-content/plugins/meta-box/src/Updater/Notification.php","83","39","P1003","4","Symbol '$plugin_data' is declared but not used."
"third-party-content","wp-content/plugins/meta-box/src/Updater/Settings.php","5","10","P1132","3","Property $option has no type information available."
"third-party-content","wp-content/plugins/meta-box/src/Updater/Settings.php","6","10","P1132","3","Property $checker has no type information available."
"third-party-content","wp-content/plugins/meta-box/src/Updater/Settings.php","7","10","P1132","3","Property $fake_api_key has no type information available."
"theme-production","wp-content/themes/car-dealer/inc/about-contact-pages.php","17","48","P1132","3","Parameter $blueprints has no type information available."
"theme-production","wp-content/themes/car-dealer/inc/accounts.php","37","53","P1003","4","Symbol '$requested' is declared but not used."
"theme-production","wp-content/themes/car-dealer/inc/localization.php","21","76","P1003","4","Symbol '$context' is declared but not used."
"theme-production","wp-content/themes/car-dealer/inc/public-catalog.php","251","43","P1132","3","Parameter $price has no type information available."
"theme-production","wp-content/themes/car-dealer/inc/public-catalog.php","259","39","P1132","3","Parameter $distance has no type information available."
"wordpress","wp-includes/abilities-api/class-wp-abilities-registry.php","168","12","P1131","3","Documented type is not compatible with the inferred type."
"wordpress","wp-includes/ai-client/class-wp-ai-client-prompt-builder.php","218","4","P1006","1","Expected type 'WordPress\AiClient\Providers\Http\DTO\RequestOptions'. Found 'WordPress\AiClient\Common\Contracts\WithArrayTransformationInterface<array{timeout?: float|null, connectTimeout?: float|null, maxRedirects?: int|null}>'."
"wordpress","wp-includes/atomlib.php","75","9","P1132","3","Property $in_content has no type information available."
"wordpress","wp-includes/atomlib.php","87","9","P1132","3","Property $feed has no type information available."
"wordpress","wp-includes/atomlib.php","88","9","P1132","3","Property $current has no type information available."
"wordpress","wp-includes/atomlib.php","89","9","P1132","3","Property $map_attrs_func has no type information available."
"wordpress","wp-includes/atomlib.php","90","9","P1132","3","Property $map_xmlns_func has no type information available."
"wordpress","wp-includes/atomlib.php","91","9","P1132","3","Property $error has no type information available."
"wordpress","wp-includes/atomlib.php","92","9","P1132","3","Property $content has no type information available."
"wordpress","wp-includes/atomlib.php","126","12","P1133","3","PHPDoc undefined type 'indexish'."
"wordpress","wp-includes/atomlib.php","130","35","P1003","4","Symbol '$p' is declared but not used."
"wordpress","wp-includes/atomlib.php","138","17","P1132","3","Parameter $msg has no type information available."
"wordpress","wp-includes/atomlib.php","144","28","P1003","4","Symbol '$log_level' is declared but not used."
"wordpress","wp-includes/atomlib.php","144","40","P1132","3","Parameter $log_text has no type information available."
"wordpress","wp-includes/atomlib.php","144","51","P1003","4","Symbol '$error_file' is declared but not used."
"wordpress","wp-includes/atomlib.php","144","64","P1003","4","Symbol '$error_line' is declared but not used."
"wordpress","wp-includes/atomlib.php","188","13","P1007","4","'xml_parser_free' is deprecated."
"wordpress","wp-includes/atomlib.php","198","28","P1003","4","Symbol '$parser' is declared but not used."
"wordpress","wp-includes/atomlib.php","198","37","P1132","3","Parameter $name has no type information available."
"wordpress","wp-includes/atomlib.php","198","44","P1132","3","Parameter $attrs has no type information available."
"wordpress","wp-includes/atomlib.php","278","26","P1003","4","Symbol '$parser' is declared but not used."
"wordpress","wp-includes/atomlib.php","278","35","P1132","3","Parameter $name has no type information available."
"wordpress","wp-includes/atomlib.php","333","23","P1003","4","Symbol '$parser' is declared but not used."
"wordpress","wp-includes/atomlib.php","333","32","P1132","3","Parameter $prefix has no type information available."
"wordpress","wp-includes/atomlib.php","333","41","P1132","3","Parameter $uri has no type information available."
"wordpress","wp-includes/atomlib.php","338","21","P1003","4","Symbol '$parser' is declared but not used."
"wordpress","wp-includes/atomlib.php","338","30","P1132","3","Parameter $prefix has no type information available."
"wordpress","wp-includes/atomlib.php","342","20","P1003","4","Symbol '$parser' is declared but not used."
"wordpress","wp-includes/atomlib.php","342","29","P1132","3","Parameter $data has no type information available."
"wordpress","wp-includes/atomlib.php","349","23","P1003","4","Symbol '$parser' is declared but not used."
"wordpress","wp-includes/atomlib.php","349","32","P1003","4","Symbol '$data' is declared but not used."
"wordpress","wp-includes/atomlib.php","354","27","P1132","3","Parameter $qname has no type information available."
"wordpress","wp-includes/atomlib.php","386","37","P1132","3","Parameter $new_mapping has no type information available."
"wordpress","wp-includes/atomlib.php","397","25","P1132","3","Parameter $content has no type information available."
"wordpress","wp-includes/block-bindings/pattern-overrides.php","22","55","P1003","4","Symbol '$source_args' is declared but not used."
"wordpress","wp-includes/block-supports/layout.php","919","42","P1003","4","Symbol '$layout_style' is declared but not used."
"wordpress","wp-includes/block-supports/layout.php","1048","50","P1003","4","Symbol '$rule' is declared but not used."
"wordpress","wp-includes/block-supports/layout.php","1434","63","P1003","4","Symbol '$source_block' is declared but not used."
"wordpress","wp-includes/block-supports/settings.php","77","45","P1003","4","Symbol '$pre_render' is declared but not used."
"wordpress","wp-includes/block-template-utils.php","306","44","P1003","4","Symbol '$file' is declared but not used."
"wordpress","wp-includes/block-template-utils.php","528","29","P1116","2","Possible undefined variable '$theme_data'."
"wordpress","wp-includes/block-template-utils.php","529","63","P1116","2","Possible undefined variable '$theme_data'."
"wordpress","wp-includes/block-template.php","397","14","P1013","1","Undefined method 'insert_before'."
"wordpress","wp-includes/blocks/avatar.php","18","49","P1003","4","Symbol '$content' is declared but not used."
"wordpress","wp-includes/blocks/block.php","19","48","P1132","3","Parameter $content has no type information available."
"wordpress","wp-includes/blocks/block.php","19","58","P1132","3","Parameter $block_instance has no type information available."
"wordpress","wp-includes/blocks/breadcrumbs.php","19","54","P1003","4","Symbol '$content' is declared but not used."
"wordpress","wp-includes/blocks/button.php","121","61","P1116","2","Possible undefined variable '$slug'."
"wordpress","wp-includes/blocks/categories.php","20","53","P1003","4","Symbol '$content' is declared but not used."
"wordpress","wp-includes/blocks/comment-author-name.php","18","62","P1003","4","Symbol '$content' is declared but not used."
"wordpress","wp-includes/blocks/comment-content.php","18","58","P1003","4","Symbol '$content' is declared but not used."
"wordpress","wp-includes/blocks/comment-date.php","18","55","P1003","4","Symbol '$content' is declared but not used."
"wordpress","wp-includes/blocks/comment-edit-link.php","19","60","P1003","4","Symbol '$content' is declared but not used."
"wordpress","wp-includes/blocks/comment-reply-link.php","18","61","P1003","4","Symbol '$content' is declared but not used."
"wordpress","wp-includes/blocks/comment-template.php","104","46","P1003","4","Symbol '$attributes' is declared but not used."
"wordpress","wp-includes/blocks/comment-template.php","104","59","P1003","4","Symbol '$content' is declared but not used."
"wordpress","wp-includes/blocks/comments-pagination-next.php","19","67","P1003","4","Symbol '$content' is declared but not used."
"wordpress","wp-includes/blocks/comments-pagination-numbers.php","19","57","P1003","4","Symbol '$attributes' is declared but not used."
"wordpress","wp-includes/blocks/comments-pagination-previous.php","19","71","P1003","4","Symbol '$content' is declared but not used."
"wordpress","wp-includes/blocks/comments.php","28","51","P1003","4","Symbol '$content' is declared but not used."
"wordpress","wp-includes/blocks/footnotes.php","19","39","P1003","4","Symbol '$attributes' is declared but not used."
"wordpress","wp-includes/blocks/footnotes.php","19","52","P1003","4","Symbol '$content' is declared but not used."
"wordpress","wp-includes/blocks/footnotes.php","140","42","P1003","4","Symbol '$revision_field' is declared but not used."
"wordpress","wp-includes/blocks/gallery.php","343","14","P1006","1","Expected type 'object'. Found 'array'."
"wordpress","wp-includes/blocks/gallery.php","343","34","P1006","1","Expected type 'object'. Found 'array'."
"wordpress","wp-includes/blocks/heading.php","24","37","P1003","4","Symbol '$attributes' is declared but not used."
"wordpress","wp-includes/blocks/home-link.php","107","52","P1003","4","Symbol '$content' is declared but not used."
"wordpress","wp-includes/blocks/image.php","94","34","P1013","1","Undefined method 'block_core_image_extract_empty_figcaption_element'."
"wordpress","wp-includes/blocks/list.php","22","34","P1003","4","Symbol '$attributes' is declared but not used."
"wordpress","wp-includes/blocks/navigation-link.php","22","65","P1003","4","Symbol '$attributes' is declared but not used."
"wordpress","wp-includes/blocks/navigation-link.php","190","20","P1010","1","Undefined function 'gutenberg_block_core_shared_navigation_item_should_render'."
"wordpress","wp-includes/blocks/navigation-link.php","282","13","P1010","1","Undefined function 'gutenberg_block_core_shared_navigation_render_submenu_icon'."
"wordpress","wp-includes/blocks/navigation-link.php","187","58","P1003","4","Symbol '$content' is declared but not used."
"wordpress","wp-includes/blocks/navigation-submenu.php","79","20","P1010","1","Undefined function 'gutenberg_block_core_shared_navigation_item_should_render'."
"wordpress","wp-includes/blocks/navigation-submenu.php","211","14","P1010","1","Undefined function 'gutenberg_block_core_shared_navigation_render_submenu_icon'."
"wordpress","wp-includes/blocks/navigation-submenu.php","239","14","P1010","1","Undefined function 'gutenberg_block_core_shared_navigation_render_submenu_icon'."
"wordpress","wp-includes/blocks/navigation-submenu.php","76","61","P1003","4","Symbol '$content' is declared but not used."
"wordpress","wp-includes/blocks/navigation.php","715","53","P1132","3","Parameter $has_custom_overlay has no type information available."
"wordpress","wp-includes/blocks/navigation.php","867","4","P1116","2","Possible undefined variable '$responsive_container_content_directives'."
"wordpress","wp-includes/blocks/navigation.php","953","74","P1003","4","Symbol '$block' is declared but not used."
"wordpress","wp-includes/blocks/navigation.php","1015","46","P1003","4","Symbol '$content' is declared but not used."
"wordpress","wp-includes/blocks/navigation.php","1137","30","P1007","4","'block_core_navigation_parse_blocks_from_menu_items' is deprecated."
"wordpress","wp-includes/blocks/navigation.php","1641","31","P1009","1","Undefined type 'WP_Theme_JSON_Gutenberg'."
"wordpress","wp-includes/blocks/navigation.php","1813","6","P1007","4","'block_core_navigation_parse_blocks_from_menu_items' is deprecated."
"wordpress","wp-includes/blocks/navigation.php","1903","18","P1007","4","'block_core_navigation_parse_blocks_from_menu_items' is deprecated."
"wordpress","wp-includes/blocks/navigation.php","1925","22","P1007","4","'block_core_navigation_get_classic_menu_fallback' is deprecated."
"wordpress","wp-includes/blocks/navigation.php","1932","29","P1007","4","'block_core_navigation_get_classic_menu_fallback_blocks' is deprecated."
"wordpress","wp-includes/blocks/navigation.php","1955","9","P1007","4","'block_core_navigation_get_most_recently_published_navigation' is deprecated."
"wordpress","wp-includes/blocks/page-list.php","43","49","P1003","4","Symbol '$attributes' is declared but not used."
"wordpress","wp-includes/blocks/page-list.php","238","46","P1003","4","Symbol '$current' is declared but not used."
"wordpress","wp-includes/blocks/page-list.php","257","52","P1003","4","Symbol '$content' is declared but not used."
"wordpress","wp-includes/blocks/playlist-track.php","19","57","P1003","4","Symbol '$content' is declared but not used."
"wordpress","wp-includes/blocks/post-author-biography.php","18","64","P1003","4","Symbol '$content' is declared but not used."
"wordpress","wp-includes/blocks/post-author-name.php","18","59","P1003","4","Symbol '$content' is declared but not used."
"wordpress","wp-includes/blocks/post-author.php","18","54","P1003","4","Symbol '$content' is declared but not used."
"wordpress","wp-includes/blocks/post-comments-count.php","18","62","P1003","4","Symbol '$content' is declared but not used."
"wordpress","wp-includes/blocks/post-comments-form.php","18","61","P1003","4","Symbol '$content' is declared but not used."
"wordpress","wp-includes/blocks/post-comments-link.php","18","61","P1003","4","Symbol '$content' is declared but not used."
"wordpress","wp-includes/blocks/post-date.php","19","52","P1003","4","Symbol '$content' is declared but not used."
"wordpress","wp-includes/blocks/post-terms.php","18","53","P1003","4","Symbol '$content' is declared but not used."
"wordpress","wp-includes/blocks/post-title.php","19","53","P1003","4","Symbol '$content' is declared but not used."
"wordpress","wp-includes/blocks/query-pagination-numbers.php","21","54","P1003","4","Symbol '$attributes' is declared but not used."
"wordpress","wp-includes/blocks/query-title.php","21","54","P1003","4","Symbol '$content' is declared but not used."
"wordpress","wp-includes/blocks/query-total.php","21","54","P1003","4","Symbol '$content' is declared but not used."
"wordpress","wp-includes/blocks/read-more.php","18","52","P1003","4","Symbol '$content' is declared but not used."
"wordpress","wp-includes/blocks/search.php","174","7","P1116","2","Possible undefined variable '$is_expandable_searchfield'."
"wordpress","wp-includes/blocks/shortcode.php","18","39","P1003","4","Symbol '$attributes' is declared but not used."
"wordpress","wp-includes/blocks/social-link.php","13","11","P1133","3","PHPDoc undefined type 'Array'."
"wordpress","wp-includes/blocks/social-link.php","19","54","P1003","4","Symbol '$content' is declared but not used."
"wordpress","wp-includes/blocks/tab-panel.php","19","39","P1003","4","Symbol '$attributes' is declared but not used."
"wordpress","wp-includes/blocks/term-count.php","19","53","P1003","4","Symbol '$content' is declared but not used."
"wordpress","wp-includes/blocks/term-description.php","19","59","P1003","4","Symbol '$content' is declared but not used."
"wordpress","wp-includes/blocks/term-name.php","19","52","P1003","4","Symbol '$content' is declared but not used."
"wordpress","wp-includes/blocks/widget-group.php","22","55","P1003","4","Symbol '$content' is declared but not used."
"wordpress","wp-includes/blocks.php","49","26","P1133","3","PHPDoc undefined type 'max'."
"wordpress","wp-includes/blocks.php","166","26","P1133","3","PHPDoc undefined type 'max'."
"wordpress","wp-includes/blocks.php","264","26","P1133","3","PHPDoc undefined type 'max'."
"wordpress","wp-includes/blocks.php","357","26","P1133","3","PHPDoc undefined type 'max'."
"wordpress","wp-includes/blocks.php","1380","62","P1116","2","Possible undefined variable '$original_content'."
"wordpress","wp-includes/blocks.php","2165","2","P1006","1","Expected type 'array|string|ArrayAccess|null'. Found 'WP_Block_Parser_Block'."
"wordpress","wp-includes/blocks.php","2165","45","P1006","1","Expected type 'array|string|ArrayAccess'. Found 'WP_Block_Parser_Block'."
"wordpress","wp-includes/blocks.php","2167","17","P1006","1","Expected type 'array|string|ArrayAccess'. Found 'WP_Block_Parser_Block'."
"wordpress","wp-includes/blocks.php","2168","13","P1006","1","Expected type 'array|string|ArrayAccess'. Found 'WP_Block_Parser_Block'."
"wordpress","wp-includes/blocks.php","2169","4","P1006","1","Expected type 'array|string|ArrayAccess|null'. Found 'WP_Block_Parser_Block'."
"wordpress","wp-includes/bookmark-template.php","262","21","P1116","2","Possible undefined variable '$cats'."
"wordpress","wp-includes/cache-compat.php","198","30","P1003","4","Symbol '$feature' is declared but not used."
"wordpress","wp-includes/cache.php","369","46","P1003","4","Symbol '$groups' is declared but not used."
"wordpress","wp-includes/capabilities.php","1368","1","P1108","4","Unreachable code detected."
"wordpress","wp-includes/capabilities.php","1356","53","P1003","4","Symbol '$caps' is declared but not used."
"wordpress","wp-includes/capabilities.php","1356","60","P1003","4","Symbol '$args' is declared but not used."
"wordpress","wp-includes/category-template.php","1265","39","P1003","4","Symbol '$deprecated' is declared but not used."
"wordpress","wp-includes/category-template.php","1431","41","P1124","3","Loop variable $term_id is also declared as a parameter."
"wordpress","wp-includes/class-avif-info.php","38","11","P1133","3","PHPDoc undefined type 'Avifinfo\binary'."
"wordpress","wp-includes/class-avif-info.php","60","11","P1133","3","PHPDoc undefined type 'Avifinfo\stream'."
"wordpress","wp-includes/class-avif-info.php","62","12","P1133","3","PHPDoc undefined type 'Avifinfo\binary'."
"wordpress","wp-includes/class-avif-info.php","72","11","P1133","3","PHPDoc undefined type 'Avifinfo\stream'."
"wordpress","wp-includes/class-avif-info.php","85","10","P1132","3","Property $tile_item_id has no type information available."
"wordpress","wp-includes/class-avif-info.php","86","10","P1132","3","Property $parent_item_id has no type information available."
"wordpress","wp-includes/class-avif-info.php","90","10","P1132","3","Property $property_index has no type information available."
"wordpress","wp-includes/class-avif-info.php","91","10","P1132","3","Property $item_id has no type information available."
"wordpress","wp-includes/class-avif-info.php","95","10","P1132","3","Property $property_index has no type information available."
"wordpress","wp-includes/class-avif-info.php","96","10","P1132","3","Property $width has no type information available."
"wordpress","wp-includes/class-avif-info.php","97","10","P1132","3","Property $height has no type information available."
"wordpress","wp-includes/class-avif-info.php","101","10","P1132","3","Property $property_index has no type information available."
"wordpress","wp-includes/class-avif-info.php","102","10","P1132","3","Property $bit_depth has no type information available."
"wordpress","wp-includes/class-avif-info.php","103","10","P1132","3","Property $num_channels has no type information available."
"wordpress","wp-includes/class-avif-info.php","109","10","P1132","3","Property $primary_item_id has no type information available."
"wordpress","wp-includes/class-avif-info.php","128","14","P1133","3","PHPDoc undefined type 'Avifinfo\Status'."
"wordpress","wp-includes/class-avif-info.php","190","14","P1133","3","PHPDoc undefined type 'Avifinfo\Status'."
"wordpress","wp-includes/class-avif-info.php","217","10","P1132","3","Property $size has no type information available."
"wordpress","wp-includes/class-avif-info.php","218","10","P1132","3","Property $type has no type information available."
"wordpress","wp-includes/class-avif-info.php","219","10","P1132","3","Property $version has no type information available."
"wordpress","wp-includes/class-avif-info.php","220","10","P1132","3","Property $flags has no type information available."
"wordpress","wp-includes/class-avif-info.php","221","10","P1132","3","Property $content_size has no type information available."
"wordpress","wp-includes/class-avif-info.php","226","13","P1133","3","PHPDoc undefined type 'Avifinfo\stream'."
"wordpress","wp-includes/class-avif-info.php","229","14","P1133","3","PHPDoc undefined type 'Avifinfo\Status'."
"wordpress","wp-includes/class-avif-info.php","323","11","P1132","3","Property $handle has no type information available."
"wordpress","wp-includes/class-avif-info.php","326","10","P1132","3","Property $features has no type information available."
"wordpress","wp-includes/class-avif-info.php","339","21","P1130","3","Unknown @param parameter name '$handle'."
"wordpress","wp-includes/class-avif-info.php","339","13","P1133","3","PHPDoc undefined type 'Avifinfo\stream'."
"wordpress","wp-includes/class-avif-info.php","341","14","P1133","3","PHPDoc undefined type 'Avifinfo\Status'."
"wordpress","wp-includes/class-avif-info.php","495","21","P1130","3","Unknown @param parameter name '$handle'."
"wordpress","wp-includes/class-avif-info.php","495","13","P1133","3","PHPDoc undefined type 'Avifinfo\stream'."
"wordpress","wp-includes/class-avif-info.php","497","14","P1133","3","PHPDoc undefined type 'Avifinfo\Status'."
"wordpress","wp-includes/class-avif-info.php","601","21","P1130","3","Unknown @param parameter name '$handle'."
"wordpress","wp-includes/class-avif-info.php","601","13","P1133","3","PHPDoc undefined type 'Avifinfo\stream'."
"wordpress","wp-includes/class-avif-info.php","603","14","P1133","3","PHPDoc undefined type 'Avifinfo\Status'."
"wordpress","wp-includes/class-avif-info.php","676","21","P1130","3","Unknown @param parameter name '$handle'."
"wordpress","wp-includes/class-avif-info.php","676","13","P1133","3","PHPDoc undefined type 'Avifinfo\stream'."
"wordpress","wp-includes/class-avif-info.php","678","14","P1133","3","PHPDoc undefined type 'Avifinfo\Status'."
"wordpress","wp-includes/class-avif-info.php","42","27","P1132","3","Parameter $input has no type information available."
"wordpress","wp-includes/class-avif-info.php","241","27","P1006","1","Expected type 'string'. Found 'Avifinfo\binary'."
"wordpress","wp-includes/class-avif-info.php","257","46","P1006","1","Expected type 'string'. Found 'Avifinfo\binary'."
"wordpress","wp-includes/class-avif-info.php","299","49","P1006","1","Expected type 'string'. Found 'Avifinfo\binary'."
"wordpress","wp-includes/class-avif-info.php","328","25","P1132","3","Parameter $handle has no type information available."
"wordpress","wp-includes/class-avif-info.php","360","44","P1006","1","Expected type 'string'. Found 'Avifinfo\binary'."
"wordpress","wp-includes/class-avif-info.php","361","44","P1006","1","Expected type 'string'. Found 'Avifinfo\binary'."
"wordpress","wp-includes/class-avif-info.php","436","51","P1006","1","Expected type 'string'. Found 'Avifinfo\binary'."
"wordpress","wp-includes/class-avif-info.php","449","32","P1033","3","Nested ternary expressions (without parentheses) deprecated in PHP 7.4. Targeting PHP 8.5."
"wordpress","wp-includes/class-avif-info.php","466","24","P1006","1","Expected type 'string'. Found 'Avifinfo\binary'."
"wordpress","wp-includes/class-avif-info.php","540","23","P1006","1","Expected type 'string'. Found 'Avifinfo\binary'."
"wordpress","wp-includes/class-avif-info.php","542","23","P1006","1","Expected type 'string'. Found 'Avifinfo\binary'."
"wordpress","wp-includes/class-avif-info.php","624","53","P1006","1","Expected type 'string'. Found 'Avifinfo\binary'."
"wordpress","wp-includes/class-avif-info.php","755","20","P1006","1","Expected type 'string'. Found 'Avifinfo\binary'."
"wordpress","wp-includes/class-avif-info.php","755","55","P1006","1","Expected type 'string'. Found 'Avifinfo\binary'."
"wordpress","wp-includes/class-avif-info.php","325","3","P1003","4","Symbol '$data_was_skipped' is declared but not used."
"wordpress","wp-includes/class-json.php","943","8","P1129","3","PHPDoc parse error. Unexpected token."
"wordpress","wp-includes/class-json.php","961","8","P1129","3","PHPDoc parse error. Unexpected token."
"wordpress","wp-includes/class-json.php","961","23","P1133","3","PHPDoc undefined type 'start'."
"wordpress","wp-includes/class-json.php","962","23","P1133","3","PHPDoc undefined type 'length'."
"wordpress","wp-includes/class-json.php","982","39","P1009","1","Undefined type 'PEAR_Error'."
"wordpress","wp-includes/class-json.php","178","15","P1007","4","'__construct' is deprecated."
"wordpress","wp-includes/class-json.php","251","23","P1007","4","'strlen8' is deprecated."
"wordpress","wp-includes/class-json.php","295","23","P1007","4","'encodeUnsafe' is deprecated."
"wordpress","wp-includes/class-json.php","317","23","P1007","4","'_encode' is deprecated."
"wordpress","wp-includes/class-json.php","356","38","P1007","4","'strlen8' is deprecated."
"wordpress","wp-includes/class-json.php","406","45","P1007","4","'utf82utf16' is deprecated."
"wordpress","wp-includes/class-json.php","422","45","P1007","4","'utf82utf16' is deprecated."
"wordpress","wp-includes/class-json.php","439","45","P1007","4","'utf82utf16' is deprecated."
"wordpress","wp-includes/class-json.php","457","45","P1007","4","'utf82utf16' is deprecated."
"wordpress","wp-includes/class-json.php","476","45","P1007","4","'utf82utf16' is deprecated."
"wordpress","wp-includes/class-json.php","509","43","P1007","4","'isError' is deprecated."
"wordpress","wp-includes/class-json.php","521","39","P1007","4","'isError' is deprecated."
"wordpress","wp-includes/class-json.php","545","35","P1007","4","'_encode' is deprecated."
"wordpress","wp-includes/class-json.php","555","39","P1007","4","'isError' is deprecated."
"wordpress","wp-includes/class-json.php","584","33","P1007","4","'_encode' is deprecated."
"wordpress","wp-includes/class-json.php","586","27","P1007","4","'isError' is deprecated."
"wordpress","wp-includes/class-json.php","590","23","P1007","4","'_encode' is deprecated."
"wordpress","wp-includes/class-json.php","603","28","P1132","3","Parameter $str has no type information available."
"wordpress","wp-includes/class-json.php","642","23","P1007","4","'reduce_string' is deprecated."
"wordpress","wp-includes/class-json.php","671","37","P1007","4","'substr8' is deprecated."
"wordpress","wp-includes/class-json.php","672","36","P1007","4","'substr8' is deprecated."
"wordpress","wp-includes/class-json.php","674","43","P1007","4","'strlen8' is deprecated."
"wordpress","wp-includes/class-json.php","678","51","P1007","4","'substr8' is deprecated."
"wordpress","wp-includes/class-json.php","679","43","P1006","1","Expected type 'array|string|ArrayAccess'. Found 'int'."
"wordpress","wp-includes/class-json.php","709","46","P1006","1","Expected type 'array|string|ArrayAccess'. Found 'int'."
"wordpress","wp-includes/class-json.php","713","74","P1007","4","'substr8' is deprecated."
"wordpress","wp-includes/class-json.php","715","60","P1007","4","'substr8' is deprecated."
"wordpress","wp-includes/class-json.php","716","60","P1007","4","'substr8' is deprecated."
"wordpress","wp-includes/class-json.php","717","49","P1007","4","'utf162utf8' is deprecated."
"wordpress","wp-includes/class-json.php","722","42","P1006","1","Expected type 'array|string|ArrayAccess'. Found 'int'."
"wordpress","wp-includes/class-json.php","728","49","P1007","4","'substr8' is deprecated."
"wordpress","wp-includes/class-json.php","735","49","P1007","4","'substr8' is deprecated."
"wordpress","wp-includes/class-json.php","742","49","P1007","4","'substr8' is deprecated."
"wordpress","wp-includes/class-json.php","749","49","P1007","4","'substr8' is deprecated."
"wordpress","wp-includes/class-json.php","756","49","P1007","4","'substr8' is deprecated."
"wordpress","wp-includes/class-json.php","786","36","P1007","4","'substr8' is deprecated."
"wordpress","wp-includes/class-json.php","787","36","P1007","4","'reduce_string' is deprecated."
"wordpress","wp-includes/class-json.php","791","36","P1116","2","Possible undefined variable '$arr'."
"wordpress","wp-includes/class-json.php","794","36","P1116","2","Possible undefined variable '$obj'."
"wordpress","wp-includes/class-json.php","801","43","P1007","4","'strlen8' is deprecated."
"wordpress","wp-includes/class-json.php","806","51","P1007","4","'substr8' is deprecated."
"wordpress","wp-includes/class-json.php","808","77","P1006","1","Expected type 'array|string|ArrayAccess'. Found 'int|false'."
"wordpress","wp-includes/class-json.php","811","45","P1007","4","'substr8' is deprecated."
"wordpress","wp-includes/class-json.php","811","60","P1006","1","Expected type 'array|string|ArrayAccess'. Found 'int|false'."
"wordpress","wp-includes/class-json.php","811","81","P1006","1","Expected type 'array|string|ArrayAccess'. Found 'int|false'."
"wordpress","wp-includes/class-json.php","817","57","P1007","4","'decode' is deprecated."
"wordpress","wp-includes/class-json.php","828","51","P1007","4","'decode' is deprecated."
"wordpress","wp-includes/class-json.php","829","51","P1007","4","'decode' is deprecated."
"wordpress","wp-includes/class-json.php","833","41","P1116","2","Possible undefined variable '$obj'."
"wordpress","wp-includes/class-json.php","838","51","P1007","4","'decode' is deprecated."
"wordpress","wp-includes/class-json.php","843","41","P1116","2","Possible undefined variable '$obj'."
"wordpress","wp-includes/class-json.php","849","82","P1006","1","Expected type 'array|string|ArrayAccess'. Found 'int|false'."
"wordpress","wp-includes/class-json.php","854","49","P1006","1","Expected type 'array|string|ArrayAccess'. Found 'int|false'."
"wordpress","wp-includes/class-json.php","855","35","P1006","1","Expected type 'array|string|ArrayAccess'. Found 'int|false'."
"wordpress","wp-includes/class-json.php","856","43","P1007","4","'strlen8' is deprecated."
"wordpress","wp-includes/class-json.php","856","58","P1007","4","'substr8' is deprecated."
"wordpress","wp-includes/class-json.php","856","90","P1007","4","'strlen8' is deprecated."
"wordpress","wp-includes/class-json.php","856","111","P1007","4","'substr8' is deprecated."
"wordpress","wp-includes/class-json.php","864","43","P1006","1","Expected type 'array|string|ArrayAccess'. Found 'int|false'."
"wordpress","wp-includes/class-json.php","869","58","P1006","1","Expected type 'array|string|ArrayAccess'. Found 'int|false'."
"wordpress","wp-includes/class-json.php","875","43","P1006","1","Expected type 'array|string|ArrayAccess'. Found 'int|false'."
"wordpress","wp-includes/class-json.php","880","58","P1006","1","Expected type 'array|string|ArrayAccess'. Found 'int|false'."
"wordpress","wp-includes/class-json.php","886","43","P1006","1","Expected type 'array|string|ArrayAccess'. Found 'int|false'."
"wordpress","wp-includes/class-json.php","892","66","P1006","1","Expected type 'array|string|ArrayAccess'. Found 'int|false'."
"wordpress","wp-includes/class-json.php","897","39","P1006","1","Expected type 'array|string|ArrayAccess'. Found 'int|false'."
"wordpress","wp-includes/class-json.php","907","32","P1116","2","Possible undefined variable '$arr'."
"wordpress","wp-includes/class-json.php","910","32","P1116","2","Possible undefined variable '$obj'."
"wordpress","wp-includes/class-json.php","923","22","P1132","3","Parameter $data has no type information available."
"wordpress","wp-includes/class-json.php","945","23","P1132","3","Parameter $str has no type information available."
"wordpress","wp-includes/class-json.php","965","23","P1132","3","Parameter $string has no type information available."
"wordpress","wp-includes/class-json.php","965","32","P1132","3","Parameter $start has no type information available."
"wordpress","wp-includes/class-json.php","970","30","P1007","4","'strlen8' is deprecated."
"wordpress","wp-includes/class-json.php","994","13","P1009","1","Undefined type 'PEAR_Error'."
"wordpress","wp-includes/class-json.php","1007","19","P1007","4","'__construct' is deprecated."
"wordpress","wp-includes/class-json.php","1023","31","P1003","4","Symbol '$message' is declared but not used."
"wordpress","wp-includes/class-json.php","1023","59","P1003","4","Symbol '$code' is declared but not used."
"wordpress","wp-includes/class-json.php","1024","38","P1003","4","Symbol '$mode' is declared but not used."
"wordpress","wp-includes/class-json.php","1024","52","P1003","4","Symbol '$options' is declared but not used."
"wordpress","wp-includes/class-json.php","1024","69","P1003","4","Symbol '$userinfo' is declared but not used."
"wordpress","wp-includes/class-json.php","1039","19","P1007","4","'__construct' is deprecated."
"wordpress","wp-includes/class-phpass.php","45","6","P1132","3","Property $itoa64 has no type information available."
"wordpress","wp-includes/class-phpass.php","46","6","P1132","3","Property $iteration_count_log2 has no type information available."
"wordpress","wp-includes/class-phpass.php","47","6","P1132","3","Property $portable_hashes has no type information available."
"wordpress","wp-includes/class-phpass.php","48","6","P1132","3","Property $random_state has no type information available."
"wordpress","wp-includes/class-phpass.php","50","23","P1132","3","Parameter $iteration_count_log2 has no type information available."
"wordpress","wp-includes/class-phpass.php","50","46","P1132","3","Parameter $portable_hashes has no type information available."
"wordpress","wp-includes/class-phpass.php","67","24","P1132","3","Parameter $iteration_count_log2 has no type information available."
"wordpress","wp-includes/class-phpass.php","67","47","P1132","3","Parameter $portable_hashes has no type information available."
"wordpress","wp-includes/class-phpass.php","72","28","P1132","3","Parameter $count has no type information available."
"wordpress","wp-includes/class-phpass.php","94","20","P1132","3","Parameter $input has no type information available."
"wordpress","wp-includes/class-phpass.php","94","28","P1132","3","Parameter $count has no type information available."
"wordpress","wp-includes/class-phpass.php","121","27","P1132","3","Parameter $input has no type information available."
"wordpress","wp-includes/class-phpass.php","131","25","P1132","3","Parameter $password has no type information available."
"wordpress","wp-includes/class-phpass.php","131","36","P1132","3","Parameter $setting has no type information available."
"wordpress","wp-includes/class-phpass.php","173","28","P1132","3","Parameter $input has no type information available."
"wordpress","wp-includes/class-phpass.php","214","24","P1132","3","Parameter $password has no type information available."
"wordpress","wp-includes/class-phpass.php","247","25","P1132","3","Parameter $password has no type information available."
"wordpress","wp-includes/class-phpass.php","247","36","P1132","3","Parameter $stored_hash has no type information available."
"wordpress","wp-includes/class-pop3.php","84","23","P1132","3","Parameter $server has no type information available."
"wordpress","wp-includes/class-pop3.php","168","20","P1132","3","Parameter $login has no type information available."
"wordpress","wp-includes/class-pop3.php","168","27","P1132","3","Parameter $pass has no type information available."
"wordpress","wp-includes/class-pop3.php","221","13","P1003","4","Symbol '$fp' is declared but not used."
"wordpress","wp-includes/class-pop3.php","236","19","P1132","3","Parameter $msgNum has no type information available."
"wordpress","wp-includes/class-pop3.php","316","18","P1003","4","Symbol '$junk' is declared but not used."
"wordpress","wp-includes/class-pop3.php","316","24","P1003","4","Symbol '$num' is declared but not used."
"wordpress","wp-includes/class-pop3.php","353","19","P1132","3","Parameter $msgNum has no type information available."
"wordpress","wp-includes/class-pop3.php","541","19","P1003","4","Symbol '$ok' is declared but not used."
"wordpress","wp-includes/class-pop3.php","541","23","P1003","4","Symbol '$num' is declared but not used."
"wordpress","wp-includes/class-pop3.php","632","29","P1132","3","Parameter $server_text has no type information available."
"wordpress","wp-includes/class-pop3.php","662","22","P1132","3","Parameter $haystack has no type information available."
"wordpress","wp-includes/class-pop3.php","662","33","P1132","3","Parameter $needle has no type information available."
"wordpress","wp-includes/class-simplepie.php","18","33","P1003","4","Symbol '$class' is declared but not used."
"wordpress","wp-includes/class-snoopy.php","129","17","P1132","3","Parameter $URI has no type information available."
"wordpress","wp-includes/class-snoopy.php","203","5","P1108","4","Unreachable code detected."
"wordpress","wp-includes/class-snoopy.php","258","5","P1108","4","Unreachable code detected."
"wordpress","wp-includes/class-snoopy.php","263","5","P1108","4","Unreachable code detected."
"wordpress","wp-includes/class-snoopy.php","279","18","P1132","3","Parameter $URI has no type information available."
"wordpress","wp-includes/class-snoopy.php","362","5","P1108","4","Unreachable code detected."
"wordpress","wp-includes/class-snoopy.php","423","5","P1108","4","Unreachable code detected."
"wordpress","wp-includes/class-snoopy.php","429","5","P1108","4","Unreachable code detected."
"wordpress","wp-includes/class-snoopy.php","441","22","P1132","3","Parameter $URI has no type information available."
"wordpress","wp-includes/class-snoopy.php","470","21","P1132","3","Parameter $URI has no type information available."
"wordpress","wp-includes/class-snoopy.php","498","21","P1132","3","Parameter $URI has no type information available."
"wordpress","wp-includes/class-snoopy.php","522","23","P1132","3","Parameter $URI has no type information available."
"wordpress","wp-includes/class-snoopy.php","556","22","P1132","3","Parameter $URI has no type information available."
"wordpress","wp-includes/class-snoopy.php","621","23","P1132","3","Parameter $document has no type information available."
"wordpress","wp-includes/class-snoopy.php","645","10","P1116","2","Possible undefined variable '$match'."
"wordpress","wp-includes/class-snoopy.php","632","26","P1003","4","Symbol '$key' is declared but not used."
"wordpress","wp-includes/class-snoopy.php","638","26","P1003","4","Symbol '$key' is declared but not used."
"wordpress","wp-includes/class-snoopy.php","655","22","P1132","3","Parameter $document has no type information available."
"wordpress","wp-includes/class-snoopy.php","675","22","P1132","3","Parameter $document has no type information available."
"wordpress","wp-includes/class-snoopy.php","744","24","P1132","3","Parameter $links has no type information available."
"wordpress","wp-includes/class-snoopy.php","744","31","P1132","3","Parameter $URI has no type information available."
"wordpress","wp-includes/class-snoopy.php","784","24","P1132","3","Parameter $url has no type information available."
"wordpress","wp-includes/class-snoopy.php","784","29","P1132","3","Parameter $fp has no type information available."
"wordpress","wp-includes/class-snoopy.php","784","33","P1132","3","Parameter $URI has no type information available."
"wordpress","wp-includes/class-snoopy.php","784","38","P1132","3","Parameter $http_method has no type information available."
"wordpress","wp-includes/class-snoopy.php","847","4","P1007","4","'socket_set_timeout' is deprecated."
"wordpress","wp-includes/class-snoopy.php","924","4","P1115","1","Cannot use [] operator on string."
"wordpress","wp-includes/class-snoopy.php","947","25","P1132","3","Parameter $url has no type information available."
"wordpress","wp-includes/class-snoopy.php","947","30","P1132","3","Parameter $URI has no type information available."
"wordpress","wp-includes/class-snoopy.php","947","35","P1003","4","Symbol '$http_method' is declared but not used."
"wordpress","wp-includes/class-snoopy.php","1073","4","P1115","1","Cannot use [] operator on string."
"wordpress","wp-includes/class-snoopy.php","1110","26","P1132","3","Parameter $fp has no type information available."
"wordpress","wp-includes/class-snoopy.php","1128","21","P1132","3","Parameter $fp has no type information available."
"wordpress","wp-includes/class-snoopy.php","1181","23","P1132","3","Parameter $fp has no type information available."
"wordpress","wp-includes/class-snoopy.php","1195","30","P1132","3","Parameter $formvars has no type information available."
"wordpress","wp-includes/class-snoopy.php","1195","41","P1132","3","Parameter $formfiles has no type information available."
"wordpress","wp-includes/class-snoopy.php","1209","25","P1003","4","Symbol '$cur_key' is declared but not used."
"wordpress","wp-includes/class-snoopy.php","1223","25","P1003","4","Symbol '$cur_key' is declared but not used."
"wordpress","wp-includes/class-walker-comment.php","255","37","P1003","4","Symbol '$depth' is declared but not used."
"wordpress","wp-includes/class-walker-nav-menu.php","162","4","P1003","4","Symbol '$n' is declared but not used."
"wordpress","wp-includes/class-walker-nav-menu.php","165","4","P1003","4","Symbol '$n' is declared but not used."
"wordpress","wp-includes/class-walker-nav-menu.php","338","4","P1003","4","Symbol '$t' is declared but not used."
"wordpress","wp-includes/class-walker-nav-menu.php","341","4","P1003","4","Symbol '$t' is declared but not used."
"wordpress","wp-includes/class-walker-page.php","113","4","P1003","4","Symbol '$n' is declared but not used."
"wordpress","wp-includes/class-walker-page.php","116","4","P1003","4","Symbol '$n' is declared but not used."
"wordpress","wp-includes/class-walker-page.php","237","4","P1003","4","Symbol '$t' is declared but not used."
"wordpress","wp-includes/class-walker-page.php","240","4","P1003","4","Symbol '$t' is declared but not used."
"wordpress","wp-includes/class-wp-admin-bar.php","19","9","P1132","3","Property $user has no type information available."
"wordpress","wp-includes/class-wp-admin-bar.php","637","36","P1003","4","Symbol '$id' is declared but not used."
"wordpress","wp-includes/class-wp-block-processor.php","1065","37","P1116","2","Possible undefined variable '$comment_opening_at'."
"wordpress","wp-includes/class-wp-block-processor.php","1066","37","P1116","2","Possible undefined variable '$comment_closing_at'."
"wordpress","wp-includes/class-wp-block-processor.php","1066","63","P1116","2","Possible undefined variable '$comment_opening_at'."
"wordpress","wp-includes/class-wp-block-processor.php","1068","25","P1116","2","Possible undefined variable '$namespace_at'."
"wordpress","wp-includes/class-wp-block-processor.php","1069","25","P1116","2","Possible undefined variable '$name_at'."
"wordpress","wp-includes/class-wp-block-processor.php","1070","25","P1116","2","Possible undefined variable '$name_length'."
"wordpress","wp-includes/class-wp-block-processor.php","1072","24","P1116","2","Possible undefined variable '$json_at'."
"wordpress","wp-includes/class-wp-block-processor.php","1079","8","P1116","2","Possible undefined variable '$has_void_flag'."
"wordpress","wp-includes/class-wp-block-processor.php","1082","14","P1116","2","Possible undefined variable '$has_closer'."
"wordpress","wp-includes/class-wp-block-processor.php","1095","29","P1116","2","Possible undefined variable '$has_closer'."
"wordpress","wp-includes/class-wp-block-processor.php","1098","8","P1116","2","Possible undefined variable '$comment_opening_at'."
"wordpress","wp-includes/class-wp-block-processor.php","1111","35","P1116","2","Possible undefined variable '$namespace_at'."
"wordpress","wp-includes/class-wp-block-processor.php","1112","35","P1116","2","Possible undefined variable '$name_at'."
"wordpress","wp-includes/class-wp-block-processor.php","1112","46","P1116","2","Possible undefined variable '$name_length'."
"wordpress","wp-includes/class-wp-block-processor.php","1112","61","P1116","2","Possible undefined variable '$namespace_at'."
"wordpress","wp-includes/class-wp-block-processor.php","1116","35","P1116","2","Possible undefined variable '$namespace_at'."
"wordpress","wp-includes/class-wp-block-processor.php","1117","35","P1116","2","Possible undefined variable '$name_at'."
"wordpress","wp-includes/class-wp-block-processor.php","1117","46","P1116","2","Possible undefined variable '$name_length'."
"wordpress","wp-includes/class-wp-block-processor.php","1117","61","P1116","2","Possible undefined variable '$namespace_at'."
"wordpress","wp-includes/class-wp-block-processor.php","1131","3","P1108","4","Unreachable code detected."
"wordpress","wp-includes/class-wp-block.php","411","22","P1013","1","Undefined method 'replace_rich_text'."
"wordpress","wp-includes/class-wp-comment-query.php","406","78","P1014","1","Undefined property '$comments'."
"wordpress","wp-includes/class-wp-comment-query.php","606","113","P1014","1","Undefined property '$comments'."
"wordpress","wp-includes/class-wp-comment-query.php","669","32","P1014","1","Undefined property '$comments'."
"wordpress","wp-includes/class-wp-comment-query.php","702","32","P1014","1","Undefined property '$comments'."
"wordpress","wp-includes/class-wp-comment-query.php","707","23","P1014","1","Undefined property '$comments'."
"wordpress","wp-includes/class-wp-comment-query.php","726","22","P1014","1","Undefined property '$comments'."
"wordpress","wp-includes/class-wp-comment-query.php","736","57","P1014","1","Undefined property '$comments'."
"wordpress","wp-includes/class-wp-comment-query.php","741","61","P1014","1","Undefined property '$comments'."
"wordpress","wp-includes/class-wp-comment-query.php","916","60","P1014","1","Undefined property '$comments'."
"wordpress","wp-includes/class-wp-comment-query.php","926","25","P1014","1","Undefined property '$comments'."
"wordpress","wp-includes/class-wp-comment-query.php","987","48","P1014","1","Undefined property '$comments'."
"wordpress","wp-includes/class-wp-comment-query.php","1129","31","P1003","4","Symbol '$k' is declared but not used."
"wordpress","wp-includes/class-wp-comment-query.php","1226","22","P1014","1","Undefined property '$commentmeta'."
"wordpress","wp-includes/class-wp-comment-query.php","1228","22","P1014","1","Undefined property '$commentmeta'."
"wordpress","wp-includes/class-wp-comment-query.php","1231","35","P1014","1","Undefined property '$comments'."
"wordpress","wp-includes/class-wp-comment-query.php","1238","23","P1014","1","Undefined property '$comments'."
"wordpress","wp-includes/class-wp-comment.php","268","70","P1014","1","Undefined property '$comments'."
"wordpress","wp-includes/class-wp-customize-control.php","315","10","P1007","4","'$json' is deprecated."
"wordpress","wp-includes/class-wp-customize-control.php","317","11","P1007","4","'$json' is deprecated."
"wordpress","wp-includes/class-wp-customize-control.php","320","10","P1007","4","'$json' is deprecated."
"wordpress","wp-includes/class-wp-customize-control.php","321","10","P1007","4","'$json' is deprecated."
"wordpress","wp-includes/class-wp-customize-control.php","322","10","P1007","4","'$json' is deprecated."
"wordpress","wp-includes/class-wp-customize-control.php","323","10","P1007","4","'$json' is deprecated."
"wordpress","wp-includes/class-wp-customize-control.php","324","10","P1007","4","'$json' is deprecated."
"wordpress","wp-includes/class-wp-customize-control.php","325","10","P1007","4","'$json' is deprecated."
"wordpress","wp-includes/class-wp-customize-control.php","326","10","P1007","4","'$json' is deprecated."
"wordpress","wp-includes/class-wp-customize-control.php","327","10","P1007","4","'$json' is deprecated."
"wordpress","wp-includes/class-wp-customize-control.php","330","11","P1007","4","'$json' is deprecated."
"wordpress","wp-includes/class-wp-customize-control.php","343","17","P1007","4","'$json' is deprecated."
"wordpress","wp-includes/class-wp-customize-manager.php","1439","62","P1116","2","Possible undefined variable '$attachment_ids'."
"wordpress","wp-includes/class-wp-customize-manager.php","1551","23","P1116","2","Possible undefined variable '$attachment_ids'."
"wordpress","wp-includes/class-wp-customize-manager.php","1566","15","P1116","2","Possible undefined variable '$attachment_ids'."
"wordpress","wp-includes/class-wp-customize-manager.php","1593","23","P1116","2","Possible undefined variable '$attachment_ids'."
"wordpress","wp-includes/class-wp-customize-manager.php","1608","15","P1116","2","Possible undefined variable '$attachment_ids'."
"wordpress","wp-includes/class-wp-customize-manager.php","2322","33","P1003","4","Symbol '$current_theme' is declared but not used."
"wordpress","wp-includes/class-wp-customize-manager.php","3040","65","P1003","4","Symbol '$postarr' is declared but not used."
"wordpress","wp-includes/class-wp-customize-manager.php","6076","59","P1003","4","Symbol '$selective_refresh' is declared but not used."
"wordpress","wp-includes/class-wp-customize-nav-menus.php","906","29","P1003","4","Symbol '$slug' is declared but not used."
"wordpress","wp-includes/class-wp-customize-nav-menus.php","918","29","P1003","4","Symbol '$slug' is declared but not used."
"wordpress","wp-includes/class-wp-customize-widgets.php","302","68","P1003","4","Symbol '$old_sidebars_widgets' is declared but not used."
"wordpress","wp-includes/class-wp-customize-widgets.php","527","28","P1116","2","Possible undefined variable '$section_id'."
"wordpress","wp-includes/class-wp-date-query.php","524","12","P1014","1","Undefined property '$comments'."
"wordpress","wp-includes/class-wp-date-query.php","534","28","P1014","1","Undefined property '$blogs'."
"wordpress","wp-includes/class-wp-date-query.php","721","49","P1003","4","Symbol '$parent_query' is declared but not used."
"wordpress","wp-includes/class-wp-duotone.php","785","22","P1007","4","'get_filter_id_from_preset' is deprecated."
"wordpress","wp-includes/class-wp-duotone.php","1163","22","P1116","2","Possible undefined variable '$filter_id'."
"wordpress","wp-includes/class-wp-duotone.php","1346","22","P1007","4","'get_filter_id_from_preset' is deprecated."
"wordpress","wp-includes/class-wp-editor.php","13","16","P1132","3","Property $mce_locale has no type information available."
"wordpress","wp-includes/class-wp-editor.php","19","17","P1132","3","Property $ext_plugins has no type information available."
"wordpress","wp-includes/class-wp-editor.php","20","17","P1132","3","Property $baseurl has no type information available."
"wordpress","wp-includes/class-wp-editor.php","21","17","P1132","3","Property $first_init has no type information available."
"wordpress","wp-includes/class-wp-editor.php","29","17","P1132","3","Property $translation has no type information available."
"wordpress","wp-includes/class-wp-embed.php","12","9","P1132","3","Property $post_ID has no type information available."
"wordpress","wp-includes/class-wp-embed.php","154","32","P1003","4","Symbol '$priority' is declared but not used."
"wordpress","wp-includes/class-wp-embed.php","155","27","P1003","4","Symbol '$id' is declared but not used."
"wordpress","wp-includes/class-wp-fatal-error-handler.php","62","23","P1003","4","Symbol '$e' is declared but not used."
"wordpress","wp-includes/class-wp-feed-cache-transient.php","18","42","P1007","4","'SimplePie\Cache\Base' is deprecated."
"wordpress","wp-includes/class-wp-feed-cache-transient.php","58","31","P1003","4","Symbol '$location' is declared but not used."
"wordpress","wp-includes/class-wp-feed-cache-transient.php","58","49","P1003","4","Symbol '$type' is declared but not used."
"wordpress","wp-includes/class-wp-feed-cache.php","24","29","P1007","4","'SimplePie\Cache' is deprecated."
"wordpress","wp-includes/class-wp-http-curl.php","246","6","P1007","4","'curl_close' is deprecated."
"wordpress","wp-includes/class-wp-http-curl.php","254","6","P1007","4","'curl_close' is deprecated."
"wordpress","wp-includes/class-wp-http-curl.php","261","5","P1007","4","'curl_close' is deprecated."
"wordpress","wp-includes/class-wp-http-curl.php","293","8","P1007","4","'curl_close' is deprecated."
"wordpress","wp-includes/class-wp-http-curl.php","301","8","P1007","4","'curl_close' is deprecated."
"wordpress","wp-includes/class-wp-http-curl.php","312","7","P1007","4","'curl_close' is deprecated."
"wordpress","wp-includes/class-wp-http-curl.php","321","6","P1007","4","'curl_close' is deprecated."
"wordpress","wp-includes/class-wp-http-curl.php","329","4","P1007","4","'curl_close' is deprecated."
"wordpress","wp-includes/class-wp-http-curl.php","373","35","P1003","4","Symbol '$handle' is declared but not used."
"wordpress","wp-includes/class-wp-http-curl.php","391","32","P1003","4","Symbol '$handle' is declared but not used."
"wordpress","wp-includes/class-wp-http-encoding.php","33","53","P1003","4","Symbol '$supports' is declared but not used."
"wordpress","wp-includes/class-wp-http-encoding.php","51","50","P1003","4","Symbol '$length' is declared but not used."
"wordpress","wp-includes/class-wp-http-ixr-client.php","10","9","P1132","3","Property $scheme has no type information available."
"wordpress","wp-includes/class-wp-http-ixr-client.php","56","28","P1132","3","Parameter $args has no type information available."
"wordpress","wp-includes/class-wp-http-ixr-client.php","112","10","P1006","1","Expected type 'object'. Found 'bool'."
"wordpress","wp-includes/class-wp-http-ixr-client.php","119","20","P1006","1","Expected type 'object'. Found 'bool'."
"wordpress","wp-includes/class-wp-http-ixr-client.php","120","34","P1006","1","Expected type 'object'. Found 'bool'."
"wordpress","wp-includes/class-wp-http-ixr-client.php","120","61","P1006","1","Expected type 'object'. Found 'bool'."
"wordpress","wp-includes/class-wp-http-streams.php","530","33","P1007","4","'WP_Http_Streams' is deprecated."
"wordpress","wp-includes/class-wp-http-streams.php","174","22","P1116","2","Possible undefined variable '$error_reporting'."
"wordpress","wp-includes/class-wp-http-streams.php","209","11","P1007","4","'WP_Http_Streams' is deprecated."
"wordpress","wp-includes/class-wp-http-streams.php","308","6","P1116","2","Possible undefined variable '$response'."
"wordpress","wp-includes/class-wp-http-streams.php","371","49","P1116","2","Possible undefined variable '$processed_response'."
"wordpress","wp-includes/class-wp-http-streams.php","399","64","P1116","2","Possible undefined variable '$processed_response'."
"wordpress","wp-includes/class-wp-http-streams.php","403","15","P1116","2","Possible undefined variable '$processed_response'."
"wordpress","wp-includes/class-wp-http-streams.php","405","42","P1116","2","Possible undefined variable '$processed_response'."
"wordpress","wp-includes/class-wp-http-streams.php","408","23","P1116","2","Possible undefined variable '$processed_response'."
"wordpress","wp-includes/class-wp-http-streams.php","458","60","P1006","1","Expected type 'int'. Found ''CN''."
"wordpress","wp-includes/class-wp-image-editor-gd.php","28","5","P1007","4","'imagedestroy' is deprecated."
"wordpress","wp-includes/class-wp-image-editor-gd.php","194","5","P1007","4","'imagedestroy' is deprecated."
"wordpress","wp-includes/class-wp-image-editor-gd.php","335","5","P1007","4","'imagedestroy' is deprecated."
"wordpress","wp-includes/class-wp-image-editor-gd.php","395","5","P1007","4","'imagedestroy' is deprecated."
"wordpress","wp-includes/class-wp-image-editor-gd.php","426","6","P1007","4","'imagedestroy' is deprecated."
"wordpress","wp-includes/class-wp-image-editor-gd.php","461","6","P1007","4","'imagedestroy' is deprecated."
"wordpress","wp-includes/class-wp-image-editor-gd.php","640","9","P1003","4","Symbol '$filename' is declared but not used."
"wordpress","wp-includes/class-wp-image-editor-gd.php","640","20","P1003","4","Symbol '$extension' is declared but not used."
"wordpress","wp-includes/class-wp-image-editor-imagick.php","20","10","P1133","3","PHPDoc undefined type 'Imagick'."
"wordpress","wp-includes/class-wp-image-editor-imagick.php","1106","12","P1133","3","PHPDoc undefined type 'Imagick'."
"wordpress","wp-includes/class-wp-image-editor-imagick.php","1187","12","P1133","3","PHPDoc undefined type 'Imagick'."
"wordpress","wp-includes/class-wp-image-editor-imagick.php","47","32","P1009","1","Undefined type 'Imagick'."
"wordpress","wp-includes/class-wp-image-editor-imagick.php","137","21","P1009","1","Undefined type 'Imagick'."
"wordpress","wp-includes/class-wp-image-editor-imagick.php","138","23","P1003","4","Symbol '$e' is declared but not used."
"wordpress","wp-includes/class-wp-image-editor-imagick.php","151","32","P1009","1","Undefined type 'Imagick'."
"wordpress","wp-includes/class-wp-image-editor-imagick.php","337","23","P1009","1","Undefined type 'Imagick'."
"wordpress","wp-includes/class-wp-image-editor-imagick.php","412","41","P1009","1","Undefined type 'imagick'."
"wordpress","wp-includes/class-wp-image-editor-imagick.php","460","24","P1003","4","Symbol '$e' is declared but not used."
"wordpress","wp-includes/class-wp-image-editor-imagick.php","521","22","P1009","1","Undefined type 'Imagick'."
"wordpress","wp-includes/class-wp-image-editor-imagick.php","521","49","P1009","1","Undefined type 'Imagick'."
"wordpress","wp-includes/class-wp-image-editor-imagick.php","530","4","P1009","1","Undefined type 'Imagick'."
"wordpress","wp-includes/class-wp-image-editor-imagick.php","530","31","P1009","1","Undefined type 'Imagick'."
"wordpress","wp-includes/class-wp-image-editor-imagick.php","567","9","P1003","4","Symbol '$dst_x' is declared but not used."
"wordpress","wp-includes/class-wp-image-editor-imagick.php","567","17","P1003","4","Symbol '$dst_y' is declared but not used."
"wordpress","wp-includes/class-wp-image-editor-imagick.php","630","54","P1009","1","Undefined type 'Imagick'."
"wordpress","wp-includes/class-wp-image-editor-imagick.php","685","51","P1009","1","Undefined type 'Imagick'."
"wordpress","wp-includes/class-wp-image-editor-imagick.php","761","11","P1009","1","Undefined type 'Imagick'."
"wordpress","wp-includes/class-wp-image-editor-imagick.php","781","51","P1009","1","Undefined type 'Imagick'."
"wordpress","wp-includes/class-wp-image-editor-imagick.php","782","42","P1009","1","Undefined type 'Imagick'."
"wordpress","wp-includes/class-wp-image-editor-imagick.php","978","35","P1009","1","Undefined type 'ImagickPixel'."
"wordpress","wp-includes/class-wp-image-editor-imagick.php","982","40","P1009","1","Undefined type 'Imagick'."
"wordpress","wp-includes/class-wp-image-editor-imagick.php","1020","40","P1009","1","Undefined type 'Imagick'."
"wordpress","wp-includes/class-wp-image-editor-imagick.php","1090","14","P1009","1","Undefined type 'Imagick'."
"wordpress","wp-includes/class-wp-image-editor-imagick.php","1095","85","P1009","1","Undefined type 'Imagick'."
"wordpress","wp-includes/class-wp-image-editor-imagick.php","1144","39","P1009","1","Undefined type 'Imagick'."
"wordpress","wp-includes/class-wp-image-editor-imagick.php","1146","39","P1009","1","Undefined type 'Imagick'."
"wordpress","wp-includes/class-wp-image-editor-imagick.php","1120","28","P1003","4","Symbol '$image' is declared but not used."
"wordpress","wp-includes/class-wp-image-editor-imagick.php","1241","9","P1003","4","Symbol '$filename' is declared but not used."
"wordpress","wp-includes/class-wp-image-editor-imagick.php","1310","69","P1003","4","Symbol '$value' is declared but not used."
"wordpress","wp-includes/class-wp-image-editor-imagick.php","1386","24","P1003","4","Symbol '$e' is declared but not used."
"wordpress","wp-includes/class-wp-locale.php","132","10","P1007","4","'register_globals' is deprecated."
"wordpress","wp-includes/class-wp-metadata-lazyloader.php","183","62","P1003","4","Symbol '$meta_key' is declared but not used."
"wordpress","wp-includes/class-wp-metadata-lazyloader.php","183","73","P1003","4","Symbol '$single' is declared but not used."
"wordpress","wp-includes/class-wp-network-query.php","378","23","P1014","1","Undefined property '$site'."
"wordpress","wp-includes/class-wp-network-query.php","396","22","P1014","1","Undefined property '$site'."
"wordpress","wp-includes/class-wp-network-query.php","401","57","P1014","1","Undefined property '$site'."
"wordpress","wp-includes/class-wp-network-query.php","406","61","P1014","1","Undefined property '$site'."
"wordpress","wp-includes/class-wp-network-query.php","410","68","P1014","1","Undefined property '$site'."
"wordpress","wp-includes/class-wp-network-query.php","415","56","P1014","1","Undefined property '$site'."
"wordpress","wp-includes/class-wp-network-query.php","415","102","P1013","1","Undefined method '_escape'."
"wordpress","wp-includes/class-wp-network-query.php","420","60","P1014","1","Undefined property '$site'."
"wordpress","wp-includes/class-wp-network-query.php","420","110","P1013","1","Undefined method '_escape'."
"wordpress","wp-includes/class-wp-network-query.php","424","66","P1014","1","Undefined property '$site'."
"wordpress","wp-includes/class-wp-network-query.php","429","54","P1014","1","Undefined property '$site'."
"wordpress","wp-includes/class-wp-network-query.php","429","98","P1013","1","Undefined method '_escape'."
"wordpress","wp-includes/class-wp-network-query.php","434","58","P1014","1","Undefined property '$site'."
"wordpress","wp-includes/class-wp-network-query.php","434","106","P1013","1","Undefined method '_escape'."
"wordpress","wp-includes/class-wp-network-query.php","441","20","P1014","1","Undefined property '$site'."
"wordpress","wp-includes/class-wp-network-query.php","441","42","P1014","1","Undefined property '$site'."
"wordpress","wp-includes/class-wp-network-query.php","497","48","P1014","1","Undefined property '$site'."
"wordpress","wp-includes/class-wp-network-query.php","592","35","P1014","1","Undefined property '$site'."
"wordpress","wp-includes/class-wp-network-query.php","595","34","P1014","1","Undefined property '$site'."
"wordpress","wp-includes/class-wp-network-query.php","597","22","P1014","1","Undefined property '$site'."
"wordpress","wp-includes/class-wp-network.php","110","71","P1014","1","Undefined property '$site'."
"wordpress","wp-includes/class-wp-object-cache.php","301","56","P1003","4","Symbol '$expire' is declared but not used."
"wordpress","wp-includes/class-wp-object-cache.php","362","49","P1003","4","Symbol '$force' is declared but not used."
"wordpress","wp-includes/class-wp-object-cache.php","424","52","P1003","4","Symbol '$deprecated' is declared but not used."
"wordpress","wp-includes/class-wp-oembed.php","538","41","P1003","4","Symbol '$format' is declared but not used."
"wordpress","wp-includes/class-wp-oembed.php","678","14","P1007","4","'libxml_disable_entity_loader' is deprecated."
"wordpress","wp-includes/class-wp-oembed.php","689","4","P1007","4","'libxml_disable_entity_loader' is deprecated."
"wordpress","wp-includes/class-wp-oembed.php","808","42","P1003","4","Symbol '$data' is declared but not used."
"wordpress","wp-includes/class-wp-oembed.php","808","49","P1003","4","Symbol '$url' is declared but not used."
"wordpress","wp-includes/class-wp-query.php","2829","51","P1014","1","Undefined property '$comments'."
"wordpress","wp-includes/class-wp-query.php","2830","59","P1014","1","Undefined property '$comments'."
"wordpress","wp-includes/class-wp-query.php","2831","26","P1014","1","Undefined property '$comments'."
"wordpress","wp-includes/class-wp-query.php","2833","51","P1014","1","Undefined property '$comments'."
"wordpress","wp-includes/class-wp-query.php","2834","151","P1014","1","Undefined property '$comments'."
"wordpress","wp-includes/class-wp-query.php","2894","50","P1014","1","Undefined property '$comments'."
"wordpress","wp-includes/class-wp-query.php","2894","84","P1014","1","Undefined property '$comments'."
"wordpress","wp-includes/class-wp-query.php","3336","26","P1116","2","Possible undefined variable '$cache_key'."
"wordpress","wp-includes/class-wp-query.php","3374","26","P1116","2","Possible undefined variable '$cache_key'."
"wordpress","wp-includes/class-wp-query.php","3463","68","P1116","2","Possible undefined variable '$cache_found'."
"wordpress","wp-includes/class-wp-query.php","3472","25","P1116","2","Possible undefined variable '$cache_key'."
"wordpress","wp-includes/class-wp-query.php","3550","156","P1014","1","Undefined property '$comments'."
"wordpress","wp-includes/class-wp-query.php","3563","40","P1014","1","Undefined property '$comments'."
"wordpress","wp-includes/class-wp-query.php","3563","74","P1014","1","Undefined property '$comments'."
"wordpress","wp-includes/class-wp-query.php","5076","25","P1013","1","Undefined method 'placeholder_escape'."
"wordpress","wp-includes/class-wp-query.php","5089","22","P1013","1","Undefined method 'remove_placeholder_escape'."
"wordpress","wp-includes/class-wp-query.php","5097","17","P1013","1","Undefined method 'remove_placeholder_escape'."
"wordpress","wp-includes/class-wp-query.php","5129","46","P1003","4","Symbol '$term_id' is declared but not used."
"wordpress","wp-includes/class-wp-query.php","5144","49","P1003","4","Symbol '$comment_id' is declared but not used."
"wordpress","wp-includes/class-wp-rewrite.php","445","30","P1003","4","Symbol '$post' is declared but not used."
"wordpress","wp-includes/class-wp-rewrite.php","1039","46","P1116","2","Possible undefined variable '$rootcommentmatch'."
"wordpress","wp-includes/class-wp-rewrite.php","1039","67","P1116","2","Possible undefined variable '$rootcommentquery'."
"wordpress","wp-includes/class-wp-rewrite.php","1044","23","P1116","2","Possible undefined variable '$ep_query_append'."
"wordpress","wp-includes/class-wp-rewrite.php","1156","25","P1116","2","Possible undefined variable '$ep_query_append'."
"wordpress","wp-includes/class-wp-rewrite.php","1197","37","P1116","2","Possible undefined variable '$trackbackmatch'."
"wordpress","wp-includes/class-wp-rewrite.php","1197","56","P1116","2","Possible undefined variable '$trackbackquery'."
"wordpress","wp-includes/class-wp-rewrite.php","1208","9","P1116","2","Possible undefined variable '$sub1'."
"wordpress","wp-includes/class-wp-rewrite.php","1208","25","P1116","2","Possible undefined variable '$subquery'."
"wordpress","wp-includes/class-wp-rewrite.php","1209","9","P1116","2","Possible undefined variable '$sub1tb'."
"wordpress","wp-includes/class-wp-rewrite.php","1209","25","P1116","2","Possible undefined variable '$subtbquery'."
"wordpress","wp-includes/class-wp-rewrite.php","1210","9","P1116","2","Possible undefined variable '$sub1feed'."
"wordpress","wp-includes/class-wp-rewrite.php","1210","25","P1116","2","Possible undefined variable '$subfeedquery'."
"wordpress","wp-includes/class-wp-rewrite.php","1211","9","P1116","2","Possible undefined variable '$sub1feed2'."
"wordpress","wp-includes/class-wp-rewrite.php","1211","25","P1116","2","Possible undefined variable '$subfeedquery'."
"wordpress","wp-includes/class-wp-rewrite.php","1212","9","P1116","2","Possible undefined variable '$sub1comment'."
"wordpress","wp-includes/class-wp-rewrite.php","1212","25","P1116","2","Possible undefined variable '$subcommentquery'."
"wordpress","wp-includes/class-wp-rewrite.php","1213","9","P1116","2","Possible undefined variable '$sub1embed'."
"wordpress","wp-includes/class-wp-rewrite.php","1213","25","P1116","2","Possible undefined variable '$subembedquery'."
"wordpress","wp-includes/class-wp-rewrite.php","1220","8","P1116","2","Possible undefined variable '$sub2'."
"wordpress","wp-includes/class-wp-rewrite.php","1220","24","P1116","2","Possible undefined variable '$subquery'."
"wordpress","wp-includes/class-wp-rewrite.php","1221","8","P1116","2","Possible undefined variable '$sub2tb'."
"wordpress","wp-includes/class-wp-rewrite.php","1221","24","P1116","2","Possible undefined variable '$subtbquery'."
"wordpress","wp-includes/class-wp-rewrite.php","1222","8","P1116","2","Possible undefined variable '$sub2feed'."
"wordpress","wp-includes/class-wp-rewrite.php","1222","24","P1116","2","Possible undefined variable '$subfeedquery'."
"wordpress","wp-includes/class-wp-rewrite.php","1223","8","P1116","2","Possible undefined variable '$sub2feed2'."
"wordpress","wp-includes/class-wp-rewrite.php","1223","24","P1116","2","Possible undefined variable '$subfeedquery'."
"wordpress","wp-includes/class-wp-rewrite.php","1224","8","P1116","2","Possible undefined variable '$sub2comment'."
"wordpress","wp-includes/class-wp-rewrite.php","1224","24","P1116","2","Possible undefined variable '$subcommentquery'."
"wordpress","wp-includes/class-wp-rewrite.php","1225","8","P1116","2","Possible undefined variable '$sub2embed'."
"wordpress","wp-includes/class-wp-rewrite.php","1225","24","P1116","2","Possible undefined variable '$subembedquery'."
"wordpress","wp-includes/class-wp-roles.php","105","18","P1007","4","'_init' is deprecated."
"wordpress","wp-includes/class-wp-roles.php","342","28","P1013","1","Undefined method 'get_blog_prefix'."
"wordpress","wp-includes/class-wp-scripts.php","393","12","P1007","4","'$concat_version' is deprecated."
"wordpress","wp-includes/class-wp-scripts.php","1227","10","P1007","4","'$concat_version' is deprecated."
"wordpress","wp-includes/class-wp-simplepie-file.php","47","10","P1007","4","'$url' is deprecated."
"wordpress","wp-includes/class-wp-simplepie-file.php","50","10","P1007","4","'$headers' is deprecated."
"wordpress","wp-includes/class-wp-simplepie-file.php","51","10","P1007","4","'$useragent' is deprecated."
"wordpress","wp-includes/class-wp-simplepie-file.php","53","10","P1007","4","'$method' is deprecated."
"wordpress","wp-includes/class-wp-simplepie-file.php","61","25","P1007","4","'$headers' is deprecated."
"wordpress","wp-includes/class-wp-simplepie-file.php","62","31","P1007","4","'$headers' is deprecated."
"wordpress","wp-includes/class-wp-simplepie-file.php","65","60","P1007","4","'$useragent' is deprecated."
"wordpress","wp-includes/class-wp-simplepie-file.php","66","34","P1007","4","'$useragent' is deprecated."
"wordpress","wp-includes/class-wp-simplepie-file.php","76","12","P1007","4","'$headers' is deprecated."
"wordpress","wp-includes/class-wp-simplepie-file.php","78","17","P1007","4","'$headers' is deprecated."
"wordpress","wp-includes/class-wp-simplepie-file.php","79","13","P1007","4","'$headers' is deprecated."
"wordpress","wp-includes/class-wp-simplepie-file.php","79","30","P1007","4","'$headers' is deprecated."
"wordpress","wp-includes/class-wp-simplepie-file.php","92","22","P1007","4","'$headers' is deprecated."
"wordpress","wp-includes/class-wp-simplepie-file.php","98","14","P1007","4","'$headers' is deprecated."
"wordpress","wp-includes/class-wp-simplepie-file.php","100","14","P1007","4","'$headers' is deprecated."
"wordpress","wp-includes/class-wp-simplepie-file.php","104","12","P1007","4","'$body' is deprecated."
"wordpress","wp-includes/class-wp-simplepie-file.php","105","12","P1007","4","'$status_code' is deprecated."
"wordpress","wp-includes/class-wp-simplepie-file.php","46","104","P1003","4","Symbol '$force_fsockopen' is declared but not used."
"wordpress","wp-includes/class-wp-simplepie-sanitize-kses.php","42","115","P1007","4","'SIMPLEPIE_PCRE_HTML_ATTRIBUTE' is deprecated."
"wordpress","wp-includes/class-wp-site-query.php","306","75","P1014","1","Undefined property '$blogs'."
"wordpress","wp-includes/class-wp-site-query.php","483","24","P1014","1","Undefined property '$blogs'."
"wordpress","wp-includes/class-wp-site-query.php","501","23","P1014","1","Undefined property '$blogs'."
"wordpress","wp-includes/class-wp-site-query.php","507","65","P1014","1","Undefined property '$blogs'."
"wordpress","wp-includes/class-wp-site-query.php","512","55","P1014","1","Undefined property '$blogs'."
"wordpress","wp-includes/class-wp-site-query.php","517","59","P1014","1","Undefined property '$blogs'."
"wordpress","wp-includes/class-wp-site-query.php","542","90","P1013","1","Undefined method '_escape'."
"wordpress","wp-includes/class-wp-site-query.php","547","98","P1013","1","Undefined method '_escape'."
"wordpress","wp-includes/class-wp-site-query.php","556","86","P1013","1","Undefined method '_escape'."
"wordpress","wp-includes/class-wp-site-query.php","561","94","P1013","1","Undefined method '_escape'."
"wordpress","wp-includes/class-wp-site-query.php","650","25","P1014","1","Undefined property '$blogs'."
"wordpress","wp-includes/class-wp-site-query.php","702","48","P1014","1","Undefined property '$blogs'."
"wordpress","wp-includes/class-wp-site-query.php","797","33","P1014","1","Undefined property '$blogs'."
"wordpress","wp-includes/class-wp-site-query.php","801","36","P1014","1","Undefined property '$blogs'."
"wordpress","wp-includes/class-wp-site-query.php","824","24","P1014","1","Undefined property '$blogs'."
"wordpress","wp-includes/class-wp-site.php","179","68","P1014","1","Undefined property '$blogs'."
"wordpress","wp-includes/class-wp-styles.php","173","12","P1007","4","'$concat_version' is deprecated."
"wordpress","wp-includes/class-wp-styles.php","489","10","P1007","4","'$concat_version' is deprecated."
"wordpress","wp-includes/class-wp-tax-query.php","419","38","P1014","1","Undefined property '$term_relationships'."
"wordpress","wp-includes/class-wp-tax-query.php","427","33","P1014","1","Undefined property '$term_relationships'."
"wordpress","wp-includes/class-wp-tax-query.php","444","17","P1014","1","Undefined property '$term_relationships'."
"wordpress","wp-includes/class-wp-tax-query.php","460","17","P1014","1","Undefined property '$term_relationships'."
"wordpress","wp-includes/class-wp-tax-query.php","470","18","P1014","1","Undefined property '$term_relationships'."
"wordpress","wp-includes/class-wp-tax-query.php","471","24","P1014","1","Undefined property '$term_taxonomy'."
"wordpress","wp-includes/class-wp-tax-query.php","472","16","P1014","1","Undefined property '$term_taxonomy'."
"wordpress","wp-includes/class-wp-tax-query.php","472","56","P1014","1","Undefined property '$term_relationships'."
"wordpress","wp-includes/class-wp-tax-query.php","473","19","P1014","1","Undefined property '$term_taxonomy'."
"wordpress","wp-includes/class-wp-tax-query.php","474","17","P1014","1","Undefined property '$term_relationships'."
"wordpress","wp-includes/class-wp-term-query.php","698","32","P1014","1","Undefined property '$term_taxonomy'."
"wordpress","wp-includes/class-wp-term-query.php","701","37","P1014","1","Undefined property '$term_relationships'."
"wordpress","wp-includes/class-wp-term-query.php","745","48","P1014","1","Undefined property '$terms'."
"wordpress","wp-includes/class-wp-term-query.php","807","26","P1116","2","Possible undefined variable '$cache_key'."
"wordpress","wp-includes/class-wp-term-query.php","807","62","P1116","2","Possible undefined variable '$last_changed'."
"wordpress","wp-includes/class-wp-term-query.php","818","26","P1116","2","Possible undefined variable '$cache_key'."
"wordpress","wp-includes/class-wp-term-query.php","818","68","P1116","2","Possible undefined variable '$last_changed'."
"wordpress","wp-includes/class-wp-term-query.php","904","25","P1116","2","Possible undefined variable '$cache_key'."
"wordpress","wp-includes/class-wp-term-query.php","904","66","P1116","2","Possible undefined variable '$last_changed'."
"wordpress","wp-includes/class-wp-term-query.php","1174","17","P1013","1","Undefined method 'remove_placeholder_escape'."
"wordpress","wp-includes/class-wp-term.php","132","79","P1014","1","Undefined property '$terms'."
"wordpress","wp-includes/class-wp-term.php","132","108","P1014","1","Undefined property '$term_taxonomy'."
"wordpress","wp-includes/class-wp-text-diff-renderer-table.php","299","23","P1003","4","Symbol '$final_matches' is declared but not used."
"wordpress","wp-includes/class-wp-text-diff-renderer-table.php","414","34","P1003","4","Symbol '$difference' is declared but not used."
"wordpress","wp-includes/class-wp-textdomain-registry.php","252","45","P1003","4","Symbol '$upgrader' is declared but not used."
"wordpress","wp-includes/class-wp-theme-json-resolver.php","215","39","P1003","4","Symbol '$block_type' is declared but not used."
"wordpress","wp-includes/class-wp-theme-json-resolver.php","813","57","P1003","4","Symbol '$parent' is declared but not used."
"wordpress","wp-includes/class-wp-theme-json-resolver.php","814","50","P1003","4","Symbol '$child' is declared but not used."
"wordpress","wp-includes/class-wp-theme-json-resolver.php","823","42","P1003","4","Symbol '$file' is declared but not used."
"wordpress","wp-includes/class-wp-theme.php","1509","53","P1116","2","Possible undefined variable '$_extensions'."
"wordpress","wp-includes/class-wp-theme.php","1656","64","P1003","4","Symbol '$name' is declared but not used."
"wordpress","wp-includes/class-wp-theme.php","2138","25","P1003","4","Symbol '$key' is declared but not used."
"wordpress","wp-includes/class-wp-user-query.php","63","9","P1132","3","Property $query_fields has no type information available."
"wordpress","wp-includes/class-wp-user-query.php","64","9","P1132","3","Property $query_from has no type information available."
"wordpress","wp-includes/class-wp-user-query.php","65","9","P1132","3","Property $query_where has no type information available."
"wordpress","wp-includes/class-wp-user-query.php","66","9","P1132","3","Property $query_orderby has no type information available."
"wordpress","wp-includes/class-wp-user-query.php","67","9","P1132","3","Property $query_limit has no type information available."
"wordpress","wp-includes/class-wp-user-query.php","357","33","P1013","1","Undefined method 'get_blog_prefix'."
"wordpress","wp-includes/class-wp-user-query.php","412","25","P1013","1","Undefined method 'get_blog_prefix'."
"wordpress","wp-includes/class-wp-user-query.php","524","26","P1013","1","Undefined method 'get_blog_prefix'."
"wordpress","wp-includes/class-wp-user-query.php","532","28","P1013","1","Undefined method 'get_blog_prefix'."
"wordpress","wp-includes/class-wp-user-query.php","564","27","P1013","1","Undefined method 'get_blog_prefix'."
"wordpress","wp-includes/class-wp-user-query.php","577","27","P1013","1","Undefined method 'get_blog_prefix'."
"wordpress","wp-includes/class-wp-user-query.php","590","27","P1013","1","Undefined method 'get_blog_prefix'."
"wordpress","wp-includes/class-wp-user-query.php","602","26","P1013","1","Undefined method 'get_blog_prefix'."
"wordpress","wp-includes/class-wp-user-query.php","1017","24","P1014","1","Undefined property '$usermeta'."
"wordpress","wp-includes/class-wp-user-query.php","1019","24","P1014","1","Undefined property '$usermeta'."
"wordpress","wp-includes/class-wp-user-query.php","1056","17","P1013","1","Undefined method 'remove_placeholder_escape'."
"wordpress","wp-includes/class-wp-user-query.php","1052","41","P1003","4","Symbol '$deprecated' is declared but not used."
"wordpress","wp-includes/class-wp-xmlrpc-server.php","5124","39","P1003","4","Symbol '$args' is declared but not used."
"wordpress","wp-includes/class-wp-xmlrpc-server.php","5137","39","P1003","4","Symbol '$args' is declared but not used."
"wordpress","wp-includes/class-wp-xmlrpc-server.php","6885","140","P1014","1","Undefined property '$comments'."
"wordpress","wp-includes/class-wp-xmlrpc-server.php","7064","66","P1014","1","Undefined property '$comments'."
"wordpress","wp-includes/class-wp-xmlrpc-server.php","7174","46","P1116","2","Possible undefined variable '$excerpt'."
"wordpress","wp-includes/class-wp-xmlrpc-server.php","7252","140","P1014","1","Undefined property '$comments'."
"wordpress","wp-includes/class-wp.php","273","61","P1116","2","Possible undefined variable '$matches'."
"wordpress","wp-includes/class-wpdb.php","1337","33","P1119","3","Too many arguments. Expected 1. Found 2."
"wordpress","wp-includes/class-wpdb.php","1337","27","P1007","4","'escape' is deprecated."
"wordpress","wp-includes/class-wpdb.php","1339","39","P1119","3","Too many arguments. Expected 1. Found 2."
"wordpress","wp-includes/class-wpdb.php","1339","27","P1007","4","'_weak_escape' is deprecated."
"wordpress","wp-includes/class-wpdb.php","1343","31","P1119","3","Too many arguments. Expected 1. Found 2."
"wordpress","wp-includes/class-wpdb.php","1343","19","P1007","4","'_weak_escape' is deprecated."
"wordpress","wp-includes/compat.php","54","14","P1003","4","Symbol '$errno' is declared but not used."
"wordpress","wp-includes/compat.php","406","25","P1132","3","Parameter $iso_8859_1_text has no type information available."
"wordpress","wp-includes/compat.php","440","25","P1132","3","Parameter $utf8_text has no type information available."
"wordpress","wp-includes/compat.php","476","27","P1003","4","Symbol '$v' is declared but not used."
"wordpress","wp-includes/connectors.php","403","24","P1003","4","Symbol '$e' is declared but not used."
"wordpress","wp-includes/connectors.php","697","77","P1003","4","Symbol '$server' is declared but not used."
"wordpress","wp-includes/connectors.php","923","25","P1003","4","Symbol '$e' is declared but not used."
"wordpress","wp-includes/cron.php","724","36","P1003","4","Symbol '$args' is declared but not used."
"wordpress","wp-includes/cron.php","817","23","P1124","3","Loop variable $timestamp is also declared as a parameter."
"wordpress","wp-includes/cron.php","1075","44","P1003","4","Symbol '$args' is declared but not used."
"wordpress","wp-includes/customize/class-wp-customize-color-control.php","76","10","P1007","4","'$json' is deprecated."
"wordpress","wp-includes/customize/class-wp-customize-color-control.php","77","10","P1007","4","'$json' is deprecated."
"wordpress","wp-includes/customize/class-wp-customize-color-control.php","78","10","P1007","4","'$json' is deprecated."
"wordpress","wp-includes/customize/class-wp-customize-cropped-image-control.php","80","10","P1007","4","'$json' is deprecated."
"wordpress","wp-includes/customize/class-wp-customize-cropped-image-control.php","81","10","P1007","4","'$json' is deprecated."
"wordpress","wp-includes/customize/class-wp-customize-cropped-image-control.php","82","10","P1007","4","'$json' is deprecated."
"wordpress","wp-includes/customize/class-wp-customize-cropped-image-control.php","83","10","P1007","4","'$json' is deprecated."
"wordpress","wp-includes/customize/class-wp-customize-date-time-control.php","261","24","P1003","4","Symbol '$e' is declared but not used."
"wordpress","wp-includes/customize/class-wp-customize-image-control.php","48","27","P1003","4","Symbol '$id' is declared but not used."
"wordpress","wp-includes/customize/class-wp-customize-image-control.php","48","32","P1003","4","Symbol '$label' is declared but not used."
"wordpress","wp-includes/customize/class-wp-customize-image-control.php","48","40","P1003","4","Symbol '$callback' is declared but not used."
"wordpress","wp-includes/customize/class-wp-customize-image-control.php","58","30","P1003","4","Symbol '$id' is declared but not used."
"wordpress","wp-includes/customize/class-wp-customize-image-control.php","69","35","P1003","4","Symbol '$url' is declared but not used."
"wordpress","wp-includes/customize/class-wp-customize-image-control.php","69","41","P1003","4","Symbol '$thumbnail_url' is declared but not used."
"wordpress","wp-includes/customize/class-wp-customize-nav-menu-item-setting.php","491","63","P1003","4","Symbol '$args' is declared but not used."
"wordpress","wp-includes/customize/class-wp-customize-nav-menu-item-setting.php","567","61","P1003","4","Symbol '$menu' is declared but not used."
"wordpress","wp-includes/customize/class-wp-customize-nav-menu-item-setting.php","585","30","P1003","4","Symbol '$item' is declared but not used."
"wordpress","wp-includes/customize/class-wp-customize-nav-menu-location-control.php","46","10","P1007","4","'$json' is deprecated."
"wordpress","wp-includes/customize/class-wp-customize-theme-control.php","44","10","P1007","4","'$json' is deprecated."
"wordpress","wp-includes/customize/class-wp-customize-themes-section.php","197","49","P1124","3","Loop variable $feature_name is also declared in an outer loop."
"wordpress","wp-includes/customize/class-wp-widget-area-customize-control.php","44","11","P1007","4","'$json' is deprecated."
"wordpress","wp-includes/customize/class-wp-widget-form-customize-control.php","95","11","P1007","4","'$json' is deprecated."
"wordpress","wp-includes/customize/class-wp-widget-form-customize-control.php","119","10","P1007","4","'$json' is deprecated."
"wordpress","wp-includes/customize/class-wp-widget-form-customize-control.php","120","10","P1007","4","'$json' is deprecated."
"wordpress","wp-includes/deprecated.php","137","99","P1003","4","Symbol '$limitprev' is declared but not used."
"wordpress","wp-includes/deprecated.php","174","87","P1003","4","Symbol '$limitnext' is declared but not used."
"wordpress","wp-includes/deprecated.php","208","41","P1003","4","Symbol '$blog_id' is declared but not used."
"wordpress","wp-includes/deprecated.php","208","55","P1003","4","Symbol '$category_id' is declared but not used."
"wordpress","wp-includes/deprecated.php","227","42","P1003","4","Symbol '$blog_id' is declared but not used."
"wordpress","wp-includes/deprecated.php","227","56","P1003","4","Symbol '$category_id' is declared but not used."
"wordpress","wp-includes/deprecated.php","246","49","P1003","4","Symbol '$blog_id' is declared but not used."
"wordpress","wp-includes/deprecated.php","278","9","P1007","4","'user_can_edit_post' is deprecated."
"wordpress","wp-includes/deprecated.php","297","44","P1007","4","'user_can_create_post' is deprecated."
"wordpress","wp-includes/deprecated.php","316","44","P1007","4","'user_can_edit_post' is deprecated."
"wordpress","wp-includes/deprecated.php","335","9","P1007","4","'user_can_edit_post' is deprecated."
"wordpress","wp-includes/deprecated.php","354","9","P1007","4","'user_can_edit_post_comments' is deprecated."
"wordpress","wp-includes/deprecated.php","414","2","P1007","4","'get_links' is deprecated."
"wordpress","wp-includes/deprecated.php","477","9","P1007","4","'get_linkobjects' is deprecated."
"wordpress","wp-includes/deprecated.php","562","2","P1007","4","'get_linksbyname' is deprecated."
"wordpress","wp-includes/deprecated.php","593","2","P1007","4","'get_links' is deprecated."
"wordpress","wp-includes/deprecated.php","605","25","P1003","4","Symbol '$id' is declared but not used."
"wordpress","wp-includes/deprecated.php","644","9","P1007","4","'wp_list_cats' is deprecated."
"wordpress","wp-includes/deprecated.php","751","27","P1003","4","Symbol '$blogid' is declared but not used."
"wordpress","wp-includes/deprecated.php","769","27","P1003","4","Symbol '$blogid' is declared but not used."
"wordpress","wp-includes/deprecated.php","878","31","P1003","4","Symbol '$deprecated' is declared but not used."
"wordpress","wp-includes/deprecated.php","1019","26","P1007","4","'get_linkrating' is deprecated."
"wordpress","wp-includes/deprecated.php","1068","4","P1007","4","'get_links' is deprecated."
"wordpress","wp-includes/deprecated.php","1088","29","P1003","4","Symbol '$text' is declared but not used."
"wordpress","wp-includes/deprecated.php","1088","46","P1003","4","Symbol '$width' is declared but not used."
"wordpress","wp-includes/deprecated.php","1088","58","P1003","4","Symbol '$height' is declared but not used."
"wordpress","wp-includes/deprecated.php","1088","71","P1003","4","Symbol '$file' is declared but not used."
"wordpress","wp-includes/deprecated.php","1088","94","P1003","4","Symbol '$count' is declared but not used."
"wordpress","wp-includes/deprecated.php","1244","40","P1003","4","Symbol '$no_cache' is declared but not used."
"wordpress","wp-includes/deprecated.php","1244","55","P1003","4","Symbol '$include_unapproved' is declared but not used."
"wordpress","wp-includes/deprecated.php","1285","13","P1007","4","'get_all_category_ids' is deprecated."
"wordpress","wp-includes/deprecated.php","1296","14","P1007","4","'get_category_children' is deprecated."
"wordpress","wp-includes/deprecated.php","1701","14","P1007","4","'make_url_footnote' is deprecated."
"wordpress","wp-includes/deprecated.php","1717","4","P1116","2","Possible undefined variable '$excerpt'."
"wordpress","wp-includes/deprecated.php","1718","3","P1116","2","Possible undefined variable '$excerpt'."
"wordpress","wp-includes/deprecated.php","1683","71","P1003","4","Symbol '$more_file' is declared but not used."
"wordpress","wp-includes/deprecated.php","1826","25","P1132","3","Parameter $args has no type information available."
"wordpress","wp-includes/deprecated.php","1838","30","P1132","3","Parameter $args has no type information available."
"wordpress","wp-includes/deprecated.php","1884","15","P1007","4","'get_attachment_innerHTML' is deprecated."
"wordpress","wp-includes/deprecated.php","1927","21","P1116","2","Possible undefined variable '$src_file'."
"wordpress","wp-includes/deprecated.php","1948","15","P1007","4","'get_attachment_icon_src' is deprecated."
"wordpress","wp-includes/deprecated.php","2004","20","P1007","4","'get_attachment_icon' is deprecated."
"wordpress","wp-includes/deprecated.php","2243","62","P1014","1","Undefined property '$usermeta'."
"wordpress","wp-includes/deprecated.php","2249","52","P1014","1","Undefined property '$usermeta'."
"wordpress","wp-includes/deprecated.php","2251","52","P1014","1","Undefined property '$usermeta'."
"wordpress","wp-includes/deprecated.php","2295","75","P1014","1","Undefined property '$usermeta'."
"wordpress","wp-includes/deprecated.php","2297","74","P1014","1","Undefined property '$usermeta'."
"wordpress","wp-includes/deprecated.php","2348","10","P1007","4","'delete_usermeta' is deprecated."
"wordpress","wp-includes/deprecated.php","2351","62","P1014","1","Undefined property '$usermeta'."
"wordpress","wp-includes/deprecated.php","2357","24","P1014","1","Undefined property '$usermeta'."
"wordpress","wp-includes/deprecated.php","2359","24","P1014","1","Undefined property '$usermeta'."
"wordpress","wp-includes/deprecated.php","2396","24","P1013","1","Undefined method 'get_blog_prefix'."
"wordpress","wp-includes/deprecated.php","2397","138","P1014","1","Undefined property '$usermeta'."
"wordpress","wp-includes/deprecated.php","2397","181","P1014","1","Undefined property '$usermeta'."
"wordpress","wp-includes/deprecated.php","2397","260","P1014","1","Undefined property '$usermeta'."
"wordpress","wp-includes/deprecated.php","2600","48","P1003","4","Symbol '$prev_id' is declared but not used."
"wordpress","wp-includes/deprecated.php","2600","91","P1003","4","Symbol '$tab_index' is declared but not used."
"wordpress","wp-includes/deprecated.php","2600","107","P1003","4","Symbol '$extended' is declared but not used."
"wordpress","wp-includes/deprecated.php","2732","7","P1007","4","'get_boundary_post_rel_link' is deprecated."
"wordpress","wp-includes/deprecated.php","2759","7","P1007","4","'get_index_rel_link' is deprecated."
"wordpress","wp-includes/deprecated.php","2807","7","P1007","4","'get_parent_post_rel_link' is deprecated."
"wordpress","wp-includes/deprecated.php","2862","23","P1003","4","Symbol '$filename' is declared but not used."
"wordpress","wp-includes/deprecated.php","2862","34","P1003","4","Symbol '$mode' is declared but not used."
"wordpress","wp-includes/deprecated.php","2879","24","P1003","4","Symbol '$fp' is declared but not used."
"wordpress","wp-includes/deprecated.php","2896","24","P1003","4","Symbol '$fp' is declared but not used."
"wordpress","wp-includes/deprecated.php","2947","12","P1007","4","'get_themes' is deprecated."
"wordpress","wp-includes/deprecated.php","3155","28","P1003","4","Symbol '$action' is declared but not used."
"wordpress","wp-includes/deprecated.php","3187","31","P1003","4","Symbol '$post' is declared but not used."
"wordpress","wp-includes/deprecated.php","3568","44","P1003","4","Symbol '$matches' is declared but not used."
"wordpress","wp-includes/deprecated.php","3707","10","P1007","4","'wp_get_http' is deprecated."
"wordpress","wp-includes/deprecated.php","3808","40","P1003","4","Symbol '$matches' is declared but not used."
"wordpress","wp-includes/deprecated.php","3808","50","P1003","4","Symbol '$attr' is declared but not used."
"wordpress","wp-includes/deprecated.php","3808","57","P1003","4","Symbol '$url' is declared but not used."
"wordpress","wp-includes/deprecated.php","3808","63","P1003","4","Symbol '$rawattr' is declared but not used."
"wordpress","wp-includes/deprecated.php","3967","24","P1009","1","Undefined type 'WP_Press_This_Plugin'."
"wordpress","wp-includes/deprecated.php","3984","24","P1009","1","Undefined type 'WP_Press_This_Plugin'."
"wordpress","wp-includes/deprecated.php","4165","3","P1007","4","'wp_no_robots' is deprecated."
"wordpress","wp-includes/deprecated.php","4253","9","P1007","4","'wp_get_duotone_filter_property' is deprecated."
"wordpress","wp-includes/deprecated.php","4407","40","P1007","4","'_get_path_to_translation_from_lang_dir' is deprecated."
"wordpress","wp-includes/deprecated.php","4791","11","P1007","4","'wp_get_loading_attr_default' is deprecated."
"wordpress","wp-includes/deprecated.php","4897","10","P1007","4","'wp_tinycolor_bound01' is deprecated."
"wordpress","wp-includes/deprecated.php","4898","10","P1007","4","'wp_tinycolor_bound01' is deprecated."
"wordpress","wp-includes/deprecated.php","4899","10","P1007","4","'wp_tinycolor_bound01' is deprecated."
"wordpress","wp-includes/deprecated.php","4961","7","P1007","4","'wp_tinycolor_bound01' is deprecated."
"wordpress","wp-includes/deprecated.php","4962","7","P1007","4","'wp_tinycolor_bound01' is deprecated."
"wordpress","wp-includes/deprecated.php","4963","7","P1007","4","'wp_tinycolor_bound01' is deprecated."
"wordpress","wp-includes/deprecated.php","4973","8","P1007","4","'wp_tinycolor_hue_to_rgb' is deprecated."
"wordpress","wp-includes/deprecated.php","4974","8","P1007","4","'wp_tinycolor_hue_to_rgb' is deprecated."
"wordpress","wp-includes/deprecated.php","4975","8","P1007","4","'wp_tinycolor_hue_to_rgb' is deprecated."
"wordpress","wp-includes/deprecated.php","5019","10","P1007","4","'wp_tinycolor_rgb_to_rgb' is deprecated."
"wordpress","wp-includes/deprecated.php","5034","10","P1007","4","'wp_tinycolor_rgb_to_rgb' is deprecated."
"wordpress","wp-includes/deprecated.php","5042","15","P1007","4","'_wp_tinycolor_bound_alpha' is deprecated."
"wordpress","wp-includes/deprecated.php","5049","10","P1007","4","'wp_tinycolor_hsl_to_rgb' is deprecated."
"wordpress","wp-includes/deprecated.php","5064","10","P1007","4","'wp_tinycolor_hsl_to_rgb' is deprecated."
"wordpress","wp-includes/deprecated.php","5072","15","P1007","4","'_wp_tinycolor_bound_alpha' is deprecated."
"wordpress","wp-includes/deprecated.php","5079","10","P1007","4","'wp_tinycolor_rgb_to_rgb' is deprecated."
"wordpress","wp-includes/deprecated.php","5087","15","P1007","4","'_wp_tinycolor_bound_alpha' is deprecated."
"wordpress","wp-includes/deprecated.php","5096","10","P1007","4","'wp_tinycolor_rgb_to_rgb' is deprecated."
"wordpress","wp-includes/deprecated.php","5111","10","P1007","4","'wp_tinycolor_rgb_to_rgb' is deprecated."
"wordpress","wp-includes/deprecated.php","5119","15","P1007","4","'_wp_tinycolor_bound_alpha' is deprecated."
"wordpress","wp-includes/deprecated.php","5128","10","P1007","4","'wp_tinycolor_rgb_to_rgb' is deprecated."
"wordpress","wp-includes/deprecated.php","5168","21","P1007","4","'get_filter_id_from_preset' is deprecated."
"wordpress","wp-includes/deprecated.php","5185","21","P1007","4","'get_filter_css_property_value_from_preset' is deprecated."
"wordpress","wp-includes/deprecated.php","5201","21","P1007","4","'get_filter_svg_from_preset' is deprecated."
"wordpress","wp-includes/deprecated.php","5305","13","P1007","4","'wp_get_global_styles_svg_filters' is deprecated."
"wordpress","wp-includes/deprecated.php","5325","68","P1003","4","Symbol '$attributes' is declared but not used."
"wordpress","wp-includes/deprecated.php","5614","34","P1003","4","Symbol '$value' is declared but not used."
"wordpress","wp-includes/deprecated.php","5735","37","P1003","4","Symbol '$font_family' is declared but not used."
"wordpress","wp-includes/deprecated.php","6286","54","P1003","4","Symbol '$block' is declared but not used."
"wordpress","wp-includes/deprecated.php","6355","23","P1007","4","'get_custom_css' is deprecated."
"wordpress","wp-includes/deprecated.php","6380","17","P1007","4","'wp_get_global_styles_custom_css' is deprecated."
"wordpress","wp-includes/embed.php","272","34","P1003","4","Symbol '$matches' is declared but not used."
"wordpress","wp-includes/embed.php","299","34","P1003","4","Symbol '$matches' is declared but not used."
"wordpress","wp-includes/feed-atom-comments.php","72","28","P1008","1","Undefined variable '$comment'."
"wordpress","wp-includes/feed-atom-comments.php","117","16","P1008","1","Undefined variable '$comment'."
"wordpress","wp-includes/feed-atom-comments.php","122","35","P1008","1","Undefined variable '$comment'."
"wordpress","wp-includes/feed-atom-comments.php","141","36","P1008","1","Undefined variable '$comment'."
"wordpress","wp-includes/feed-rdf.php","79","52","P1008","1","Undefined variable '$post'."
"wordpress","wp-includes/feed-rss2-comments.php","75","29","P1008","1","Undefined variable '$comment'."
"wordpress","wp-includes/feed-rss2-comments.php","119","34","P1008","1","Undefined variable '$comment'."
"wordpress","wp-includes/fonts/class-wp-font-face.php","190","40","P1003","4","Symbol '$value' is declared but not used."
"wordpress","wp-includes/fonts.php","179","45","P1006","1","Expected type 'int'. Found ''basedir''."
"wordpress","wp-includes/fonts.php","180","45","P1006","1","Expected type 'int'. Found ''baseurl''."
"wordpress","wp-includes/fonts.php","182","45","P1006","1","Expected type 'int'. Found ''basedir''."
"wordpress","wp-includes/fonts.php","183","45","P1006","1","Expected type 'int'. Found ''baseurl''."
"wordpress","wp-includes/general-template.php","1628","33","P1116","2","Possible undefined variable '$post_type_object'."
"wordpress","wp-includes/general-template.php","2876","43","P1003","4","Symbol '$limits' is declared but not used."
"wordpress","wp-includes/general-template.php","3909","22","P1003","4","Symbol '$key' is declared but not used."
"wordpress","wp-includes/general-template.php","4969","13","P1006","1","Expected type 'iterable|object'. Found 'null'."
"wordpress","wp-includes/general-template.php","4969","44","P1003","4","Symbol '$format_arg_value' is declared but not used."
"wordpress","wp-includes/general-template.php","5498","53","P1116","2","Possible undefined variable '$gen'."
"wordpress","wp-includes/global-styles-and-settings.php","342","18","P1116","2","Possible undefined variable '$cache_key'."
"wordpress","wp-includes/global-styles-and-settings.php","342","30","P1116","2","Possible undefined variable '$cached'."
"wordpress","wp-includes/html-api/class-wp-html-decoder.php","119","20","P1116","2","Possible undefined variable '$token_length'."
"wordpress","wp-includes/html-api/class-wp-html-decoder.php","203","17","P1116","2","Possible undefined variable '$token_length'."
"wordpress","wp-includes/html-api/class-wp-html-doctype-info.php","556","3","P1108","4","Unreachable code detected."
"wordpress","wp-includes/html-api/class-wp-html-doctype-info.php","563","11","P1080","1","Cannot access private constructor WP_HTML_Doctype_Info::__construct() from never scope."
"wordpress","wp-includes/html-api/class-wp-html-doctype-info.php","573","11","P1080","1","Cannot access private constructor WP_HTML_Doctype_Info::__construct() from never scope."
"wordpress","wp-includes/html-api/class-wp-html-doctype-info.php","587","11","P1080","1","Cannot access private constructor WP_HTML_Doctype_Info::__construct() from never scope."
"wordpress","wp-includes/html-api/class-wp-html-doctype-info.php","606","11","P1080","1","Cannot access private constructor WP_HTML_Doctype_Info::__construct() from never scope."
"wordpress","wp-includes/html-api/class-wp-html-doctype-info.php","616","11","P1080","1","Cannot access private constructor WP_HTML_Doctype_Info::__construct() from never scope."
"wordpress","wp-includes/html-api/class-wp-html-doctype-info.php","619","10","P1080","1","Cannot access private constructor WP_HTML_Doctype_Info::__construct() from never scope."
"wordpress","wp-includes/html-api/class-wp-html-open-elements.php","483","47","P1003","4","Symbol '$tag_name' is declared but not used."
"wordpress","wp-includes/html-api/class-wp-html-processor.php","2807","5","P1108","4","Unreachable code detected."
"wordpress","wp-includes/html-api/class-wp-html-processor.php","3370","3","P1108","4","Unreachable code detected."
"wordpress","wp-includes/html-api/class-wp-html-processor.php","3409","8","P1116","2","Possible undefined variable '$node'."
"wordpress","wp-includes/html-api/class-wp-html-processor.php","3415","9","P1116","2","Possible undefined variable '$node'."
"wordpress","wp-includes/html-api/class-wp-html-tag-processor.php","1692","35","P1116","2","Possible undefined variable '$closer_potentially_starts_at'."
"wordpress","wp-includes/html-api/class-wp-html-tag-processor.php","1693","35","P1116","2","Possible undefined variable '$closer_potentially_starts_at'."
"wordpress","wp-includes/html-api/class-wp-html-tag-processor.php","4834","58","P1003","4","Symbol '$action' is declared but not used."
"wordpress","wp-includes/html-api/class-wp-html-tag-processor.php","4876","58","P1003","4","Symbol '$action' is declared but not used."
"wordpress","wp-includes/http.php","716","88","P1014","1","Undefined property '$blogs'."
"wordpress","wp-includes/ID3/getid3.lib.php","574","43","P1003","4","Symbol '$val' is declared but not used."
"wordpress","wp-includes/ID3/getid3.lib.php","749","17","P1007","4","'libxml_disable_entity_loader' is deprecated."
"wordpress","wp-includes/ID3/getid3.lib.php","752","7","P1007","4","'libxml_disable_entity_loader' is deprecated."
"wordpress","wp-includes/ID3/getid3.lib.php","1710","3","P1003","4","Symbol '$keylength' is declared but not used."
"wordpress","wp-includes/ID3/getid3.php","443","9","P1007","4","'get_magic_quotes_runtime' is deprecated."
"wordpress","wp-includes/ID3/getid3.php","480","28","P1003","4","Symbol '$key' is declared but not used."
"wordpress","wp-includes/ID3/getid3.php","489","15","P1003","4","Symbol '$dummy' is declared but not used."
"wordpress","wp-includes/ID3/getid3.php","489","23","P1003","4","Symbol '$date' is declared but not used."
"wordpress","wp-includes/ID3/getid3.php","489","30","P1003","4","Symbol '$time' is declared but not used."
"wordpress","wp-includes/ID3/getid3.php","489","37","P1003","4","Symbol '$ampm' is declared but not used."
"wordpress","wp-includes/ID3/getid3.php","775","11","P1003","4","Symbol '$dummy' is declared but not used."
"wordpress","wp-includes/ID3/getid3.php","865","36","P1003","4","Symbol '$dummy' is declared but not used."
"wordpress","wp-includes/ID3/getid3.php","876","36","P1003","4","Symbol '$value' is declared but not used."
"wordpress","wp-includes/ID3/getid3.php","1559","43","P1003","4","Symbol '$format_name' is declared but not used."
"wordpress","wp-includes/ID3/getid3.php","1715","36","P1124","3","Loop variable $tagarray is also declared in an outer loop."
"wordpress","wp-includes/ID3/getid3.php","1984","5","P1003","4","Symbol '$PlaytimeSeconds' is declared but not used."
"wordpress","wp-includes/ID3/getid3.php","1995","6","P1003","4","Symbol '$PlaytimeSeconds' is declared but not used."
"wordpress","wp-includes/ID3/getid3.php","2420","28","P1003","4","Symbol '$text' is declared but not used."
"wordpress","wp-includes/ID3/module.audio-video.asf.php","100","49","P1011","1","Undefined constant 'GETID3_ASF_Header_Object'."
"wordpress","wp-includes/ID3/module.audio-video.asf.php","102","194","P1011","1","Undefined constant 'GETID3_ASF_Header_Object'."
"wordpress","wp-includes/ID3/module.audio-video.asf.php","124","10","P1011","1","Undefined constant 'GETID3_ASF_File_Properties_Object'."
"wordpress","wp-includes/ID3/module.audio-video.asf.php","200","10","P1011","1","Undefined constant 'GETID3_ASF_Stream_Properties_Object'."
"wordpress","wp-includes/ID3/module.audio-video.asf.php","251","12","P1011","1","Undefined constant 'GETID3_ASF_Audio_Media'."
"wordpress","wp-includes/ID3/module.audio-video.asf.php","260","12","P1011","1","Undefined constant 'GETID3_ASF_Video_Media'."
"wordpress","wp-includes/ID3/module.audio-video.asf.php","265","12","P1011","1","Undefined constant 'GETID3_ASF_Command_Media'."
"wordpress","wp-includes/ID3/module.audio-video.asf.php","276","10","P1011","1","Undefined constant 'GETID3_ASF_Header_Extension_Object'."
"wordpress","wp-includes/ID3/module.audio-video.asf.php","297","63","P1011","1","Undefined constant 'GETID3_ASF_Reserved_1'."
"wordpress","wp-includes/ID3/module.audio-video.asf.php","298","224","P1011","1","Undefined constant 'GETID3_ASF_Reserved_1'."
"wordpress","wp-includes/ID3/module.audio-video.asf.php","320","10","P1011","1","Undefined constant 'GETID3_ASF_Codec_List_Object'."
"wordpress","wp-includes/ID3/module.audio-video.asf.php","465","10","P1011","1","Undefined constant 'GETID3_ASF_Script_Command_Object'."
"wordpress","wp-includes/ID3/module.audio-video.asf.php","525","10","P1011","1","Undefined constant 'GETID3_ASF_Marker_Object'."
"wordpress","wp-includes/ID3/module.audio-video.asf.php","598","10","P1011","1","Undefined constant 'GETID3_ASF_Bitrate_Mutual_Exclusion_Object'."
"wordpress","wp-includes/ID3/module.audio-video.asf.php","618","69","P1011","1","Undefined constant 'GETID3_ASF_Mutex_Bitrate'."
"wordpress","wp-includes/ID3/module.audio-video.asf.php","618","157","P1011","1","Undefined constant 'GETID3_ASF_Mutex_Unknown'."
"wordpress","wp-includes/ID3/module.audio-video.asf.php","619","238","P1011","1","Undefined constant 'GETID3_ASF_Mutex_Bitrate'."
"wordpress","wp-includes/ID3/module.audio-video.asf.php","619","330","P1011","1","Undefined constant 'GETID3_ASF_Mutex_Unknown'."
"wordpress","wp-includes/ID3/module.audio-video.asf.php","631","10","P1011","1","Undefined constant 'GETID3_ASF_Error_Correction_Object'."
"wordpress","wp-includes/ID3/module.audio-video.asf.php","654","12","P1011","1","Undefined constant 'GETID3_ASF_No_Error_Correction'."
"wordpress","wp-includes/ID3/module.audio-video.asf.php","659","12","P1011","1","Undefined constant 'GETID3_ASF_Audio_Spread'."
"wordpress","wp-includes/ID3/module.audio-video.asf.php","680","256","P1011","1","Undefined constant 'GETID3_ASF_No_Error_Correction'."
"wordpress","wp-includes/ID3/module.audio-video.asf.php","680","353","P1011","1","Undefined constant 'GETID3_ASF_Audio_Spread'."
"wordpress","wp-includes/ID3/module.audio-video.asf.php","687","10","P1011","1","Undefined constant 'GETID3_ASF_Content_Description_Object'."
"wordpress","wp-includes/ID3/module.audio-video.asf.php","740","10","P1011","1","Undefined constant 'GETID3_ASF_Extended_Content_Description_Object'."
"wordpress","wp-includes/ID3/module.audio-video.asf.php","945","10","P1011","1","Undefined constant 'GETID3_ASF_Stream_Bitrate_Properties_Object'."
"wordpress","wp-includes/ID3/module.audio-video.asf.php","977","10","P1011","1","Undefined constant 'GETID3_ASF_Padding_Object'."
"wordpress","wp-includes/ID3/module.audio-video.asf.php","997","10","P1011","1","Undefined constant 'GETID3_ASF_Extended_Content_Encryption_Object'."
"wordpress","wp-includes/ID3/module.audio-video.asf.php","998","10","P1011","1","Undefined constant 'GETID3_ASF_Content_Encryption_Object'."
"wordpress","wp-includes/ID3/module.audio-video.asf.php","1049","11","P1011","1","Undefined constant 'GETID3_ASF_Audio_Media'."
"wordpress","wp-includes/ID3/module.audio-video.asf.php","1106","11","P1011","1","Undefined constant 'GETID3_ASF_Video_Media'."
"wordpress","wp-includes/ID3/module.audio-video.asf.php","1199","10","P1011","1","Undefined constant 'GETID3_ASF_Data_Object'."
"wordpress","wp-includes/ID3/module.audio-video.asf.php","1245","10","P1011","1","Undefined constant 'GETID3_ASF_Simple_Index_Object'."
"wordpress","wp-includes/ID3/module.audio-video.asf.php","1292","10","P1011","1","Undefined constant 'GETID3_ASF_Index_Object'."
"wordpress","wp-includes/ID3/module.audio-video.asf.php","1078","89","P1003","4","Symbol '$dummy' is declared but not used."
"wordpress","wp-includes/ID3/module.audio-video.asf.php","1164","89","P1003","4","Symbol '$dummy' is declared but not used."
"wordpress","wp-includes/ID3/module.audio-video.asf.php","1802","10","P1011","1","Undefined constant 'GETID3_ASF_Extended_Stream_Properties_Object'."
"wordpress","wp-includes/ID3/module.audio-video.asf.php","1893","10","P1011","1","Undefined constant 'GETID3_ASF_Advanced_Mutual_Exclusion_Object'."
"wordpress","wp-includes/ID3/module.audio-video.asf.php","1908","10","P1011","1","Undefined constant 'GETID3_ASF_Stream_Prioritization_Object'."
"wordpress","wp-includes/ID3/module.audio-video.asf.php","1927","10","P1011","1","Undefined constant 'GETID3_ASF_Padding_Object'."
"wordpress","wp-includes/ID3/module.audio-video.asf.php","1931","10","P1011","1","Undefined constant 'GETID3_ASF_Metadata_Object'."
"wordpress","wp-includes/ID3/module.audio-video.asf.php","1986","10","P1011","1","Undefined constant 'GETID3_ASF_Language_List_Object'."
"wordpress","wp-includes/ID3/module.audio-video.asf.php","2003","10","P1011","1","Undefined constant 'GETID3_ASF_Metadata_Library_Object'."
"wordpress","wp-includes/ID3/module.audio-video.asf.php","2044","10","P1011","1","Undefined constant 'GETID3_ASF_Index_Parameters_Object'."
"wordpress","wp-includes/ID3/module.audio-video.asf.php","2069","10","P1011","1","Undefined constant 'GETID3_ASF_Media_Object_Index_Parameters_Object'."
"wordpress","wp-includes/ID3/module.audio-video.asf.php","2094","10","P1011","1","Undefined constant 'GETID3_ASF_Timecode_Index_Parameters_Object'."
"wordpress","wp-includes/ID3/module.audio-video.asf.php","2132","10","P1011","1","Undefined constant 'GETID3_ASF_Compatibility_Object'."
"wordpress","wp-includes/ID3/module.audio-video.asf.php","2034","31","P1003","4","Symbol '$key' is declared but not used."
"wordpress","wp-includes/ID3/module.audio-video.asf.php","2034","39","P1003","4","Symbol '$value' is declared but not used."
"wordpress","wp-includes/ID3/module.audio-video.flv.php","101","3","P1003","4","Symbol '$FLVdataLength' is declared but not used."
"wordpress","wp-includes/ID3/module.audio-video.flv.php","134","4","P1003","4","Symbol '$PreviousTagLength' is declared but not used."
"wordpress","wp-includes/ID3/module.audio-video.flv.php","172","9","P1003","4","Symbol '$configurationVersion' is declared but not used."
"wordpress","wp-includes/ID3/module.audio-video.flv.php","173","9","P1003","4","Symbol '$AVCProfileIndication' is declared but not used."
"wordpress","wp-includes/ID3/module.audio-video.flv.php","174","9","P1003","4","Symbol '$profile_compatibility' is declared but not used."
"wordpress","wp-includes/ID3/module.audio-video.flv.php","175","9","P1003","4","Symbol '$lengthSizeMinusOne' is declared but not used."
"wordpress","wp-includes/ID3/module.audio-video.flv.php","692","3","P1003","4","Symbol '$highestIndex' is declared but not used."
"wordpress","wp-includes/ID3/module.audio-video.flv.php","730","3","P1003","4","Symbol '$timezone' is declared but not used."
"wordpress","wp-includes/ID3/module.audio-video.flv.php","752","3","P1003","4","Symbol '$className' is declared but not used."
"wordpress","wp-includes/ID3/module.audio-video.flv.php","790","4","P1003","4","Symbol '$level_idc' is declared but not used."
"wordpress","wp-includes/ID3/module.audio-video.matroska.php","257","10","P1132","3","Property $scan_mode has no type information available."
"wordpress","wp-includes/ID3/module.audio-video.matroska.php","298","42","P1003","4","Symbol '$key' is declared but not used."
"wordpress","wp-includes/ID3/module.audio-video.matroska.php","305","54","P1003","4","Symbol '$key' is declared but not used."
"wordpress","wp-includes/ID3/module.audio-video.matroska.php","532","49","P1003","4","Symbol '$i' is declared but not used."
"wordpress","wp-includes/ID3/module.audio-video.matroska.php","551","42","P1003","4","Symbol '$key1' is declared but not used."
"wordpress","wp-includes/ID3/module.audio-video.matroska.php","553","39","P1003","4","Symbol '$key2' is declared but not used."
"wordpress","wp-includes/ID3/module.audio-video.matroska.php","583","12","P1006","1","Expected type 'array|string|ArrayAccess'. Found 'unset|null'."
"wordpress","wp-includes/ID3/module.audio-video.matroska.php","586","46","P1006","1","Expected type 'array|string|ArrayAccess'. Found 'unset|null'."
"wordpress","wp-includes/ID3/module.audio-video.matroska.php","587","46","P1006","1","Expected type 'array|string|ArrayAccess'. Found 'unset|null'."
"wordpress","wp-includes/ID3/module.audio-video.matroska.php","589","50","P1006","1","Expected type 'array|string|ArrayAccess'. Found 'null'."
"wordpress","wp-includes/ID3/module.audio-video.matroska.php","590","15","P1116","2","Possible undefined variable '$element_data'."
"wordpress","wp-includes/ID3/module.audio-video.matroska.php","598","59","P1116","2","Possible undefined variable '$element_data'."
"wordpress","wp-includes/ID3/module.audio-video.matroska.php","602","58","P1116","2","Possible undefined variable '$element_data'."
"wordpress","wp-includes/ID3/module.audio-video.matroska.php","608","53","P1116","2","Possible undefined variable '$element_data'."
"wordpress","wp-includes/ID3/module.audio-video.matroska.php","618","50","P1006","1","Expected type 'array|string|ArrayAccess'. Found 'unset|null'."
"wordpress","wp-includes/ID3/module.audio-video.matroska.php","619","50","P1006","1","Expected type 'array|string|ArrayAccess'. Found 'unset|null'."
"wordpress","wp-includes/ID3/module.audio-video.matroska.php","621","50","P1006","1","Expected type 'array|string|ArrayAccess'. Found 'null'."
"wordpress","wp-includes/ID3/module.audio-video.matroska.php","622","11","P1116","2","Possible undefined variable '$element_data'."
"wordpress","wp-includes/ID3/module.audio-video.matroska.php","625","15","P1006","1","Expected type 'array|string|ArrayAccess'. Found 'null'."
"wordpress","wp-includes/ID3/module.audio-video.matroska.php","629","51","P1006","1","Expected type 'array|string|ArrayAccess'. Found 'null'."
"wordpress","wp-includes/ID3/module.audio-video.matroska.php","630","18","P1116","2","Possible undefined variable '$seek_entry'."
"wordpress","wp-includes/ID3/module.audio-video.matroska.php","633","58","P1116","2","Possible undefined variable '$seek_entry'."
"wordpress","wp-includes/ID3/module.audio-video.matroska.php","635","21","P1006","1","Expected type 'array|string|ArrayAccess'. Found 'unset|null'."
"wordpress","wp-includes/ID3/module.audio-video.matroska.php","638","59","P1006","1","Expected type 'array|string|ArrayAccess'. Found 'unset|null'."
"wordpress","wp-includes/ID3/module.audio-video.matroska.php","643","46","P1006","1","Expected type 'array|string|ArrayAccess'. Found 'null'."
"wordpress","wp-includes/ID3/module.audio-video.matroska.php","643","98","P1006","1","Expected type 'array|string|ArrayAccess'. Found 'unset|null'."
"wordpress","wp-includes/ID3/module.audio-video.matroska.php","647","66","P1116","2","Possible undefined variable '$sub_seek_entry'."
"wordpress","wp-includes/ID3/module.audio-video.matroska.php","660","58","P1116","2","Possible undefined variable '$seek_entry'."
"wordpress","wp-includes/ID3/module.audio-video.matroska.php","669","52","P1006","1","Expected type 'array|string|ArrayAccess'. Found 'null'."
"wordpress","wp-includes/ID3/module.audio-video.matroska.php","670","18","P1116","2","Possible undefined variable '$track_entry'."
"wordpress","wp-includes/ID3/module.audio-video.matroska.php","675","21","P1006","1","Expected type 'array|string|ArrayAccess'. Found 'unset|null'."
"wordpress","wp-includes/ID3/module.audio-video.matroska.php","678","28","P1006","1","Expected type 'array|string|ArrayAccess'. Found 'unset|null'."
"wordpress","wp-includes/ID3/module.audio-video.matroska.php","678","80","P1006","1","Expected type 'array|string|ArrayAccess'. Found 'unset|null'."
"wordpress","wp-includes/ID3/module.audio-video.matroska.php","686","28","P1006","1","Expected type 'array|string|ArrayAccess'. Found 'unset|null'."
"wordpress","wp-includes/ID3/module.audio-video.matroska.php","686","80","P1006","1","Expected type 'array|string|ArrayAccess'. Found 'unset|null'."
"wordpress","wp-includes/ID3/module.audio-video.matroska.php","690","28","P1006","1","Expected type 'array|string|ArrayAccess'. Found 'unset|null'."
"wordpress","wp-includes/ID3/module.audio-video.matroska.php","690","82","P1006","1","Expected type 'array|string|ArrayAccess'. Found 'unset|null'."
"wordpress","wp-includes/ID3/module.audio-video.matroska.php","697","28","P1006","1","Expected type 'array|string|ArrayAccess'. Found 'unset|null'."
"wordpress","wp-includes/ID3/module.audio-video.matroska.php","697","79","P1006","1","Expected type 'array|string|ArrayAccess'. Found 'unset|null'."
"wordpress","wp-includes/ID3/module.audio-video.matroska.php","701","28","P1006","1","Expected type 'array|string|ArrayAccess'. Found 'unset|null'."
"wordpress","wp-includes/ID3/module.audio-video.matroska.php","701","81","P1006","1","Expected type 'array|string|ArrayAccess'. Found 'unset|null'."
"wordpress","wp-includes/ID3/module.audio-video.matroska.php","709","28","P1006","1","Expected type 'array|string|ArrayAccess'. Found 'unset|null'."
"wordpress","wp-includes/ID3/module.audio-video.matroska.php","709","87","P1006","1","Expected type 'array|string|ArrayAccess'. Found 'unset|null'."
"wordpress","wp-includes/ID3/module.audio-video.matroska.php","714","61","P1006","1","Expected type 'array|string|ArrayAccess'. Found 'null'."
"wordpress","wp-includes/ID3/module.audio-video.matroska.php","715","24","P1006","1","Expected type 'array|string|ArrayAccess'. Found 'unset|null'."
"wordpress","wp-includes/ID3/module.audio-video.matroska.php","729","31","P1006","1","Expected type 'array|string|ArrayAccess'. Found 'unset|null'."
"wordpress","wp-includes/ID3/module.audio-video.matroska.php","729","87","P1006","1","Expected type 'array|string|ArrayAccess'. Found 'unset|null'."
"wordpress","wp-includes/ID3/module.audio-video.matroska.php","733","31","P1006","1","Expected type 'array|string|ArrayAccess'. Found 'unset|null'."
"wordpress","wp-includes/ID3/module.audio-video.matroska.php","733","93","P1006","1","Expected type 'array|string|ArrayAccess'. Found 'unset|null'."
"wordpress","wp-includes/ID3/module.audio-video.matroska.php","737","31","P1006","1","Expected type 'array|string|ArrayAccess'. Found 'unset|null'."
"wordpress","wp-includes/ID3/module.audio-video.matroska.php","737","89","P1006","1","Expected type 'array|string|ArrayAccess'. Found 'unset|null'."
"wordpress","wp-includes/ID3/module.audio-video.matroska.php","741","31","P1006","1","Expected type 'array|string|ArrayAccess'. Found 'unset|null'."
"wordpress","wp-includes/ID3/module.audio-video.matroska.php","741","86","P1006","1","Expected type 'array|string|ArrayAccess'. Found 'unset|null'."
"wordpress","wp-includes/ID3/module.audio-video.matroska.php","745","67","P1116","2","Possible undefined variable '$sub_subelement'."
"wordpress","wp-includes/ID3/module.audio-video.matroska.php","753","61","P1006","1","Expected type 'array|string|ArrayAccess'. Found 'null'."
"wordpress","wp-includes/ID3/module.audio-video.matroska.php","754","24","P1006","1","Expected type 'array|string|ArrayAccess'. Found 'unset|null'."
"wordpress","wp-includes/ID3/module.audio-video.matroska.php","758","31","P1006","1","Expected type 'array|string|ArrayAccess'. Found 'unset|null'."
"wordpress","wp-includes/ID3/module.audio-video.matroska.php","758","87","P1006","1","Expected type 'array|string|ArrayAccess'. Found 'unset|null'."
"wordpress","wp-includes/ID3/module.audio-video.matroska.php","763","31","P1006","1","Expected type 'array|string|ArrayAccess'. Found 'unset|null'."
"wordpress","wp-includes/ID3/module.audio-video.matroska.php","763","89","P1006","1","Expected type 'array|string|ArrayAccess'. Found 'unset|null'."
"wordpress","wp-includes/ID3/module.audio-video.matroska.php","767","31","P1006","1","Expected type 'array|string|ArrayAccess'. Found 'unset|null'."
"wordpress","wp-includes/ID3/module.audio-video.matroska.php","767","86","P1006","1","Expected type 'array|string|ArrayAccess'. Found 'unset|null'."
"wordpress","wp-includes/ID3/module.audio-video.matroska.php","771","67","P1116","2","Possible undefined variable '$sub_subelement'."
"wordpress","wp-includes/ID3/module.audio-video.matroska.php","779","61","P1006","1","Expected type 'array|string|ArrayAccess'. Found 'null'."
"wordpress","wp-includes/ID3/module.audio-video.matroska.php","780","24","P1006","1","Expected type 'array|string|ArrayAccess'. Found 'unset|null'."
"wordpress","wp-includes/ID3/module.audio-video.matroska.php","784","68","P1006","1","Expected type 'array|string|ArrayAccess'. Found 'null'."
"wordpress","wp-includes/ID3/module.audio-video.matroska.php","785","27","P1006","1","Expected type 'array|string|ArrayAccess'. Found 'unset|null'."
"wordpress","wp-includes/ID3/module.audio-video.matroska.php","790","34","P1006","1","Expected type 'array|string|ArrayAccess'. Found 'null'."
"wordpress","wp-includes/ID3/module.audio-video.matroska.php","790","62","P1006","1","Expected type 'array|string|ArrayAccess'. Found 'unset|null'."
"wordpress","wp-includes/ID3/module.audio-video.matroska.php","790","122","P1006","1","Expected type 'array|string|ArrayAccess'. Found 'unset|null'."
"wordpress","wp-includes/ID3/module.audio-video.matroska.php","795","75","P1006","1","Expected type 'array|string|ArrayAccess'. Found 'null'."
"wordpress","wp-includes/ID3/module.audio-video.matroska.php","796","30","P1006","1","Expected type 'array|string|ArrayAccess'. Found 'unset|null'."
"wordpress","wp-includes/ID3/module.audio-video.matroska.php","799","37","P1006","1","Expected type 'array|string|ArrayAccess'. Found 'null'."
"wordpress","wp-includes/ID3/module.audio-video.matroska.php","799","65","P1006","1","Expected type 'array|string|ArrayAccess'. Found 'null'."
"wordpress","wp-includes/ID3/module.audio-video.matroska.php","799","97","P1006","1","Expected type 'array|string|ArrayAccess'. Found 'unset|null'."
"wordpress","wp-includes/ID3/module.audio-video.matroska.php","799","161","P1006","1","Expected type 'array|string|ArrayAccess'. Found 'unset|null'."
"wordpress","wp-includes/ID3/module.audio-video.matroska.php","803","37","P1006","1","Expected type 'array|string|ArrayAccess'. Found 'null'."
"wordpress","wp-includes/ID3/module.audio-video.matroska.php","803","65","P1006","1","Expected type 'array|string|ArrayAccess'. Found 'null'."
"wordpress","wp-includes/ID3/module.audio-video.matroska.php","803","97","P1006","1","Expected type 'array|string|ArrayAccess'. Found 'unset|null'."
"wordpress","wp-includes/ID3/module.audio-video.matroska.php","803","135","P1006","1","Expected type 'array|string|ArrayAccess'. Found 'unset|null'."
"wordpress","wp-includes/ID3/module.audio-video.matroska.php","807","119","P1116","2","Possible undefined variable '$sub_sub_sub_subelement'."
"wordpress","wp-includes/ID3/module.audio-video.matroska.php","815","75","P1006","1","Expected type 'array|string|ArrayAccess'. Found 'null'."
"wordpress","wp-includes/ID3/module.audio-video.matroska.php","816","30","P1006","1","Expected type 'array|string|ArrayAccess'. Found 'unset|null'."
"wordpress","wp-includes/ID3/module.audio-video.matroska.php","821","37","P1006","1","Expected type 'array|string|ArrayAccess'. Found 'null'."
"wordpress","wp-includes/ID3/module.audio-video.matroska.php","821","65","P1006","1","Expected type 'array|string|ArrayAccess'. Found 'null'."
"wordpress","wp-includes/ID3/module.audio-video.matroska.php","821","97","P1006","1","Expected type 'array|string|ArrayAccess'. Found 'unset|null'."
"wordpress","wp-includes/ID3/module.audio-video.matroska.php","821","161","P1006","1","Expected type 'array|string|ArrayAccess'. Found 'unset|null'."
"wordpress","wp-includes/ID3/module.audio-video.matroska.php","827","37","P1006","1","Expected type 'array|string|ArrayAccess'. Found 'null'."
"wordpress","wp-includes/ID3/module.audio-video.matroska.php","827","65","P1006","1","Expected type 'array|string|ArrayAccess'. Found 'null'."
"wordpress","wp-includes/ID3/module.audio-video.matroska.php","827","97","P1006","1","Expected type 'array|string|ArrayAccess'. Found 'unset|null'."
"wordpress","wp-includes/ID3/module.audio-video.matroska.php","827","135","P1006","1","Expected type 'array|string|ArrayAccess'. Found 'unset|null'."
"wordpress","wp-includes/ID3/module.audio-video.matroska.php","831","119","P1116","2","Possible undefined variable '$sub_sub_sub_subelement'."
"wordpress","wp-includes/ID3/module.audio-video.matroska.php","838","97","P1116","2","Possible undefined variable '$sub_sub_subelement'."
"wordpress","wp-includes/ID3/module.audio-video.matroska.php","845","78","P1116","2","Possible undefined variable '$sub_subelement'."
"wordpress","wp-includes/ID3/module.audio-video.matroska.php","852","58","P1116","2","Possible undefined variable '$subelement'."
"wordpress","wp-includes/ID3/module.audio-video.matroska.php","861","56","P1116","2","Possible undefined variable '$track_entry'."
"wordpress","wp-includes/ID3/module.audio-video.matroska.php","870","51","P1006","1","Expected type 'array|string|ArrayAccess'. Found 'null'."
"wordpress","wp-includes/ID3/module.audio-video.matroska.php","871","18","P1006","1","Expected type 'array|string|ArrayAccess'. Found 'unset|null'."
"wordpress","wp-includes/ID3/module.audio-video.matroska.php","874","24","P1006","1","Expected type 'array|string|ArrayAccess'. Found 'unset|null'."
"wordpress","wp-includes/ID3/module.audio-video.matroska.php","874","76","P1006","1","Expected type 'array|string|ArrayAccess'. Found 'unset|null'."
"wordpress","wp-includes/ID3/module.audio-video.matroska.php","878","24","P1006","1","Expected type 'array|string|ArrayAccess'. Found 'unset|null'."
"wordpress","wp-includes/ID3/module.audio-video.matroska.php","878","78","P1006","1","Expected type 'array|string|ArrayAccess'. Found 'unset|null'."
"wordpress","wp-includes/ID3/module.audio-video.matroska.php","882","24","P1006","1","Expected type 'array|string|ArrayAccess'. Found 'unset|null'."
"wordpress","wp-includes/ID3/module.audio-video.matroska.php","882","84","P1006","1","Expected type 'array|string|ArrayAccess'. Found 'unset|null'."
"wordpress","wp-includes/ID3/module.audio-video.matroska.php","883","24","P1006","1","Expected type 'array|string|ArrayAccess'. Found 'unset|null'."
"wordpress","wp-includes/ID3/module.audio-video.matroska.php","883","90","P1006","1","Expected type 'array|string|ArrayAccess'. Found 'unset|null'."
"wordpress","wp-includes/ID3/module.audio-video.matroska.php","889","24","P1006","1","Expected type 'array|string|ArrayAccess'. Found 'unset|null'."
"wordpress","wp-includes/ID3/module.audio-video.matroska.php","889","75","P1006","1","Expected type 'array|string|ArrayAccess'. Found 'unset|null'."
"wordpress","wp-includes/ID3/module.audio-video.matroska.php","893","24","P1006","1","Expected type 'array|string|ArrayAccess'. Found 'unset|null'."
"wordpress","wp-includes/ID3/module.audio-video.matroska.php","893","77","P1006","1","Expected type 'array|string|ArrayAccess'. Found 'unset|null'."
"wordpress","wp-includes/ID3/module.audio-video.matroska.php","902","24","P1006","1","Expected type 'array|string|ArrayAccess'. Found 'unset|null'."
"wordpress","wp-includes/ID3/module.audio-video.matroska.php","902","75","P1006","1","Expected type 'array|string|ArrayAccess'. Found 'unset|null'."
"wordpress","wp-includes/ID3/module.audio-video.matroska.php","903","53","P1006","1","Expected type 'array|string|ArrayAccess'. Found 'unset|null'."
"wordpress","wp-includes/ID3/module.audio-video.matroska.php","903","94","P1006","1","Expected type 'array|string|ArrayAccess'. Found 'unset|null'."
"wordpress","wp-includes/ID3/module.audio-video.matroska.php","909","58","P1006","1","Expected type 'array|string|ArrayAccess'. Found 'null'."
"wordpress","wp-includes/ID3/module.audio-video.matroska.php","910","21","P1006","1","Expected type 'array|string|ArrayAccess'. Found 'unset|null'."
"wordpress","wp-includes/ID3/module.audio-video.matroska.php","913","39","P1006","1","Expected type 'array|string|ArrayAccess'. Found 'unset|null'."
"wordpress","wp-includes/ID3/module.audio-video.matroska.php","913","97","P1006","1","Expected type 'array|string|ArrayAccess'. Found 'unset|null'."
"wordpress","wp-includes/ID3/module.audio-video.matroska.php","917","39","P1006","1","Expected type 'array|string|ArrayAccess'. Found 'unset|null'."
"wordpress","wp-includes/ID3/module.audio-video.matroska.php","917","95","P1006","1","Expected type 'array|string|ArrayAccess'. Found 'unset|null'."
"wordpress","wp-includes/ID3/module.audio-video.matroska.php","921","39","P1006","1","Expected type 'array|string|ArrayAccess'. Found 'unset|null'."
"wordpress","wp-includes/ID3/module.audio-video.matroska.php","921","94","P1006","1","Expected type 'array|string|ArrayAccess'. Found 'unset|null'."
"wordpress","wp-includes/ID3/module.audio-video.matroska.php","925","74","P1116","2","Possible undefined variable '$sub_subelement'."
"wordpress","wp-includes/ID3/module.audio-video.matroska.php","929","24","P1006","1","Expected type 'array|string|ArrayAccess'. Found 'null'."
"wordpress","wp-includes/ID3/module.audio-video.matroska.php","933","54","P1116","2","Possible undefined variable '$subelement'."
"wordpress","wp-includes/ID3/module.audio-video.matroska.php","942","34","P1006","1","Expected type 'array|string|ArrayAccess'. Found 'null'."
"wordpress","wp-includes/ID3/module.audio-video.matroska.php","947","51","P1006","1","Expected type 'array|string|ArrayAccess'. Found 'null'."
"wordpress","wp-includes/ID3/module.audio-video.matroska.php","948","18","P1006","1","Expected type 'array|string|ArrayAccess'. Found 'unset|null'."
"wordpress","wp-includes/ID3/module.audio-video.matroska.php","953","58","P1006","1","Expected type 'array|string|ArrayAccess'. Found 'null'."
"wordpress","wp-includes/ID3/module.audio-video.matroska.php","954","21","P1006","1","Expected type 'array|string|ArrayAccess'. Found 'unset|null'."
"wordpress","wp-includes/ID3/module.audio-video.matroska.php","959","65","P1006","1","Expected type 'array|string|ArrayAccess'. Found 'null'."
"wordpress","wp-includes/ID3/module.audio-video.matroska.php","960","24","P1006","1","Expected type 'array|string|ArrayAccess'. Found 'unset|null'."
"wordpress","wp-includes/ID3/module.audio-video.matroska.php","966","43","P1006","1","Expected type 'array|string|ArrayAccess'. Found 'unset|null'."
"wordpress","wp-includes/ID3/module.audio-video.matroska.php","966","103","P1006","1","Expected type 'array|string|ArrayAccess'. Found 'unset|null'."
"wordpress","wp-includes/ID3/module.audio-video.matroska.php","970","87","P1116","2","Possible undefined variable '$sub_sub_subelement'."
"wordpress","wp-includes/ID3/module.audio-video.matroska.php","974","31","P1006","1","Expected type 'array|string|ArrayAccess'. Found 'null'."
"wordpress","wp-includes/ID3/module.audio-video.matroska.php","978","31","P1006","1","Expected type 'array|string|ArrayAccess'. Found 'unset|null'."
"wordpress","wp-includes/ID3/module.audio-video.matroska.php","978","87","P1006","1","Expected type 'array|string|ArrayAccess'. Found 'unset|null'."
"wordpress","wp-includes/ID3/module.audio-video.matroska.php","982","66","P1116","2","Possible undefined variable '$sub_subelement'."
"wordpress","wp-includes/ID3/module.audio-video.matroska.php","990","54","P1116","2","Possible undefined variable '$subelement'."
"wordpress","wp-includes/ID3/module.audio-video.matroska.php","1000","51","P1006","1","Expected type 'array|string|ArrayAccess'. Found 'null'."
"wordpress","wp-includes/ID3/module.audio-video.matroska.php","1001","18","P1006","1","Expected type 'array|string|ArrayAccess'. Found 'unset|null'."
"wordpress","wp-includes/ID3/module.audio-video.matroska.php","1006","58","P1006","1","Expected type 'array|string|ArrayAccess'. Found 'null'."
"wordpress","wp-includes/ID3/module.audio-video.matroska.php","1007","21","P1006","1","Expected type 'array|string|ArrayAccess'. Found 'unset|null'."
"wordpress","wp-includes/ID3/module.audio-video.matroska.php","1012","65","P1006","1","Expected type 'array|string|ArrayAccess'. Found 'null'."
"wordpress","wp-includes/ID3/module.audio-video.matroska.php","1013","24","P1006","1","Expected type 'array|string|ArrayAccess'. Found 'unset|null'."
"wordpress","wp-includes/ID3/module.audio-video.matroska.php","1016","33","P1006","1","Expected type 'array|string|ArrayAccess'. Found 'unset|null'."
"wordpress","wp-includes/ID3/module.audio-video.matroska.php","1016","93","P1006","1","Expected type 'array|string|ArrayAccess'. Found 'unset|null'."
"wordpress","wp-includes/ID3/module.audio-video.matroska.php","1017","44","P1006","1","Expected type 'array|string|ArrayAccess'. Found 'unset|null'."
"wordpress","wp-includes/ID3/module.audio-video.matroska.php","1017","124","P1006","1","Expected type 'array|string|ArrayAccess'. Found 'unset|null'."
"wordpress","wp-includes/ID3/module.audio-video.matroska.php","1021","33","P1006","1","Expected type 'array|string|ArrayAccess'. Found 'unset|null'."
"wordpress","wp-includes/ID3/module.audio-video.matroska.php","1021","67","P1006","1","Expected type 'array|string|ArrayAccess'. Found 'unset|null'."
"wordpress","wp-includes/ID3/module.audio-video.matroska.php","1028","33","P1006","1","Expected type 'array|string|ArrayAccess'. Found 'unset|null'."
"wordpress","wp-includes/ID3/module.audio-video.matroska.php","1028","95","P1006","1","Expected type 'array|string|ArrayAccess'. Found 'unset|null'."
"wordpress","wp-includes/ID3/module.audio-video.matroska.php","1032","72","P1116","2","Possible undefined variable '$sub_sub_subelement'."
"wordpress","wp-includes/ID3/module.audio-video.matroska.php","1036","26","P1006","1","Expected type 'array|string|ArrayAccess'. Found 'null'."
"wordpress","wp-includes/ID3/module.audio-video.matroska.php","1040","26","P1006","1","Expected type 'array|string|ArrayAccess'. Found 'unset|null'."
"wordpress","wp-includes/ID3/module.audio-video.matroska.php","1040","85","P1006","1","Expected type 'array|string|ArrayAccess'. Found 'unset|null'."
"wordpress","wp-includes/ID3/module.audio-video.matroska.php","1044","61","P1116","2","Possible undefined variable '$sub_subelement'."
"wordpress","wp-includes/ID3/module.audio-video.matroska.php","1052","54","P1116","2","Possible undefined variable '$subelement'."
"wordpress","wp-includes/ID3/module.audio-video.matroska.php","1061","51","P1006","1","Expected type 'array|string|ArrayAccess'. Found 'null'."
"wordpress","wp-includes/ID3/module.audio-video.matroska.php","1062","18","P1006","1","Expected type 'array|string|ArrayAccess'. Found 'unset|null'."
"wordpress","wp-includes/ID3/module.audio-video.matroska.php","1067","58","P1006","1","Expected type 'array|string|ArrayAccess'. Found 'null'."
"wordpress","wp-includes/ID3/module.audio-video.matroska.php","1068","21","P1006","1","Expected type 'array|string|ArrayAccess'. Found 'unset|null'."
"wordpress","wp-includes/ID3/module.audio-video.matroska.php","1073","35","P1006","1","Expected type 'array|string|ArrayAccess'. Found 'unset|null'."
"wordpress","wp-includes/ID3/module.audio-video.matroska.php","1073","65","P1006","1","Expected type 'array|string|ArrayAccess'. Found 'unset|null'."
"wordpress","wp-includes/ID3/module.audio-video.matroska.php","1078","52","P1006","1","Expected type 'array|string|ArrayAccess'. Found 'unset|null'."
"wordpress","wp-includes/ID3/module.audio-video.matroska.php","1080","35","P1006","1","Expected type 'array|string|ArrayAccess'. Found 'unset|null'."
"wordpress","wp-includes/ID3/module.audio-video.matroska.php","1085","39","P1006","1","Expected type 'array|string|ArrayAccess'. Found 'unset|null'."
"wordpress","wp-includes/ID3/module.audio-video.matroska.php","1089","35","P1006","1","Expected type 'array|string|ArrayAccess'. Found 'unset|null'."
"wordpress","wp-includes/ID3/module.audio-video.matroska.php","1089","91","P1006","1","Expected type 'array|string|ArrayAccess'. Found 'unset|null'."
"wordpress","wp-includes/ID3/module.audio-video.matroska.php","1093","77","P1116","2","Possible undefined variable '$sub_subelement'."
"wordpress","wp-includes/ID3/module.audio-video.matroska.php","1101","61","P1116","2","Possible undefined variable '$subelement'."
"wordpress","wp-includes/ID3/module.audio-video.matroska.php","1109","51","P1006","1","Expected type 'array|string|ArrayAccess'. Found 'null'."
"wordpress","wp-includes/ID3/module.audio-video.matroska.php","1110","18","P1006","1","Expected type 'array|string|ArrayAccess'. Found 'unset|null'."
"wordpress","wp-includes/ID3/module.audio-video.matroska.php","1115","58","P1006","1","Expected type 'array|string|ArrayAccess'. Found 'null'."
"wordpress","wp-includes/ID3/module.audio-video.matroska.php","1116","21","P1006","1","Expected type 'array|string|ArrayAccess'. Found 'unset|null'."
"wordpress","wp-includes/ID3/module.audio-video.matroska.php","1119","35","P1006","1","Expected type 'array|string|ArrayAccess'. Found 'unset|null'."
"wordpress","wp-includes/ID3/module.audio-video.matroska.php","1119","91","P1006","1","Expected type 'array|string|ArrayAccess'. Found 'unset|null'."
"wordpress","wp-includes/ID3/module.audio-video.matroska.php","1125","35","P1006","1","Expected type 'array|string|ArrayAccess'. Found 'unset|null'."
"wordpress","wp-includes/ID3/module.audio-video.matroska.php","1125","97","P1006","1","Expected type 'array|string|ArrayAccess'. Found 'unset|null'."
"wordpress","wp-includes/ID3/module.audio-video.matroska.php","1131","65","P1006","1","Expected type 'array|string|ArrayAccess'. Found 'null'."
"wordpress","wp-includes/ID3/module.audio-video.matroska.php","1132","24","P1006","1","Expected type 'array|string|ArrayAccess'. Found 'unset|null'."
"wordpress","wp-includes/ID3/module.audio-video.matroska.php","1136","37","P1006","1","Expected type 'array|string|ArrayAccess'. Found 'unset|null'."
"wordpress","wp-includes/ID3/module.audio-video.matroska.php","1136","71","P1006","1","Expected type 'array|string|ArrayAccess'. Found 'unset|null'."
"wordpress","wp-includes/ID3/module.audio-video.matroska.php","1141","37","P1006","1","Expected type 'array|string|ArrayAccess'. Found 'unset|null'."
"wordpress","wp-includes/ID3/module.audio-video.matroska.php","1141","103","P1006","1","Expected type 'array|string|ArrayAccess'. Found 'unset|null'."
"wordpress","wp-includes/ID3/module.audio-video.matroska.php","1147","37","P1006","1","Expected type 'array|string|ArrayAccess'. Found 'unset|null'."
"wordpress","wp-includes/ID3/module.audio-video.matroska.php","1147","97","P1006","1","Expected type 'array|string|ArrayAccess'. Found 'unset|null'."
"wordpress","wp-includes/ID3/module.audio-video.matroska.php","1153","72","P1006","1","Expected type 'array|string|ArrayAccess'. Found 'null'."
"wordpress","wp-includes/ID3/module.audio-video.matroska.php","1154","27","P1006","1","Expected type 'array|string|ArrayAccess'. Found 'unset|null'."
"wordpress","wp-includes/ID3/module.audio-video.matroska.php","1157","41","P1006","1","Expected type 'array|string|ArrayAccess'. Found 'unset|null'."
"wordpress","wp-includes/ID3/module.audio-video.matroska.php","1157","105","P1006","1","Expected type 'array|string|ArrayAccess'. Found 'unset|null'."
"wordpress","wp-includes/ID3/module.audio-video.matroska.php","1161","105","P1116","2","Possible undefined variable '$sub_sub_sub_subelement'."
"wordpress","wp-includes/ID3/module.audio-video.matroska.php","1165","37","P1006","1","Expected type 'array|string|ArrayAccess'. Found 'null'."
"wordpress","wp-includes/ID3/module.audio-video.matroska.php","1171","72","P1006","1","Expected type 'array|string|ArrayAccess'. Found 'null'."
"wordpress","wp-includes/ID3/module.audio-video.matroska.php","1172","27","P1006","1","Expected type 'array|string|ArrayAccess'. Found 'unset|null'."
"wordpress","wp-includes/ID3/module.audio-video.matroska.php","1177","43","P1006","1","Expected type 'array|string|ArrayAccess'. Found 'unset|null'."
"wordpress","wp-includes/ID3/module.audio-video.matroska.php","1177","81","P1006","1","Expected type 'array|string|ArrayAccess'. Found 'unset|null'."
"wordpress","wp-includes/ID3/module.audio-video.matroska.php","1181","107","P1116","2","Possible undefined variable '$sub_sub_sub_subelement'."
"wordpress","wp-includes/ID3/module.audio-video.matroska.php","1185","37","P1006","1","Expected type 'array|string|ArrayAccess'. Found 'null'."
"wordpress","wp-includes/ID3/module.audio-video.matroska.php","1189","89","P1116","2","Possible undefined variable '$sub_sub_subelement'."
"wordpress","wp-includes/ID3/module.audio-video.matroska.php","1193","35","P1006","1","Expected type 'array|string|ArrayAccess'. Found 'null'."
"wordpress","wp-includes/ID3/module.audio-video.matroska.php","1197","74","P1116","2","Possible undefined variable '$sub_subelement'."
"wordpress","wp-includes/ID3/module.audio-video.matroska.php","1205","58","P1116","2","Possible undefined variable '$subelement'."
"wordpress","wp-includes/ID3/module.audio-video.matroska.php","1214","51","P1006","1","Expected type 'array|string|ArrayAccess'. Found 'null'."
"wordpress","wp-includes/ID3/module.audio-video.matroska.php","1215","18","P1006","1","Expected type 'array|string|ArrayAccess'. Found 'unset|null'."
"wordpress","wp-includes/ID3/module.audio-video.matroska.php","1220","27","P1006","1","Expected type 'array|string|ArrayAccess'. Found 'unset|null'."
"wordpress","wp-includes/ID3/module.audio-video.matroska.php","1220","79","P1006","1","Expected type 'array|string|ArrayAccess'. Found 'unset|null'."
"wordpress","wp-includes/ID3/module.audio-video.matroska.php","1226","58","P1006","1","Expected type 'array|string|ArrayAccess'. Found 'null'."
"wordpress","wp-includes/ID3/module.audio-video.matroska.php","1227","21","P1006","1","Expected type 'array|string|ArrayAccess'. Found 'unset|null'."
"wordpress","wp-includes/ID3/module.audio-video.matroska.php","1230","68","P1006","1","Expected type 'array|string|ArrayAccess'. Found 'unset|null'."
"wordpress","wp-includes/ID3/module.audio-video.matroska.php","1234","73","P1116","2","Possible undefined variable '$sub_subelement'."
"wordpress","wp-includes/ID3/module.audio-video.matroska.php","1238","27","P1006","1","Expected type 'array|string|ArrayAccess'. Found 'null'."
"wordpress","wp-includes/ID3/module.audio-video.matroska.php","1244","58","P1006","1","Expected type 'array|string|ArrayAccess'. Found 'null'."
"wordpress","wp-includes/ID3/module.audio-video.matroska.php","1245","21","P1006","1","Expected type 'array|string|ArrayAccess'. Found 'unset|null'."
"wordpress","wp-includes/ID3/module.audio-video.matroska.php","1248","36","P1006","1","Expected type 'array|string|ArrayAccess'. Found 'unset|null'."
"wordpress","wp-includes/ID3/module.audio-video.matroska.php","1248","96","P1116","2","Possible undefined variable '$sub_subelement'."
"wordpress","wp-includes/ID3/module.audio-video.matroska.php","1253","36","P1006","1","Expected type 'array|string|ArrayAccess'. Found 'unset|null'."
"wordpress","wp-includes/ID3/module.audio-video.matroska.php","1253","92","P1006","1","Expected type 'array|string|ArrayAccess'. Found 'unset|null'."
"wordpress","wp-includes/ID3/module.audio-video.matroska.php","1257","36","P1006","1","Expected type 'array|string|ArrayAccess'. Found 'unset|null'."
"wordpress","wp-includes/ID3/module.audio-video.matroska.php","1257","94","P1006","1","Expected type 'array|string|ArrayAccess'. Found 'unset|null'."
"wordpress","wp-includes/ID3/module.audio-video.matroska.php","1261","36","P1006","1","Expected type 'array|string|ArrayAccess'. Found 'unset|null'."
"wordpress","wp-includes/ID3/module.audio-video.matroska.php","1261","91","P1006","1","Expected type 'array|string|ArrayAccess'. Found 'unset|null'."
"wordpress","wp-includes/ID3/module.audio-video.matroska.php","1265","72","P1116","2","Possible undefined variable '$sub_subelement'."
"wordpress","wp-includes/ID3/module.audio-video.matroska.php","1269","27","P1006","1","Expected type 'array|string|ArrayAccess'. Found 'null'."
"wordpress","wp-includes/ID3/module.audio-video.matroska.php","1273","27","P1006","1","Expected type 'array|string|ArrayAccess'. Found 'unset|null'."
"wordpress","wp-includes/ID3/module.audio-video.matroska.php","1273","85","P1116","2","Possible undefined variable '$subelement'."
"wordpress","wp-includes/ID3/module.audio-video.matroska.php","1277","57","P1116","2","Possible undefined variable '$subelement'."
"wordpress","wp-includes/ID3/module.audio-video.matroska.php","1280","34","P1006","1","Expected type 'array|string|ArrayAccess'. Found 'null'."
"wordpress","wp-includes/ID3/module.audio-video.matroska.php","1311","48","P1116","2","Possible undefined variable '$top_element'."
"wordpress","wp-includes/ID3/module.audio-video.matroska.php","1460","45","P1003","4","Symbol '$SimpleTagKey' is declared but not used."
"wordpress","wp-includes/ID3/module.audio-video.matroska.php","1482","12","P1006","1","Expected type 'array|string|ArrayAccess'. Found 'unset|null'."
"wordpress","wp-includes/ID3/module.audio-video.matroska.php","1488","23","P1006","1","Expected type 'array|string|ArrayAccess'. Found 'unset|null'."
"wordpress","wp-includes/ID3/module.audio-video.matroska.php","1488","46","P1006","1","Expected type 'array|string|ArrayAccess'. Found 'unset|null'."
"wordpress","wp-includes/ID3/module.audio-video.matroska.php","1492","23","P1006","1","Expected type 'array|string|ArrayAccess'. Found 'unset|null'."
"wordpress","wp-includes/ID3/module.audio-video.matroska.php","1492","75","P1006","1","Expected type 'array|string|ArrayAccess'. Found 'unset|null'."
"wordpress","wp-includes/ID3/module.audio-video.matroska.php","1496","23","P1006","1","Expected type 'array|string|ArrayAccess'. Found 'unset|null'."
"wordpress","wp-includes/ID3/module.audio-video.matroska.php","1496","78","P1006","1","Expected type 'array|string|ArrayAccess'. Found 'unset|null'."
"wordpress","wp-includes/ID3/module.audio-video.matroska.php","1500","57","P1116","2","Possible undefined variable '$element'."
"wordpress","wp-includes/ID3/module.audio-video.quicktime.php","156","12","P1003","4","Symbol '$dummy' is declared but not used."
"wordpress","wp-includes/ID3/module.audio-video.quicktime.php","156","90","P1003","4","Symbol '$dummy' is declared but not used."
"wordpress","wp-includes/ID3/module.audio-video.quicktime.php","1724","23","P1009","1","Undefined type 'getid3_tag_nikon_nctg'."
"wordpress","wp-includes/ID3/module.audio-video.quicktime.php","348","61","P1003","4","Symbol '$key2' is declared but not used."
"wordpress","wp-includes/ID3/module.audio-video.quicktime.php","363","57","P1003","4","Symbol '$key2' is declared but not used."
"wordpress","wp-includes/ID3/module.audio-video.quicktime.php","1532","7","P1003","4","Symbol '$GOPRO_offset' is declared but not used."
"wordpress","wp-includes/ID3/module.audio-video.quicktime.php","1548","13","P1003","4","Symbol '$dummy' is declared but not used."
"wordpress","wp-includes/ID3/module.audio-video.quicktime.php","2015","11","P1003","4","Symbol '$dummy' is declared but not used."
"wordpress","wp-includes/ID3/module.audio-video.quicktime.php","2034","16","P1003","4","Symbol '$dummy' is declared but not used."
"wordpress","wp-includes/ID3/module.audio-video.quicktime.php","1548","21","P1003","4","Symbol '$chapter_string_length_hex' is declared but not used."
"wordpress","wp-includes/ID3/module.audio-video.quicktime.php","1684","13","P1003","4","Symbol '$all' is declared but not used."
"wordpress","wp-includes/ID3/module.audio-video.quicktime.php","1869","53","P1003","4","Symbol '$sensor_key' is declared but not used."
"wordpress","wp-includes/ID3/module.audio-video.quicktime.php","1967","68","P1003","4","Symbol '$datapair' is declared but not used."
"wordpress","wp-includes/ID3/module.audio-video.quicktime.php","2087","6","P1003","4","Symbol '$chpl_version' is declared but not used."
"wordpress","wp-includes/ID3/module.audio-video.quicktime.php","2088","6","P1003","4","Symbol '$chpl_flags' is declared but not used."
"wordpress","wp-includes/ID3/module.audio-video.quicktime.php","3025","26","P1124","3","Loop variable $data is also declared as a parameter."
"wordpress","wp-includes/ID3/module.audio-video.riff.php","1257","25","P1009","1","Undefined type 'getid3_mpeg'."
"wordpress","wp-includes/ID3/module.audio-video.riff.php","328","13","P1003","4","Symbol '$dummy' is declared but not used."
"wordpress","wp-includes/ID3/module.audio-video.riff.php","329","13","P1003","4","Symbol '$dummy' is declared but not used."
"wordpress","wp-includes/ID3/module.audio-video.riff.php","498","16","P1003","4","Symbol '$dummy' is declared but not used."
"wordpress","wp-includes/ID3/module.audio-video.riff.php","410","7","P1003","4","Symbol '$SNDM_thisTagDataFlags' is declared but not used."
"wordpress","wp-includes/ID3/module.audio-video.riff.php","724","82","P1003","4","Symbol '$steamdataarray' is declared but not used."
"wordpress","wp-includes/ID3/module.audio-video.riff.php","1404","37","P1003","4","Symbol '$channelnumber' is declared but not used."
"wordpress","wp-includes/ID3/module.audio-video.riff.php","1642","9","P1003","4","Symbol '$AudioChunkStreamNum' is declared but not used."
"wordpress","wp-includes/ID3/module.audio-video.riff.php","2057","38","P1003","4","Symbol '$commentid' is declared but not used."
"wordpress","wp-includes/ID3/module.audio.ac3.php","780","3","P1003","4","Symbol '$padding' is declared but not used."
"wordpress","wp-includes/ID3/module.audio.flac.php","321","39","P1003","4","Symbol '$BlockData' is declared but not used."
"wordpress","wp-includes/ID3/module.audio.mp3.php","611","4","P1003","4","Symbol '$SideInfoData' is declared but not used."
"wordpress","wp-includes/ID3/module.audio.mp3.php","643","4","P1003","4","Symbol '$SideInfoData' is declared but not used."
"wordpress","wp-includes/ID3/module.audio.mp3.php","1308","3","P1003","4","Symbol '$MPEGaudioChannelModeLookup' is declared but not used."
"wordpress","wp-includes/ID3/module.audio.mp3.php","1309","3","P1003","4","Symbol '$MPEGaudioModeExtensionLookup' is declared but not used."
"wordpress","wp-includes/ID3/module.audio.mp3.php","1310","3","P1003","4","Symbol '$MPEGaudioEmphasisLookup' is declared but not used."
"wordpress","wp-includes/ID3/module.audio.mp3.php","1329","3","P1003","4","Symbol '$previousvalidframe' is declared but not used."
"wordpress","wp-includes/ID3/module.audio.mp3.php","1404","37","P1003","4","Symbol '$value' is declared but not used."
"wordpress","wp-includes/ID3/module.audio.mp3.php","1603","7","P1003","4","Symbol '$this_scan_segment' is declared but not used."
"wordpress","wp-includes/ID3/module.audio.mp3.php","1693","66","P1003","4","Symbol '$bitrate_value' is declared but not used."
"wordpress","wp-includes/ID3/module.audio.mp3.php","2024","57","P1006","1","Expected type 'string|int'. Found 'bool'."
"wordpress","wp-includes/ID3/module.audio.mp3.php","2028","61","P1006","1","Expected type 'string|int'. Found 'bool'."
"wordpress","wp-includes/ID3/module.audio.ogg.php","483","68","P1003","4","Symbol '$oggpageinfo' is declared but not used."
"wordpress","wp-includes/ID3/module.audio.ogg.php","640","3","P1003","4","Symbol '$basicfields' is declared but not used."
"wordpress","wp-includes/ID3/module.audio.ogg.php","859","47","P1003","4","Symbol '$key' is declared but not used."
"wordpress","wp-includes/ID3/module.tag.id3v2.php","236","7","P1006","1","Expected type 'array|string|ArrayAccess|null'. Found 'true'."
"wordpress","wp-includes/ID3/module.tag.id3v2.php","237","7","P1006","1","Expected type 'array|string|ArrayAccess|null'. Found 'true'."
"wordpress","wp-includes/ID3/module.tag.id3v2.php","238","7","P1006","1","Expected type 'array|string|ArrayAccess|null'. Found 'true'."
"wordpress","wp-includes/ID3/module.tag.id3v2.php","239","7","P1006","1","Expected type 'array|string|ArrayAccess|null'. Found 'true'."
"wordpress","wp-includes/ID3/module.tag.id3v2.php","240","7","P1006","1","Expected type 'array|string|ArrayAccess|null'. Found 'true'."
"wordpress","wp-includes/ID3/module.tag.id3v2.php","242","131","P1006","1","Expected type 'array|string|ArrayAccess'. Found 'true'."
"wordpress","wp-includes/ID3/module.tag.id3v2.php","243","131","P1006","1","Expected type 'array|string|ArrayAccess'. Found 'true'."
"wordpress","wp-includes/ID3/module.tag.id3v2.php","244","131","P1006","1","Expected type 'array|string|ArrayAccess'. Found 'true'."
"wordpress","wp-includes/ID3/module.tag.id3v2.php","245","131","P1006","1","Expected type 'array|string|ArrayAccess'. Found 'true'."
"wordpress","wp-includes/ID3/module.tag.id3v2.php","246","131","P1006","1","Expected type 'array|string|ArrayAccess'. Found 'true'."
"wordpress","wp-includes/ID3/module.tag.lyrics3.php","42","3","P1003","4","Symbol '$id3v1tag' is declared but not used."
"wordpress","wp-includes/ID3/module.tag.lyrics3.php","112","6","P1003","4","Symbol '$GETID3_ERRORARRAY' is declared but not used."
"wordpress","wp-includes/ID3/module.tag.lyrics3.php","302","37","P1003","4","Symbol '$timestampkey' is declared but not used."
"wordpress","wp-includes/IXR/class-IXR-base64.php","11","9","P1132","3","Property $data has no type information available."
"wordpress","wp-includes/IXR/class-IXR-base64.php","16","27","P1132","3","Parameter $data has no type information available."
"wordpress","wp-includes/IXR/class-IXR-base64.php","24","30","P1132","3","Parameter $data has no type information available."
"wordpress","wp-includes/IXR/class-IXR-clientmulticall.php","15","27","P1132","3","Parameter $server has no type information available."
"wordpress","wp-includes/IXR/class-IXR-clientmulticall.php","24","39","P1132","3","Parameter $server has no type information available."
"wordpress","wp-includes/IXR/class-IXR-clientmulticall.php","33","26","P1132","3","Parameter $args has no type information available."
"wordpress","wp-includes/IXR/class-IXR-clientmulticall.php","50","24","P1132","3","Parameter $args has no type information available."
"wordpress","wp-includes/IXR/class-IXR-date.php","10","9","P1132","3","Property $year has no type information available."
"wordpress","wp-includes/IXR/class-IXR-date.php","11","9","P1132","3","Property $month has no type information available."
"wordpress","wp-includes/IXR/class-IXR-date.php","12","9","P1132","3","Property $day has no type information available."
"wordpress","wp-includes/IXR/class-IXR-date.php","13","9","P1132","3","Property $hour has no type information available."
"wordpress","wp-includes/IXR/class-IXR-date.php","14","9","P1132","3","Property $minute has no type information available."
"wordpress","wp-includes/IXR/class-IXR-date.php","15","9","P1132","3","Property $second has no type information available."
"wordpress","wp-includes/IXR/class-IXR-date.php","16","9","P1132","3","Property $timezone has no type information available."
"wordpress","wp-includes/IXR/class-IXR-date.php","21","27","P1132","3","Parameter $time has no type information available."
"wordpress","wp-includes/IXR/class-IXR-date.php","34","28","P1132","3","Parameter $time has no type information available."
"wordpress","wp-includes/IXR/class-IXR-date.php","38","29","P1132","3","Parameter $timestamp has no type information available."
"wordpress","wp-includes/IXR/class-IXR-date.php","49","23","P1132","3","Parameter $iso has no type information available."
"wordpress","wp-includes/IXR/class-IXR-error.php","11","9","P1132","3","Property $code has no type information available."
"wordpress","wp-includes/IXR/class-IXR-error.php","12","9","P1132","3","Property $message has no type information available."
"wordpress","wp-includes/IXR/class-IXR-error.php","17","27","P1132","3","Parameter $code has no type information available."
"wordpress","wp-includes/IXR/class-IXR-error.php","17","34","P1132","3","Parameter $message has no type information available."
"wordpress","wp-includes/IXR/class-IXR-error.php","26","29","P1132","3","Parameter $code has no type information available."
"wordpress","wp-includes/IXR/class-IXR-error.php","26","36","P1132","3","Parameter $message has no type information available."
"wordpress","wp-includes/IXR/class-IXR-introspectionserver.php","11","9","P1132","3","Property $signatures has no type information available."
"wordpress","wp-includes/IXR/class-IXR-introspectionserver.php","12","9","P1132","3","Property $help has no type information available."
"wordpress","wp-includes/IXR/class-IXR-introspectionserver.php","58","26","P1132","3","Parameter $method has no type information available."
"wordpress","wp-includes/IXR/class-IXR-introspectionserver.php","58","35","P1132","3","Parameter $callback has no type information available."
"wordpress","wp-includes/IXR/class-IXR-introspectionserver.php","58","46","P1132","3","Parameter $args has no type information available."
"wordpress","wp-includes/IXR/class-IXR-introspectionserver.php","58","53","P1132","3","Parameter $help has no type information available."
"wordpress","wp-includes/IXR/class-IXR-introspectionserver.php","65","19","P1132","3","Parameter $methodname has no type information available."
"wordpress","wp-includes/IXR/class-IXR-introspectionserver.php","65","32","P1132","3","Parameter $args has no type information available."
"wordpress","wp-includes/IXR/class-IXR-introspectionserver.php","76","9","P1003","4","Symbol '$method' is declared but not used."
"wordpress","wp-includes/IXR/class-IXR-introspectionserver.php","78","9","P1003","4","Symbol '$returnType' is declared but not used."
"wordpress","wp-includes/IXR/class-IXR-introspectionserver.php","130","30","P1132","3","Parameter $method has no type information available."
"wordpress","wp-includes/IXR/class-IXR-introspectionserver.php","170","25","P1132","3","Parameter $method has no type information available."
"wordpress","wp-includes/IXR/class-IXR-message.php","23","9","P1132","3","Property $_param has no type information available."
"wordpress","wp-includes/IXR/class-IXR-message.php","24","9","P1132","3","Property $_value has no type information available."
"wordpress","wp-includes/IXR/class-IXR-message.php","25","9","P1132","3","Property $_currentTag has no type information available."
"wordpress","wp-includes/IXR/class-IXR-message.php","26","9","P1132","3","Property $_currentTagContents has no type information available."
"wordpress","wp-includes/IXR/class-IXR-message.php","28","9","P1132","3","Property $_parser has no type information available."
"wordpress","wp-includes/IXR/class-IXR-message.php","33","27","P1132","3","Parameter $message has no type information available."
"wordpress","wp-includes/IXR/class-IXR-message.php","41","31","P1132","3","Parameter $message has no type information available."
"wordpress","wp-includes/IXR/class-IXR-message.php","123","21","P1007","4","'xml_parser_free' is deprecated."
"wordpress","wp-includes/IXR/class-IXR-message.php","136","13","P1007","4","'xml_parser_free' is deprecated."
"wordpress","wp-includes/IXR/class-IXR-message.php","149","23","P1003","4","Symbol '$parser' is declared but not used."
"wordpress","wp-includes/IXR/class-IXR-message.php","149","32","P1132","3","Parameter $tag has no type information available."
"wordpress","wp-includes/IXR/class-IXR-message.php","149","38","P1003","4","Symbol '$attr' is declared but not used."
"wordpress","wp-includes/IXR/class-IXR-message.php","171","20","P1003","4","Symbol '$parser' is declared but not used."
"wordpress","wp-includes/IXR/class-IXR-message.php","171","29","P1132","3","Parameter $cdata has no type information available."
"wordpress","wp-includes/IXR/class-IXR-message.php","176","24","P1003","4","Symbol '$parser' is declared but not used."
"wordpress","wp-includes/IXR/class-IXR-message.php","176","33","P1132","3","Parameter $tag has no type information available."
"wordpress","wp-includes/IXR/class-IXR-message.php","235","138","P1116","2","Possible undefined variable '$value'."
"wordpress","wp-includes/IXR/class-IXR-message.php","238","77","P1116","2","Possible undefined variable '$value'."
"wordpress","wp-includes/IXR/class-IXR-message.php","242","35","P1116","2","Possible undefined variable '$value'."
"wordpress","wp-includes/IXR/class-IXR-value.php","9","9","P1132","3","Property $data has no type information available."
"wordpress","wp-includes/IXR/class-IXR-value.php","10","9","P1132","3","Property $type has no type information available."
"wordpress","wp-includes/IXR/class-IXR-value.php","15","24","P1132","3","Parameter $data has no type information available."
"wordpress","wp-includes/IXR/class-IXR-value.php","38","29","P1132","3","Parameter $data has no type information available."
"wordpress","wp-includes/IXR/class-IXR-value.php","85","17","P1108","4","Unreachable code detected."
"wordpress","wp-includes/IXR/class-IXR-value.php","88","17","P1108","4","Unreachable code detected."
"wordpress","wp-includes/IXR/class-IXR-value.php","91","17","P1108","4","Unreachable code detected."
"wordpress","wp-includes/IXR/class-IXR-value.php","94","17","P1108","4","Unreachable code detected."
"wordpress","wp-includes/IXR/class-IXR-value.php","102","17","P1108","4","Unreachable code detected."
"wordpress","wp-includes/IXR/class-IXR-value.php","112","17","P1108","4","Unreachable code detected."
"wordpress","wp-includes/IXR/class-IXR-value.php","116","17","P1108","4","Unreachable code detected."
"wordpress","wp-includes/IXR/class-IXR-value.php","130","36","P1003","4","Symbol '$value' is declared but not used."
"wordpress","wp-includes/kses.php","602","10","P1131","3","Documented type is not compatible with the inferred type."
"wordpress","wp-includes/kses.php","2976","38","P1116","2","Possible undefined variable '$parts'."
"wordpress","wp-includes/l10n/class-wp-translation-file.php","271","23","P1003","4","Symbol '$e' is declared but not used."
"wordpress","wp-includes/media-template.php","93","24","css-ruleorselectorexpected","1","at-rule or selector expected"
"wordpress","wp-includes/media-template.php","420","28","css-ruleorselectorexpected","1","at-rule or selector expected"
"wordpress","wp-includes/media-template.php","609","74","css-ruleorselectorexpected","1","at-rule or selector expected"
"wordpress","wp-includes/media-template.php","698","28","css-ruleorselectorexpected","1","at-rule or selector expected"
"wordpress","wp-includes/media-template.php","93","13","css-rcurlyexpected","1","} expected"
"wordpress","wp-includes/media-template.php","420","17","css-rcurlyexpected","1","} expected"
"wordpress","wp-includes/media-template.php","609","57","css-propertyvalueexpected","1","property value expected"
"wordpress","wp-includes/media-template.php","698","17","css-rcurlyexpected","1","} expected"
"wordpress","wp-includes/media-template.php","93","10","emptyRules","2","Do not use empty rulesets"
"wordpress","wp-includes/media-template.php","420","14","emptyRules","2","Do not use empty rulesets"
"wordpress","wp-includes/media-template.php","698","14","emptyRules","2","Do not use empty rulesets"
"wordpress","wp-includes/media.php","1918","18","P1116","2","Possible undefined variable '$sizes'."
"wordpress","wp-includes/media.php","2538","47","P1003","4","Symbol '$attr' is declared but not used."
"wordpress","wp-includes/media.php","2551","50","P1003","4","Symbol '$attr' is declared but not used."
"wordpress","wp-includes/media.php","2568","45","P1003","4","Symbol '$context' is declared but not used."
"wordpress","wp-includes/media.php","3149","31","P1003","4","Symbol '$type' is declared but not used."
"wordpress","wp-includes/media.php","3331","67","P1003","4","Symbol '$label' is declared but not used."
"wordpress","wp-includes/media.php","4103","16","P1116","2","Possible undefined variable '$k'."
"wordpress","wp-includes/media.php","4103","25","P1116","2","Possible undefined variable '$k'."
"wordpress","wp-includes/media.php","4766","41","P1003","4","Symbol '$label' is declared but not used."
"wordpress","wp-includes/media.php","4848","72","P1003","4","Symbol '$label' is declared but not used."
"wordpress","wp-includes/meta.php","523","19","P1116","2","Possible undefined variable '$object_ids'."
"wordpress","wp-includes/ms-blogs.php","147","68","P1014","1","Undefined property '$blogs'."
"wordpress","wp-includes/ms-blogs.php","149","67","P1014","1","Undefined property '$blogs'."
"wordpress","wp-includes/ms-blogs.php","165","68","P1014","1","Undefined property '$blogs'."
"wordpress","wp-includes/ms-blogs.php","167","67","P1014","1","Undefined property '$blogs'."
"wordpress","wp-includes/ms-blogs.php","534","9","P1013","1","Undefined method 'set_blog_id'."
"wordpress","wp-includes/ms-blogs.php","535","36","P1013","1","Undefined method 'get_blog_prefix'."
"wordpress","wp-includes/ms-blogs.php","500","40","P1003","4","Symbol '$deprecated' is declared but not used."
"wordpress","wp-includes/ms-blogs.php","583","9","P1013","1","Undefined method 'set_blog_id'."
"wordpress","wp-includes/ms-blogs.php","585","36","P1013","1","Undefined method 'get_blog_prefix'."
"wordpress","wp-includes/ms-blogs.php","762","9","P1003","4","Symbol '$wpdb' is declared but not used."
"wordpress","wp-includes/ms-blogs.php","807","65","P1014","1","Undefined property '$blogs'."
"wordpress","wp-includes/ms-blogs.php","830","87","P1014","1","Undefined property '$blogs'."
"wordpress","wp-includes/ms-blogs.php","890","41","P1003","4","Symbol '$post_id' is declared but not used."
"wordpress","wp-includes/ms-deprecated.php","91","25","P1132","3","Parameter $message has no type information available."
"wordpress","wp-includes/ms-deprecated.php","145","35","P1003","4","Symbol '$post_id' is declared but not used."
"wordpress","wp-includes/ms-deprecated.php","194","89","P1014","1","Undefined property '$blogs'."
"wordpress","wp-includes/ms-deprecated.php","199","102","P1013","1","Undefined method 'get_blog_prefix'."
"wordpress","wp-includes/ms-deprecated.php","190","48","P1003","4","Symbol '$deprecated' is declared but not used."
"wordpress","wp-includes/ms-deprecated.php","226","11","P1007","4","'get_blog_list' is deprecated."
"wordpress","wp-includes/ms-deprecated.php","246","18","P1116","2","Possible undefined variable '$most_active'."
"wordpress","wp-includes/ms-deprecated.php","254","22","P1116","2","Possible undefined variable '$most_active'."
"wordpress","wp-includes/ms-deprecated.php","288","10","P1007","4","'wpmu_admin_redirect_add_updated_param' is deprecated."
"wordpress","wp-includes/ms-deprecated.php","297","9","P1007","4","'wpmu_admin_redirect_add_updated_param' is deprecated."
"wordpress","wp-includes/ms-deprecated.php","304","10","P1007","4","'wpmu_admin_redirect_add_updated_param' is deprecated."
"wordpress","wp-includes/ms-deprecated.php","417","20","P1007","4","'insert_blog' is deprecated."
"wordpress","wp-includes/ms-deprecated.php","421","2","P1007","4","'install_blog' is deprecated."
"wordpress","wp-includes/ms-deprecated.php","401","45","P1003","4","Symbol '$weblog_title' is declared but not used."
"wordpress","wp-includes/ms-deprecated.php","457","117","P1014","1","Undefined property '$sitemeta'."
"wordpress","wp-includes/ms-deprecated.php","555","22","P1013","1","Undefined method 'get_blog_prefix'."
"wordpress","wp-includes/ms-deprecated.php","546","38","P1003","4","Symbol '$user_id' is declared but not used."
"wordpress","wp-includes/ms-deprecated.php","620","21","P1013","1","Undefined method 'suppress_errors'."
"wordpress","wp-includes/ms-deprecated.php","624","9","P1013","1","Undefined method 'suppress_errors'."
"wordpress","wp-includes/ms-deprecated.php","661","25","P1013","1","Undefined method 'get_blog_prefix'."
"wordpress","wp-includes/ms-deprecated.php","687","21","P1013","1","Undefined method 'suppress_errors'."
"wordpress","wp-includes/ms-deprecated.php","751","34","P1003","4","Symbol '$deprecated' is declared but not used."
"wordpress","wp-includes/ms-files.php","23","14","P1008","1","Undefined variable '$current_blog'."
"wordpress","wp-includes/ms-files.php","23","49","P1008","1","Undefined variable '$current_blog'."
"wordpress","wp-includes/ms-files.php","23","80","P1008","1","Undefined variable '$current_blog'."
"wordpress","wp-includes/ms-load.php","432","25","P1011","1","Undefined constant 'NOBLOGREDIRECT'."
"wordpress","wp-includes/ms-load.php","433","20","P1011","1","Undefined constant 'NOBLOGREDIRECT'."
"wordpress","wp-includes/ms-load.php","396","3","P1003","4","Symbol '$blog_id' is declared but not used."
"wordpress","wp-includes/ms-load.php","484","74","P1014","1","Undefined property '$site'."
"wordpress","wp-includes/ms-load.php","489","22","P1014","1","Undefined property '$site'."
"wordpress","wp-includes/ms-load.php","496","22","P1014","1","Undefined property '$blogs'."
"wordpress","wp-includes/ms-load.php","507","19","P1013","1","Undefined method 'tables'."
"wordpress","wp-includes/ms-settings.php","102","8","P1013","1","Undefined method 'set_prefix'."
"wordpress","wp-includes/ms-settings.php","103","8","P1013","1","Undefined method 'set_blog_id'."
"wordpress","wp-includes/ms-settings.php","104","30","P1013","1","Undefined method 'get_blog_prefix'."
"wordpress","wp-includes/php-ai-client/src/AiClient.php","351","36","P1003","4","Symbol '$text' is declared but not used."
"wordpress","wp-includes/php-ai-client/src/Builders/PromptBuilder.php","240","9","P1006","1","Expected type 'WordPress\AiClient\Providers\Models\DTO\ModelConfig'. Found 'WordPress\AiClient\Common\Contracts\WithArrayTransformationInterface<array{outputModalities?: array<int, string>, systemInstruction?: string, candidateCount?: int, maxTokens?: int, temperature?: float, topP?: float, topK?: int, stopSequences?: array<int, string>, presencePenalty?: float, frequencyPenalty?: float, logprobs?: bool, topLogprobs?: int, functionDeclarations?: array<int, array{name: string, description: string, parameters?: array<string, mixed>}>, webSearch?: array{allowedDomains?: string[], disallowedDomains?: string[]}, outputFileType?: string, outputMimeType?: string, outputSchema?: array<string, mixed>, outputMediaOrientation?: string, outputMediaAspectRatio?: string, outputSpeechVoice?: string, customOptions?: array<string, mixed>}>'."
"wordpress","wp-includes/php-ai-client/src/Builders/PromptBuilder.php","309","9","P1006","1","Expected type 'WordPress\AiClient\Providers\Models\DTO\ModelConfig'. Found 'WordPress\AiClient\Common\Contracts\WithArrayTransformationInterface<array{outputModalities?: array<int, string>, systemInstruction?: string, candidateCount?: int, maxTokens?: int, temperature?: float, topP?: float, topK?: int, stopSequences?: array<int, string>, presencePenalty?: float, frequencyPenalty?: float, logprobs?: bool, topLogprobs?: int, functionDeclarations?: array<int, array{name: string, description: string, parameters?: array<string, mixed>}>, webSearch?: array{allowedDomains?: string[], disallowedDomains?: string[]}, outputFileType?: string, outputMimeType?: string, outputSchema?: array<string, mixed>, outputMediaOrientation?: string, outputMediaAspectRatio?: string, outputSpeechVoice?: string, customOptions?: array<string, mixed>}>'."
"wordpress","wp-includes/php-ai-client/src/Builders/PromptBuilder.php","715","43","P1003","4","Symbol '$e' is declared but not used."
"wordpress","wp-includes/php-ai-client/src/Common/AbstractDataTransferObject.php","62","43","P1003","4","Symbol '$e' is declared but not used."
"wordpress","wp-includes/php-ai-client/src/Common/AbstractEnum.php","104","16","P1131","3","Documented type is not compatible with the declared type."
"wordpress","wp-includes/php-ai-client/src/Common/AbstractEnum.php","207","16","P1131","3","Documented type is not compatible with the declared type."
"wordpress","wp-includes/php-ai-client/src/Common/AbstractEnum.php","298","16","P1131","3","Documented type is not compatible with the declared type."
"wordpress","wp-includes/php-ai-client/src/Common/AbstractEnum.php","94","51","P1003","4","Symbol '$value' is declared but not used."
"wordpress","wp-includes/php-ai-client/src/Common/AbstractEnum.php","279","48","P1003","4","Symbol '$arguments' is declared but not used."
"wordpress","wp-includes/php-ai-client/src/Common/AbstractEnum.php","301","61","P1003","4","Symbol '$arguments' is declared but not used."
"wordpress","wp-includes/php-ai-client/src/Providers/ApiBasedImplementation/AbstractApiBasedModel.php","55","9","P1006","1","Expected type 'WordPress\AiClient\Providers\Models\DTO\ModelConfig'. Found 'WordPress\AiClient\Common\Contracts\WithArrayTransformationInterface<array{outputModalities?: array<int, string>, systemInstruction?: string, candidateCount?: int, maxTokens?: int, temperature?: float, topP?: float, topK?: int, stopSequences?: array<int, string>, presencePenalty?: float, frequencyPenalty?: float, logprobs?: bool, topLogprobs?: int, functionDeclarations?: array<int, array{name: string, description: string, parameters?: array<string, mixed>}>, webSearch?: array{allowedDomains?: string[], disallowedDomains?: string[]}, outputFileType?: string, outputMimeType?: string, outputSchema?: array<string, mixed>, outputMediaOrientation?: string, outputMediaAspectRatio?: string, outputSpeechVoice?: string, customOptions?: array<string, mixed>}>'."
"wordpress","wp-includes/php-ai-client/src/Providers/ApiBasedImplementation/GenerateTextApiBasedProviderAvailability.php","52","33","P1006","1","Expected type 'WordPress\AiClient\Providers\Models\DTO\ModelConfig'. Found 'WordPress\AiClient\Common\Contracts\WithArrayTransformationInterface<array{outputModalities?: array<int, string>, systemInstruction?: string, candidateCount?: int, maxTokens?: int, temperature?: float, topP?: float, topK?: int, stopSequences?: array<int, string>, presencePenalty?: float, frequencyPenalty?: float, logprobs?: bool, topLogprobs?: int, functionDeclarations?: array<int, array{name: string, description: string, parameters?: array<string, mixed>}>, webSearch?: array{allowedDomains?: string[], disallowedDomains?: string[]}, outputFileType?: string, outputMimeType?: string, outputSchema?: array<string, mixed>, outputMediaOrientation?: string, outputMediaAspectRatio?: string, outputSpeechVoice?: string, customOptions?: array<string, mixed>}>'."
"wordpress","wp-includes/php-ai-client/src/Providers/ApiBasedImplementation/GenerateTextApiBasedProviderAvailability.php","57","28","P1003","4","Symbol '$e' is declared but not used."
"wordpress","wp-includes/php-ai-client/src/Providers/ApiBasedImplementation/ListModelsApiBasedProviderAvailability.php","47","28","P1003","4","Symbol '$e' is declared but not used."
"wordpress","wp-includes/php-ai-client/src/Providers/DTO/ProviderModelsMetadata.php","126","25","P1006","1","Expected type 'WordPress\AiClient\Providers\DTO\ProviderMetadata'. Found 'WordPress\AiClient\Common\Contracts\WithArrayTransformationInterface<array{id: string, name: string, description?: null|string, type: string, credentialsUrl?: null|string, authenticationMethod?: null|string, logoPath?: null|string}>'."
"wordpress","wp-includes/php-ai-client/src/Providers/DTO/ProviderModelsMetadata.php","126","172","P1006","1","Expected type 'WordPress\AiClient\Providers\Models\DTO\ModelMetadata'. Found 'WordPress\AiClient\Common\Contracts\WithArrayTransformationInterface<array{id: string, name: string, supportedCapabilities: array<int, string>, supportedOptions: array<int, array{name: string, supportedValues?: array<int, mixed>}>}>'."
"wordpress","wp-includes/php-ai-client/src/Providers/Http/DTO/Request.php","370","18","P1131","3","Documented type is not compatible with the inferred type."
"wordpress","wp-includes/php-ai-client/src/Providers/Models/DTO/ModelConfig.php","853","17","P1006","1","Expected type 'WordPress\AiClient\Tools\DTO\FunctionDeclaration'. Found 'WordPress\AiClient\Common\Contracts\WithArrayTransformationInterface<array{name: string, description: string, parameters?: array<string, mixed>}>'."
"wordpress","wp-includes/php-ai-client/src/Providers/Models/DTO/ModelConfig.php","857","35","P1006","1","Expected type 'WordPress\AiClient\Tools\DTO\WebSearch'. Found 'WordPress\AiClient\Common\Contracts\WithArrayTransformationInterface<array{allowedDomains?: string[], disallowedDomains?: string[]}>'."
"wordpress","wp-includes/php-ai-client/src/Providers/Models/DTO/ModelMetadata.php","147","308","P1006","1","Expected type 'WordPress\AiClient\Providers\Models\DTO\SupportedOption'. Found 'WordPress\AiClient\Common\Contracts\WithArrayTransformationInterface<array{name: string, supportedValues?: array<int, mixed>}>'."
"wordpress","wp-includes/php-ai-client/src/Providers/Models/DTO/ModelRequirements.php","313","260","P1006","1","Expected type 'WordPress\AiClient\Providers\Models\DTO\RequiredOption'. Found 'WordPress\AiClient\Common\Contracts\WithArrayTransformationInterface<array{name: string, value: mixed}>'."
"wordpress","wp-includes/php-ai-client/src/Providers/ProviderRegistry.php","74","35","P1003","4","Symbol '$e' is declared but not used."
"wordpress","wp-includes/php-ai-client/src/Providers/ProviderRegistry.php","84","49","P1003","4","Symbol '$e' is declared but not used."
"wordpress","wp-includes/php-ai-client/src/Providers/ProviderRegistry.php","192","43","P1003","4","Symbol '$e' is declared but not used."
"wordpress","wp-includes/php-ai-client/src/Providers/ProviderRegistry.php","368","46","P1013","1","Undefined method 'operationsHandler'."
"wordpress","wp-includes/php-ai-client/src/Providers/ProviderRegistry.php","403","46","P1013","1","Undefined method 'operationsHandler'."
"wordpress","wp-includes/php-ai-client/src/Results/DTO/GenerativeAiResult.php","399","60","P1006","1","Expected type 'WordPress\AiClient\Results\DTO\TokenUsage'. Found 'WordPress\AiClient\Common\Contracts\WithArrayTransformationInterface<array{promptTokens: int, completionTokens: int, totalTokens: int, thoughtTokens?: int}>'."
"wordpress","wp-includes/php-ai-client/third-party/Http/Discovery/ClassDiscovery.php","24","35","P1009","1","Undefined type 'WordPress\AiClientDependencies\Http\Discovery\Strategy\GeneratedDiscoveryStrategy'."
"wordpress","wp-includes/php-ai-client/third-party/Http/Discovery/ClassDiscovery.php","25","20","P1132","3","Property $deprecatedStrategies has no type information available."
"wordpress","wp-includes/php-ai-client/third-party/Http/Discovery/ClassDiscovery.php","48","64","P1009","1","Undefined type 'WordPress\AiClientDependencies\Http\Discovery\Strategy\GeneratedDiscoveryStrategy'."
"wordpress","wp-includes/php-ai-client/third-party/Http/Discovery/ClassDiscovery.php","48","119","P1009","1","Undefined type 'WordPress\AiClientDependencies\Http\Discovery\Strategy\GeneratedDiscoveryStrategy'."
"wordpress","wp-includes/php-ai-client/third-party/Http/Discovery/ClassDiscovery.php","154","49","P1132","3","Parameter $condition has no type information available."
"wordpress","wp-includes/php-ai-client/third-party/Http/Discovery/ClassDiscovery.php","215","29","P1003","4","Symbol '$e' is declared but not used."
"wordpress","wp-includes/php-ai-client/third-party/Http/Discovery/Exception/NoCandidateFoundException.php","24","32","P1132","3","Parameter $mixed has no type information available."
"wordpress","wp-includes/php-ai-client/third-party/Http/Discovery/Psr17FactoryDiscovery.php","20","45","P1132","3","Parameter $type has no type information available."
"wordpress","wp-includes/php-ai-client/third-party/Http/Discovery/Strategy/CommonClassesStrategy.php","35","5","P1007","4","'WordPress\AiClientDependencies\Nyholm\Psr7\Factory\HttplugFactory' is deprecated."
"wordpress","wp-includes/php-ai-client/third-party/Http/Discovery/Strategy/CommonClassesStrategy.php","53","32","P1009","1","Undefined type 'WordPress\AiClientDependencies\Http\Message\MessageFactory'."
"wordpress","wp-includes/php-ai-client/third-party/Http/Discovery/Strategy/CommonClassesStrategy.php","53","70","P1007","4","'WordPress\AiClientDependencies\Nyholm\Psr7\Factory\HttplugFactory' is deprecated."
"wordpress","wp-includes/php-ai-client/third-party/Http/Discovery/Strategy/CommonClassesStrategy.php","53","115","P1007","4","'WordPress\AiClientDependencies\Nyholm\Psr7\Factory\HttplugFactory' is deprecated."
"wordpress","wp-includes/php-ai-client/third-party/Http/Discovery/Strategy/CommonClassesStrategy.php","53","158","P1009","1","Undefined type 'WordPress\AiClientDependencies\Http\Message\MessageFactory\GuzzleMessageFactory'."
"wordpress","wp-includes/php-ai-client/third-party/Http/Discovery/Strategy/CommonClassesStrategy.php","53","203","P1009","1","Undefined type 'WordPress\AiClientDependencies\GuzzleHttp\Psr7\Request'."
"wordpress","wp-includes/php-ai-client/third-party/Http/Discovery/Strategy/CommonClassesStrategy.php","53","225","P1009","1","Undefined type 'WordPress\AiClientDependencies\Http\Message\MessageFactory\GuzzleMessageFactory'."
"wordpress","wp-includes/php-ai-client/third-party/Http/Discovery/Strategy/CommonClassesStrategy.php","53","268","P1009","1","Undefined type 'WordPress\AiClientDependencies\Http\Message\MessageFactory\DiactorosMessageFactory'."
"wordpress","wp-includes/php-ai-client/third-party/Http/Discovery/Strategy/CommonClassesStrategy.php","53","316","P1009","1","Undefined type 'WordPress\AiClientDependencies\Laminas\Diactoros\Request'."
"wordpress","wp-includes/php-ai-client/third-party/Http/Discovery/Strategy/CommonClassesStrategy.php","53","341","P1009","1","Undefined type 'WordPress\AiClientDependencies\Http\Message\MessageFactory\DiactorosMessageFactory'."
"wordpress","wp-includes/php-ai-client/third-party/Http/Discovery/Strategy/CommonClassesStrategy.php","53","387","P1009","1","Undefined type 'WordPress\AiClientDependencies\Http\Message\MessageFactory\SlimMessageFactory'."
"wordpress","wp-includes/php-ai-client/third-party/Http/Discovery/Strategy/CommonClassesStrategy.php","53","430","P1009","1","Undefined type 'WordPress\AiClientDependencies\Slim\Http\Request'."
"wordpress","wp-includes/php-ai-client/third-party/Http/Discovery/Strategy/CommonClassesStrategy.php","53","450","P1009","1","Undefined type 'WordPress\AiClientDependencies\Http\Message\MessageFactory\SlimMessageFactory'."
"wordpress","wp-includes/php-ai-client/third-party/Http/Discovery/Strategy/CommonClassesStrategy.php","53","480","P1009","1","Undefined type 'WordPress\AiClientDependencies\Http\Message\StreamFactory'."
"wordpress","wp-includes/php-ai-client/third-party/Http/Discovery/Strategy/CommonClassesStrategy.php","53","517","P1007","4","'WordPress\AiClientDependencies\Nyholm\Psr7\Factory\HttplugFactory' is deprecated."
"wordpress","wp-includes/php-ai-client/third-party/Http/Discovery/Strategy/CommonClassesStrategy.php","53","562","P1007","4","'WordPress\AiClientDependencies\Nyholm\Psr7\Factory\HttplugFactory' is deprecated."
"wordpress","wp-includes/php-ai-client/third-party/Http/Discovery/Strategy/CommonClassesStrategy.php","53","605","P1009","1","Undefined type 'WordPress\AiClientDependencies\Http\Message\StreamFactory\GuzzleStreamFactory'."
"wordpress","wp-includes/php-ai-client/third-party/Http/Discovery/Strategy/CommonClassesStrategy.php","53","649","P1009","1","Undefined type 'WordPress\AiClientDependencies\GuzzleHttp\Psr7\Request'."
"wordpress","wp-includes/php-ai-client/third-party/Http/Discovery/Strategy/CommonClassesStrategy.php","53","671","P1009","1","Undefined type 'WordPress\AiClientDependencies\Http\Message\StreamFactory\GuzzleStreamFactory'."
"wordpress","wp-includes/php-ai-client/third-party/Http/Discovery/Strategy/CommonClassesStrategy.php","53","713","P1009","1","Undefined type 'WordPress\AiClientDependencies\Http\Message\StreamFactory\DiactorosStreamFactory'."
"wordpress","wp-includes/php-ai-client/third-party/Http/Discovery/Strategy/CommonClassesStrategy.php","53","760","P1009","1","Undefined type 'WordPress\AiClientDependencies\Laminas\Diactoros\Request'."
"wordpress","wp-includes/php-ai-client/third-party/Http/Discovery/Strategy/CommonClassesStrategy.php","53","785","P1009","1","Undefined type 'WordPress\AiClientDependencies\Http\Message\StreamFactory\DiactorosStreamFactory'."
"wordpress","wp-includes/php-ai-client/third-party/Http/Discovery/Strategy/CommonClassesStrategy.php","53","830","P1009","1","Undefined type 'WordPress\AiClientDependencies\Http\Message\StreamFactory\SlimStreamFactory'."
"wordpress","wp-includes/php-ai-client/third-party/Http/Discovery/Strategy/CommonClassesStrategy.php","53","872","P1009","1","Undefined type 'WordPress\AiClientDependencies\Slim\Http\Request'."
"wordpress","wp-includes/php-ai-client/third-party/Http/Discovery/Strategy/CommonClassesStrategy.php","53","892","P1009","1","Undefined type 'WordPress\AiClientDependencies\Http\Message\StreamFactory\SlimStreamFactory'."
"wordpress","wp-includes/php-ai-client/third-party/Http/Discovery/Strategy/CommonClassesStrategy.php","53","921","P1009","1","Undefined type 'WordPress\AiClientDependencies\Http\Message\UriFactory'."
"wordpress","wp-includes/php-ai-client/third-party/Http/Discovery/Strategy/CommonClassesStrategy.php","53","955","P1007","4","'WordPress\AiClientDependencies\Nyholm\Psr7\Factory\HttplugFactory' is deprecated."
"wordpress","wp-includes/php-ai-client/third-party/Http/Discovery/Strategy/CommonClassesStrategy.php","53","1000","P1007","4","'WordPress\AiClientDependencies\Nyholm\Psr7\Factory\HttplugFactory' is deprecated."
"wordpress","wp-includes/php-ai-client/third-party/Http/Discovery/Strategy/CommonClassesStrategy.php","53","1043","P1009","1","Undefined type 'WordPress\AiClientDependencies\Http\Message\UriFactory\GuzzleUriFactory'."
"wordpress","wp-includes/php-ai-client/third-party/Http/Discovery/Strategy/CommonClassesStrategy.php","53","1084","P1009","1","Undefined type 'WordPress\AiClientDependencies\GuzzleHttp\Psr7\Request'."
"wordpress","wp-includes/php-ai-client/third-party/Http/Discovery/Strategy/CommonClassesStrategy.php","53","1106","P1009","1","Undefined type 'WordPress\AiClientDependencies\Http\Message\UriFactory\GuzzleUriFactory'."
"wordpress","wp-includes/php-ai-client/third-party/Http/Discovery/Strategy/CommonClassesStrategy.php","53","1145","P1009","1","Undefined type 'WordPress\AiClientDependencies\Http\Message\UriFactory\DiactorosUriFactory'."
"wordpress","wp-includes/php-ai-client/third-party/Http/Discovery/Strategy/CommonClassesStrategy.php","53","1189","P1009","1","Undefined type 'WordPress\AiClientDependencies\Laminas\Diactoros\Request'."
"wordpress","wp-includes/php-ai-client/third-party/Http/Discovery/Strategy/CommonClassesStrategy.php","53","1214","P1009","1","Undefined type 'WordPress\AiClientDependencies\Http\Message\UriFactory\DiactorosUriFactory'."
"wordpress","wp-includes/php-ai-client/third-party/Http/Discovery/Strategy/CommonClassesStrategy.php","53","1256","P1009","1","Undefined type 'WordPress\AiClientDependencies\Http\Message\UriFactory\SlimUriFactory'."
"wordpress","wp-includes/php-ai-client/third-party/Http/Discovery/Strategy/CommonClassesStrategy.php","53","1295","P1009","1","Undefined type 'WordPress\AiClientDependencies\Slim\Http\Request'."
"wordpress","wp-includes/php-ai-client/third-party/Http/Discovery/Strategy/CommonClassesStrategy.php","53","1315","P1009","1","Undefined type 'WordPress\AiClientDependencies\Http\Message\UriFactory\SlimUriFactory'."
"wordpress","wp-includes/php-ai-client/third-party/Http/Discovery/Strategy/CommonClassesStrategy.php","53","1341","P1009","1","Undefined type 'WordPress\AiClientDependencies\Http\Client\HttpAsyncClient'."
"wordpress","wp-includes/php-ai-client/third-party/Http/Discovery/Strategy/CommonClassesStrategy.php","53","1380","P1009","1","Undefined type 'WordPress\AiClientDependencies\Symfony\Component\HttpClient\HttplugClient'."
"wordpress","wp-includes/php-ai-client/third-party/Http/Discovery/Strategy/CommonClassesStrategy.php","53","1419","P1009","1","Undefined type 'WordPress\AiClientDependencies\Symfony\Component\HttpClient\HttplugClient'."
"wordpress","wp-includes/php-ai-client/third-party/Http/Discovery/Strategy/CommonClassesStrategy.php","53","1442","P1009","1","Undefined type 'WordPress\AiClientDependencies\GuzzleHttp\Promise\Promise'."
"wordpress","wp-includes/php-ai-client/third-party/Http/Discovery/Strategy/CommonClassesStrategy.php","53","1514","P1009","1","Undefined type 'WordPress\AiClientDependencies\Http\Adapter\Guzzle7\Client'."
"wordpress","wp-includes/php-ai-client/third-party/Http/Discovery/Strategy/CommonClassesStrategy.php","53","1545","P1009","1","Undefined type 'WordPress\AiClientDependencies\Http\Adapter\Guzzle7\Client'."
"wordpress","wp-includes/php-ai-client/third-party/Http/Discovery/Strategy/CommonClassesStrategy.php","53","1574","P1009","1","Undefined type 'WordPress\AiClientDependencies\Http\Adapter\Guzzle6\Client'."
"wordpress","wp-includes/php-ai-client/third-party/Http/Discovery/Strategy/CommonClassesStrategy.php","53","1605","P1009","1","Undefined type 'WordPress\AiClientDependencies\Http\Adapter\Guzzle6\Client'."
"wordpress","wp-includes/php-ai-client/third-party/Http/Discovery/Strategy/CommonClassesStrategy.php","53","1634","P1009","1","Undefined type 'WordPress\AiClientDependencies\Http\Client\Curl\Client'."
"wordpress","wp-includes/php-ai-client/third-party/Http/Discovery/Strategy/CommonClassesStrategy.php","53","1662","P1009","1","Undefined type 'WordPress\AiClientDependencies\Http\Client\Curl\Client'."
"wordpress","wp-includes/php-ai-client/third-party/Http/Discovery/Strategy/CommonClassesStrategy.php","53","1688","P1009","1","Undefined type 'WordPress\AiClientDependencies\Http\Adapter\React\Client'."
"wordpress","wp-includes/php-ai-client/third-party/Http/Discovery/Strategy/CommonClassesStrategy.php","53","1717","P1009","1","Undefined type 'WordPress\AiClientDependencies\Http\Adapter\React\Client'."
"wordpress","wp-includes/php-ai-client/third-party/Http/Discovery/Strategy/CommonClassesStrategy.php","53","1733","P1009","1","Undefined type 'WordPress\AiClientDependencies\Http\Client\HttpClient'."
"wordpress","wp-includes/php-ai-client/third-party/Http/Discovery/Strategy/CommonClassesStrategy.php","53","1767","P1009","1","Undefined type 'WordPress\AiClientDependencies\Symfony\Component\HttpClient\HttplugClient'."
"wordpress","wp-includes/php-ai-client/third-party/Http/Discovery/Strategy/CommonClassesStrategy.php","53","1806","P1009","1","Undefined type 'WordPress\AiClientDependencies\Symfony\Component\HttpClient\HttplugClient'."
"wordpress","wp-includes/php-ai-client/third-party/Http/Discovery/Strategy/CommonClassesStrategy.php","53","1935","P1009","1","Undefined type 'WordPress\AiClientDependencies\Http\Adapter\Guzzle7\Client'."
"wordpress","wp-includes/php-ai-client/third-party/Http/Discovery/Strategy/CommonClassesStrategy.php","53","1966","P1009","1","Undefined type 'WordPress\AiClientDependencies\Http\Adapter\Guzzle7\Client'."
"wordpress","wp-includes/php-ai-client/third-party/Http/Discovery/Strategy/CommonClassesStrategy.php","53","1995","P1009","1","Undefined type 'WordPress\AiClientDependencies\Http\Adapter\Guzzle6\Client'."
"wordpress","wp-includes/php-ai-client/third-party/Http/Discovery/Strategy/CommonClassesStrategy.php","53","2026","P1009","1","Undefined type 'WordPress\AiClientDependencies\Http\Adapter\Guzzle6\Client'."
"wordpress","wp-includes/php-ai-client/third-party/Http/Discovery/Strategy/CommonClassesStrategy.php","53","2055","P1009","1","Undefined type 'WordPress\AiClientDependencies\Http\Adapter\Guzzle5\Client'."
"wordpress","wp-includes/php-ai-client/third-party/Http/Discovery/Strategy/CommonClassesStrategy.php","53","2086","P1009","1","Undefined type 'WordPress\AiClientDependencies\Http\Adapter\Guzzle5\Client'."
"wordpress","wp-includes/php-ai-client/third-party/Http/Discovery/Strategy/CommonClassesStrategy.php","53","2115","P1009","1","Undefined type 'WordPress\AiClientDependencies\Http\Client\Curl\Client'."
"wordpress","wp-includes/php-ai-client/third-party/Http/Discovery/Strategy/CommonClassesStrategy.php","53","2143","P1009","1","Undefined type 'WordPress\AiClientDependencies\Http\Client\Curl\Client'."
"wordpress","wp-includes/php-ai-client/third-party/Http/Discovery/Strategy/CommonClassesStrategy.php","53","2169","P1009","1","Undefined type 'WordPress\AiClientDependencies\Http\Client\Socket\Client'."
"wordpress","wp-includes/php-ai-client/third-party/Http/Discovery/Strategy/CommonClassesStrategy.php","53","2199","P1009","1","Undefined type 'WordPress\AiClientDependencies\Http\Client\Socket\Client'."
"wordpress","wp-includes/php-ai-client/third-party/Http/Discovery/Strategy/CommonClassesStrategy.php","53","2227","P1009","1","Undefined type 'WordPress\AiClientDependencies\Http\Adapter\Buzz\Client'."
"wordpress","wp-includes/php-ai-client/third-party/Http/Discovery/Strategy/CommonClassesStrategy.php","53","2255","P1009","1","Undefined type 'WordPress\AiClientDependencies\Http\Adapter\Buzz\Client'."
"wordpress","wp-includes/php-ai-client/third-party/Http/Discovery/Strategy/CommonClassesStrategy.php","53","2281","P1009","1","Undefined type 'WordPress\AiClientDependencies\Http\Adapter\React\Client'."
"wordpress","wp-includes/php-ai-client/third-party/Http/Discovery/Strategy/CommonClassesStrategy.php","53","2310","P1009","1","Undefined type 'WordPress\AiClientDependencies\Http\Adapter\React\Client'."
"wordpress","wp-includes/php-ai-client/third-party/Http/Discovery/Strategy/CommonClassesStrategy.php","53","2337","P1009","1","Undefined type 'WordPress\AiClientDependencies\Http\Adapter\Cake\Client'."
"wordpress","wp-includes/php-ai-client/third-party/Http/Discovery/Strategy/CommonClassesStrategy.php","53","2365","P1009","1","Undefined type 'WordPress\AiClientDependencies\Http\Adapter\Cake\Client'."
"wordpress","wp-includes/php-ai-client/third-party/Http/Discovery/Strategy/CommonClassesStrategy.php","53","2391","P1009","1","Undefined type 'WordPress\AiClientDependencies\Http\Adapter\Artax\Client'."
"wordpress","wp-includes/php-ai-client/third-party/Http/Discovery/Strategy/CommonClassesStrategy.php","53","2420","P1009","1","Undefined type 'WordPress\AiClientDependencies\Http\Adapter\Artax\Client'."
"wordpress","wp-includes/php-ai-client/third-party/Http/Discovery/Strategy/CommonClassesStrategy.php","53","2497","P1009","1","Undefined type 'WordPress\AiClientDependencies\Buzz\Client\FileGetContents'."
"wordpress","wp-includes/php-ai-client/third-party/Http/Discovery/Strategy/CommonClassesStrategy.php","53","2565","P1009","1","Undefined type 'WordPress\AiClientDependencies\Buzz\Message\ResponseBuilder'."
"wordpress","wp-includes/php-ai-client/third-party/Http/Discovery/Strategy/CommonClassesStrategy.php","53","2730","P1009","1","Undefined type 'WordPress\AiClientDependencies\Symfony\Component\HttpClient\Psr18Client'."
"wordpress","wp-includes/php-ai-client/third-party/Http/Discovery/Strategy/CommonClassesStrategy.php","53","2793","P1009","1","Undefined type 'WordPress\AiClientDependencies\GuzzleHttp\Client'."
"wordpress","wp-includes/php-ai-client/third-party/Http/Discovery/Strategy/CommonClassesStrategy.php","53","2934","P1009","1","Undefined type 'WordPress\AiClientDependencies\Buzz\Client\FileGetContents'."
"wordpress","wp-includes/php-ai-client/third-party/Http/Discovery/Strategy/CommonClassesStrategy.php","53","3002","P1009","1","Undefined type 'WordPress\AiClientDependencies\Buzz\Message\ResponseBuilder'."
"wordpress","wp-includes/php-ai-client/third-party/Http/Discovery/Strategy/CommonClassesStrategy.php","69","33","P1009","1","Undefined type 'WordPress\AiClientDependencies\Http\Client\HttpClient'."
"wordpress","wp-includes/php-ai-client/third-party/Http/Discovery/Strategy/CommonClassesStrategy.php","85","20","P1009","1","Undefined type 'WordPress\AiClientDependencies\Buzz\Client\FileGetContents'."
"wordpress","wp-includes/php-ai-client/third-party/Http/Discovery/Strategy/CommonClassesStrategy.php","89","20","P1009","1","Undefined type 'WordPress\AiClientDependencies\Symfony\Component\HttpClient\Psr18Client'."
"wordpress","wp-includes/php-ai-client/third-party/Http/Discovery/Strategy/CommonClassesStrategy.php","97","31","P1009","1","Undefined type 'WordPress\AiClientDependencies\Symfony\Component\HttpClient\HttplugClient'."
"wordpress","wp-includes/php-ai-client/third-party/Http/Discovery/Strategy/CommonClassesStrategy.php","97","54","P1009","1","Undefined type 'WordPress\AiClientDependencies\Http\Client\HttpClient'."
"wordpress","wp-includes/php-ai-client/third-party/Http/Discovery/Strategy/PuliBetaStrategy.php","22","13","P1133","3","PHPDoc undefined type 'WordPress\AiClientDependencies\Puli\GeneratedPuliFactory'."
"wordpress","wp-includes/php-ai-client/third-party/Http/Discovery/Strategy/PuliBetaStrategy.php","26","13","P1133","3","PHPDoc undefined type 'WordPress\AiClientDependencies\Puli\Discovery\Api\Discovery'."
"wordpress","wp-includes/php-ai-client/third-party/Http/Discovery/Strategy/PuliBetaStrategy.php","30","16","P1133","3","PHPDoc undefined type 'WordPress\AiClientDependencies\Puli\GeneratedPuliFactory'."
"wordpress","wp-includes/php-ai-client/third-party/Http/Discovery/Strategy/PuliBetaStrategy.php","51","16","P1133","3","PHPDoc undefined type 'WordPress\AiClientDependencies\Puli\Discovery\Api\Discovery'."
"wordpress","wp-includes/php-ai-client/third-party/Http/Discovery/Strategy/PuliBetaStrategy.php","40","33","P1011","1","Undefined constant 'WordPress\AiClientDependencies\Http\Discovery\Strategy\PULI_FACTORY_CLASS'."
"wordpress","wp-includes/php-ai-client/third-party/Nyholm/Psr7/Factory/HttplugFactory.php","17","24","P1009","1","Undefined type 'WordPress\AiClientDependencies\Http\Message\MessageFactory'."
"wordpress","wp-includes/php-ai-client/third-party/Nyholm/Psr7/Factory/HttplugFactory.php","29","33","P1009","1","Undefined type 'WordPress\AiClientDependencies\Http\Message\MessageFactory'."
"wordpress","wp-includes/php-ai-client/third-party/Nyholm/Psr7/Factory/HttplugFactory.php","29","49","P1009","1","Undefined type 'WordPress\AiClientDependencies\Http\Message\StreamFactory'."
"wordpress","wp-includes/php-ai-client/third-party/Nyholm/Psr7/Factory/HttplugFactory.php","29","64","P1009","1","Undefined type 'WordPress\AiClientDependencies\Http\Message\UriFactory'."
"wordpress","wp-includes/php-ai-client/third-party/Nyholm/Psr7/Factory/HttplugFactory.php","31","35","P1132","3","Parameter $method has no type information available."
"wordpress","wp-includes/php-ai-client/third-party/Nyholm/Psr7/Factory/HttplugFactory.php","31","44","P1132","3","Parameter $uri has no type information available."
"wordpress","wp-includes/php-ai-client/third-party/Nyholm/Psr7/MessageTrait.php","32","16","P1131","3","Documented type is not compatible with the declared type."
"wordpress","wp-includes/php-ai-client/third-party/Nyholm/Psr7/MessageTrait.php","71","16","P1131","3","Documented type is not compatible with the declared type."
"wordpress","wp-includes/php-ai-client/third-party/Nyholm/Psr7/MessageTrait.php","86","16","P1131","3","Documented type is not compatible with the declared type."
"wordpress","wp-includes/php-ai-client/third-party/Nyholm/Psr7/MessageTrait.php","98","16","P1131","3","Documented type is not compatible with the declared type."
"wordpress","wp-includes/php-ai-client/third-party/Nyholm/Psr7/MessageTrait.php","122","16","P1131","3","Documented type is not compatible with the declared type."
"wordpress","wp-includes/php-ai-client/third-party/Nyholm/Psr7/MessageTrait.php","34","41","P1132","3","Parameter $version has no type information available."
"wordpress","wp-includes/php-ai-client/third-party/Nyholm/Psr7/MessageTrait.php","50","31","P1132","3","Parameter $header has no type information available."
"wordpress","wp-includes/php-ai-client/third-party/Nyholm/Psr7/MessageTrait.php","54","31","P1132","3","Parameter $header has no type information available."
"wordpress","wp-includes/php-ai-client/third-party/Nyholm/Psr7/MessageTrait.php","66","35","P1132","3","Parameter $header has no type information available."
"wordpress","wp-includes/php-ai-client/third-party/Nyholm/Psr7/MessageTrait.php","73","32","P1132","3","Parameter $header has no type information available."
"wordpress","wp-includes/php-ai-client/third-party/Nyholm/Psr7/MessageTrait.php","73","41","P1132","3","Parameter $value has no type information available."
"wordpress","wp-includes/php-ai-client/third-party/Nyholm/Psr7/MessageTrait.php","88","37","P1132","3","Parameter $header has no type information available."
"wordpress","wp-includes/php-ai-client/third-party/Nyholm/Psr7/MessageTrait.php","88","46","P1132","3","Parameter $value has no type information available."
"wordpress","wp-includes/php-ai-client/third-party/Nyholm/Psr7/MessageTrait.php","100","35","P1132","3","Parameter $header has no type information available."
"wordpress","wp-includes/php-ai-client/third-party/Nyholm/Psr7/MessageTrait.php","170","44","P1132","3","Parameter $header has no type information available."
"wordpress","wp-includes/php-ai-client/third-party/Nyholm/Psr7/MessageTrait.php","170","53","P1132","3","Parameter $values has no type information available."
"wordpress","wp-includes/php-ai-client/third-party/Nyholm/Psr7/RequestTrait.php","37","16","P1131","3","Documented type is not compatible with the declared type."
"wordpress","wp-includes/php-ai-client/third-party/Nyholm/Psr7/RequestTrait.php","56","16","P1131","3","Documented type is not compatible with the declared type."
"wordpress","wp-includes/php-ai-client/third-party/Nyholm/Psr7/RequestTrait.php","72","16","P1131","3","Documented type is not compatible with the declared type."
"wordpress","wp-includes/php-ai-client/third-party/Nyholm/Psr7/RequestTrait.php","39","39","P1132","3","Parameter $requestTarget has no type information available."
"wordpress","wp-includes/php-ai-client/third-party/Nyholm/Psr7/RequestTrait.php","58","32","P1132","3","Parameter $method has no type information available."
"wordpress","wp-includes/php-ai-client/third-party/Nyholm/Psr7/Response.php","55","16","P1131","3","Documented type is not compatible with the declared type."
"wordpress","wp-includes/php-ai-client/third-party/Nyholm/Psr7/ServerRequest.php","69","16","P1131","3","Documented type is not compatible with the declared type."
"wordpress","wp-includes/php-ai-client/third-party/Nyholm/Psr7/ServerRequest.php","82","16","P1131","3","Documented type is not compatible with the declared type."
"wordpress","wp-includes/php-ai-client/third-party/Nyholm/Psr7/ServerRequest.php","95","16","P1131","3","Documented type is not compatible with the declared type."
"wordpress","wp-includes/php-ai-client/third-party/Nyholm/Psr7/ServerRequest.php","111","16","P1131","3","Documented type is not compatible with the declared type."
"wordpress","wp-includes/php-ai-client/third-party/Nyholm/Psr7/ServerRequest.php","140","16","P1131","3","Documented type is not compatible with the declared type."
"wordpress","wp-includes/php-ai-client/third-party/Nyholm/Psr7/ServerRequest.php","152","16","P1131","3","Documented type is not compatible with the declared type."
"wordpress","wp-includes/php-ai-client/third-party/Nyholm/Psr7/Stream.php","201","45","P1003","4","Symbol '$type' is declared but not used."
"wordpress","wp-includes/php-ai-client/third-party/Nyholm/Psr7/Stream.php","234","20","P1132","3","Property $context has no type information available."
"wordpress","wp-includes/php-ai-client/third-party/Nyholm/Psr7/Stream.php","235","21","P1132","3","Property $data has no type information available."
"wordpress","wp-includes/php-ai-client/third-party/Nyholm/Psr7/StreamTrait.php","44","70","P1009","1","Undefined type 'WordPress\AiClientDependencies\Symfony\Component\ErrorHandler\ErrorHandler'."
"wordpress","wp-includes/php-ai-client/third-party/Nyholm/Psr7/StreamTrait.php","44","118","P1009","1","Undefined type 'WordPress\AiClientDependencies\Symfony\Component\Debug\ErrorHandler'."
"wordpress","wp-includes/php-ai-client/third-party/Nyholm/Psr7/Uri.php","115","16","P1131","3","Documented type is not compatible with the declared type."
"wordpress","wp-includes/php-ai-client/third-party/Nyholm/Psr7/Uri.php","131","16","P1131","3","Documented type is not compatible with the declared type."
"wordpress","wp-includes/php-ai-client/third-party/Nyholm/Psr7/Uri.php","153","16","P1131","3","Documented type is not compatible with the declared type."
"wordpress","wp-includes/php-ai-client/third-party/Nyholm/Psr7/Uri.php","168","16","P1131","3","Documented type is not compatible with the declared type."
"wordpress","wp-includes/php-ai-client/third-party/Nyholm/Psr7/Uri.php","180","16","P1131","3","Documented type is not compatible with the declared type."
"wordpress","wp-includes/php-ai-client/third-party/Nyholm/Psr7/Uri.php","192","16","P1131","3","Documented type is not compatible with the declared type."
"wordpress","wp-includes/php-ai-client/third-party/Nyholm/Psr7/Uri.php","204","16","P1131","3","Documented type is not compatible with the declared type."
"wordpress","wp-includes/php-ai-client/third-party/Nyholm/Psr7/Uri.php","257","33","P1132","3","Parameter $port has no type information available."
"wordpress","wp-includes/php-ai-client/third-party/Nyholm/Psr7/Uri.php","268","33","P1132","3","Parameter $path has no type information available."
"wordpress","wp-includes/php-ai-client/third-party/Nyholm/Psr7/Uri.php","275","45","P1132","3","Parameter $str has no type information available."
"wordpress","wp-includes/php-ai-client/third-party/Psr/Http/Client/ClientInterface.php","16","16","P1133","3","PHPDoc undefined type 'Psr\Http\Client\ClientExceptionInterface'."
"wordpress","wp-includes/php-ai-client/third-party/Psr/Http/Message/MessageInterface.php","38","16","P1131","3","Documented type is not compatible with the declared type."
"wordpress","wp-includes/php-ai-client/third-party/Psr/Http/Message/MessageInterface.php","123","16","P1131","3","Documented type is not compatible with the declared type."
"wordpress","wp-includes/php-ai-client/third-party/Psr/Http/Message/MessageInterface.php","140","16","P1131","3","Documented type is not compatible with the declared type."
"wordpress","wp-includes/php-ai-client/third-party/Psr/Http/Message/MessageInterface.php","154","16","P1131","3","Documented type is not compatible with the declared type."
"wordpress","wp-includes/php-ai-client/third-party/Psr/Http/Message/MessageInterface.php","173","16","P1131","3","Documented type is not compatible with the declared type."
"wordpress","wp-includes/php-ai-client/third-party/Psr/Http/Message/RequestInterface.php","58","16","P1131","3","Documented type is not compatible with the declared type."
"wordpress","wp-includes/php-ai-client/third-party/Psr/Http/Message/RequestInterface.php","79","16","P1131","3","Documented type is not compatible with the declared type."
"wordpress","wp-includes/php-ai-client/third-party/Psr/Http/Message/RequestInterface.php","121","16","P1131","3","Documented type is not compatible with the declared type."
"wordpress","wp-includes/php-ai-client/third-party/Psr/Http/Message/ResponseInterface.php","48","16","P1131","3","Documented type is not compatible with the declared type."
"wordpress","wp-includes/php-ai-client/third-party/Psr/Http/Message/ServerRequestInterface.php","81","16","P1131","3","Documented type is not compatible with the declared type."
"wordpress","wp-includes/php-ai-client/third-party/Psr/Http/Message/ServerRequestInterface.php","117","16","P1131","3","Documented type is not compatible with the declared type."
"wordpress","wp-includes/php-ai-client/third-party/Psr/Http/Message/ServerRequestInterface.php","141","16","P1131","3","Documented type is not compatible with the declared type."
"wordpress","wp-includes/php-ai-client/third-party/Psr/Http/Message/ServerRequestInterface.php","185","16","P1131","3","Documented type is not compatible with the declared type."
"wordpress","wp-includes/php-ai-client/third-party/Psr/Http/Message/ServerRequestInterface.php","231","16","P1131","3","Documented type is not compatible with the declared type."
"wordpress","wp-includes/php-ai-client/third-party/Psr/Http/Message/ServerRequestInterface.php","246","16","P1131","3","Documented type is not compatible with the declared type."
"wordpress","wp-includes/php-ai-client/third-party/Psr/Http/Message/UriInterface.php","181","16","P1131","3","Documented type is not compatible with the declared type."
"wordpress","wp-includes/php-ai-client/third-party/Psr/Http/Message/UriInterface.php","197","16","P1131","3","Documented type is not compatible with the declared type."
"wordpress","wp-includes/php-ai-client/third-party/Psr/Http/Message/UriInterface.php","209","16","P1131","3","Documented type is not compatible with the declared type."
"wordpress","wp-includes/php-ai-client/third-party/Psr/Http/Message/UriInterface.php","227","16","P1131","3","Documented type is not compatible with the declared type."
"wordpress","wp-includes/php-ai-client/third-party/Psr/Http/Message/UriInterface.php","250","16","P1131","3","Documented type is not compatible with the declared type."
"wordpress","wp-includes/php-ai-client/third-party/Psr/Http/Message/UriInterface.php","266","16","P1131","3","Documented type is not compatible with the declared type."
"wordpress","wp-includes/php-ai-client/third-party/Psr/Http/Message/UriInterface.php","282","16","P1131","3","Documented type is not compatible with the declared type."
"wordpress","wp-includes/php-ai-client/third-party/Psr/SimpleCache/CacheInterface.php","15","16","P1133","3","PHPDoc undefined type 'Psr\SimpleCache\InvalidArgumentException'."
"wordpress","wp-includes/php-ai-client/third-party/Psr/SimpleCache/CacheInterface.php","30","16","P1133","3","PHPDoc undefined type 'Psr\SimpleCache\InvalidArgumentException'."
"wordpress","wp-includes/php-ai-client/third-party/Psr/SimpleCache/CacheInterface.php","41","16","P1133","3","PHPDoc undefined type 'Psr\SimpleCache\InvalidArgumentException'."
"wordpress","wp-includes/php-ai-client/third-party/Psr/SimpleCache/CacheInterface.php","59","16","P1133","3","PHPDoc undefined type 'Psr\SimpleCache\InvalidArgumentException'."
"wordpress","wp-includes/php-ai-client/third-party/Psr/SimpleCache/CacheInterface.php","74","16","P1133","3","PHPDoc undefined type 'Psr\SimpleCache\InvalidArgumentException'."
"wordpress","wp-includes/php-ai-client/third-party/Psr/SimpleCache/CacheInterface.php","86","16","P1133","3","PHPDoc undefined type 'Psr\SimpleCache\InvalidArgumentException'."
"wordpress","wp-includes/php-ai-client/third-party/Psr/SimpleCache/CacheInterface.php","103","16","P1133","3","PHPDoc undefined type 'Psr\SimpleCache\InvalidArgumentException'."
"wordpress","wp-includes/PHPMailer/OAuth.php","41","13","P1133","3","PHPDoc undefined type 'League\OAuth2\Client\Provider\AbstractProvider'."
"wordpress","wp-includes/PHPMailer/OAuth.php","48","13","P1133","3","PHPDoc undefined type 'League\OAuth2\Client\Token\AccessToken'."
"wordpress","wp-includes/PHPMailer/OAuth.php","99","16","P1133","3","PHPDoc undefined type 'League\OAuth2\Client\Grant\RefreshToken'."
"wordpress","wp-includes/PHPMailer/OAuth.php","109","16","P1133","3","PHPDoc undefined type 'League\OAuth2\Client\Token\AccessToken'."
"wordpress","wp-includes/PHPMailer/OAuth.php","103","20","P1009","1","Undefined type 'League\OAuth2\Client\Grant\RefreshToken'."
"wordpress","wp-includes/PHPMailer/OAuth.php","135","13","P1006","1","Expected type 'string|Stringable|null'. Found 'League\OAuth2\Client\Token\AccessToken'."
"wordpress","wp-includes/PHPMailer/POP3.php","355","28","P1003","4","Symbol '$e' is declared but not used."
"wordpress","wp-includes/PHPMailer/POP3.php","363","28","P1003","4","Symbol '$e' is declared but not used."
"wordpress","wp-includes/PHPMailer/POP3.php","479","45","P1132","3","Parameter $string has no type information available."
"wordpress","wp-includes/PHPMailer/SMTP.php","149","29","P1133","3","PHPDoc undefined type 'Psr\Log\LoggerInterface'."
"wordpress","wp-includes/PHPMailer/SMTP.php","293","43","P1009","1","Undefined type 'Psr\Log\LoggerInterface'."
"wordpress","wp-includes/PHPMailer/SMTP.php","773","35","P1132","3","Parameter $s has no type information available."
"wordpress","wp-includes/pluggable-deprecated.php","106","2","P1003","4","Symbol '$password' is declared but not used."
"wordpress","wp-includes/pluggable-deprecated.php","108","2","P1003","4","Symbol '$already_md5' is declared but not used."
"wordpress","wp-includes/pluggable-deprecated.php","109","2","P1003","4","Symbol '$home' is declared but not used."
"wordpress","wp-includes/pluggable-deprecated.php","110","2","P1003","4","Symbol '$siteurl' is declared but not used."
"wordpress","wp-includes/pluggable-deprecated.php","183","2","P1003","4","Symbol '$deprecated' is declared but not used."
"wordpress","wp-includes/pluggable-deprecated.php","213","27","P1132","3","Parameter $name has no type information available."
"wordpress","wp-includes/pluggable-deprecated.php","213","34","P1003","4","Symbol '$arguments' is declared but not used."
"wordpress","wp-includes/pluggable-deprecated.php","217","40","P1132","3","Parameter $name has no type information available."
"wordpress","wp-includes/pluggable-deprecated.php","217","47","P1003","4","Symbol '$arguments' is declared but not used."
"wordpress","wp-includes/pluggable.php","2044","68","P1014","1","Undefined property '$comments'."
"wordpress","wp-includes/pluggable.php","3043","20","P1003","4","Symbol '$e' is declared but not used."
"wordpress","wp-includes/pluggable.php","3045","24","P1003","4","Symbol '$e' is declared but not used."
"wordpress","wp-includes/plugin.php","1005","38","P1003","4","Symbol '$hook_name' is declared but not used."
"wordpress","wp-includes/plugin.php","1005","61","P1003","4","Symbol '$priority' is declared but not used."
"wordpress","wp-includes/pomo/entry.php","26","10","P1132","3","Property $context has no type information available."
"wordpress","wp-includes/pomo/entry.php","27","10","P1132","3","Property $singular has no type information available."
"wordpress","wp-includes/pomo/entry.php","28","10","P1132","3","Property $plural has no type information available."
"wordpress","wp-includes/pomo/po.php","253","56","P1132","3","Parameter $translation has no type information available."
"wordpress","wp-includes/pomo/po.php","253","70","P1132","3","Parameter $original has no type information available."
"wordpress","wp-includes/Requests/src/Cookie/Jar.php","148","50","P1003","4","Symbol '$data' is declared but not used."
"wordpress","wp-includes/Requests/src/Cookie/Jar.php","148","58","P1003","4","Symbol '$type' is declared but not used."
"wordpress","wp-includes/Requests/src/Cookie/Jar.php","148","66","P1003","4","Symbol '$options' is declared but not used."
"wordpress","wp-includes/Requests/src/IdnaEncoder.php","57","19","P1133","3","PHPDoc undefined type 'WpOrg\Requests\Stringable'."
"wordpress","wp-includes/Requests/src/IdnaEncoder.php","203","10","P1124","3","Loop variable $position is also declared in an outer loop."
"wordpress","wp-includes/Requests/src/Ipv6.php","38","19","P1133","3","PHPDoc undefined type 'WpOrg\Requests\Stringable'."
"wordpress","wp-includes/Requests/src/Iri.php","249","19","P1133","3","PHPDoc undefined type 'WpOrg\Requests\Stringable'."
"wordpress","wp-includes/Requests/src/Iri.php","490","8","P1116","2","Possible undefined variable '$character'."
"wordpress","wp-includes/Requests/src/Iri.php","511","23","P1116","2","Possible undefined variable '$character'."
"wordpress","wp-includes/Requests/src/Iri.php","512","23","P1116","2","Possible undefined variable '$character'."
"wordpress","wp-includes/Requests/src/Iri.php","513","23","P1116","2","Possible undefined variable '$character'."
"wordpress","wp-includes/Requests/src/Iri.php","516","9","P1116","2","Possible undefined variable '$character'."
"wordpress","wp-includes/Requests/src/Iri.php","517","8","P1116","2","Possible undefined variable '$character'."
"wordpress","wp-includes/Requests/src/Iri.php","517","32","P1116","2","Possible undefined variable '$character'."
"wordpress","wp-includes/Requests/src/Iri.php","520","9","P1116","2","Possible undefined variable '$character'."
"wordpress","wp-includes/Requests/src/Iri.php","520","32","P1116","2","Possible undefined variable '$character'."
"wordpress","wp-includes/Requests/src/Iri.php","521","9","P1116","2","Possible undefined variable '$character'."
"wordpress","wp-includes/Requests/src/Iri.php","522","9","P1116","2","Possible undefined variable '$character'."
"wordpress","wp-includes/Requests/src/Iri.php","527","9","P1116","2","Possible undefined variable '$character'."
"wordpress","wp-includes/Requests/src/Iri.php","528","9","P1116","2","Possible undefined variable '$character'."
"wordpress","wp-includes/Requests/src/Iri.php","614","6","P1116","2","Possible undefined variable '$character'."
"wordpress","wp-includes/Requests/src/Iri.php","629","7","P1116","2","Possible undefined variable '$valid'."
"wordpress","wp-includes/Requests/src/Iri.php","631","9","P1116","2","Possible undefined variable '$length'."
"wordpress","wp-includes/Requests/src/Iri.php","631","24","P1116","2","Possible undefined variable '$character'."
"wordpress","wp-includes/Requests/src/Iri.php","632","9","P1116","2","Possible undefined variable '$length'."
"wordpress","wp-includes/Requests/src/Iri.php","632","24","P1116","2","Possible undefined variable '$character'."
"wordpress","wp-includes/Requests/src/Iri.php","633","9","P1116","2","Possible undefined variable '$length'."
"wordpress","wp-includes/Requests/src/Iri.php","633","24","P1116","2","Possible undefined variable '$character'."
"wordpress","wp-includes/Requests/src/Iri.php","635","9","P1116","2","Possible undefined variable '$character'."
"wordpress","wp-includes/Requests/src/Iri.php","636","9","P1116","2","Possible undefined variable '$character'."
"wordpress","wp-includes/Requests/src/Iri.php","638","10","P1116","2","Possible undefined variable '$character'."
"wordpress","wp-includes/Requests/src/Iri.php","639","9","P1116","2","Possible undefined variable '$character'."
"wordpress","wp-includes/Requests/src/Iri.php","639","33","P1116","2","Possible undefined variable '$character'."
"wordpress","wp-includes/Requests/src/Iri.php","641","9","P1116","2","Possible undefined variable '$character'."
"wordpress","wp-includes/Requests/src/Iri.php","642","9","P1116","2","Possible undefined variable '$character'."
"wordpress","wp-includes/Requests/src/Iri.php","642","30","P1116","2","Possible undefined variable '$character'."
"wordpress","wp-includes/Requests/src/Iri.php","643","9","P1116","2","Possible undefined variable '$character'."
"wordpress","wp-includes/Requests/src/Iri.php","643","30","P1116","2","Possible undefined variable '$character'."
"wordpress","wp-includes/Requests/src/Iri.php","644","9","P1116","2","Possible undefined variable '$character'."
"wordpress","wp-includes/Requests/src/Iri.php","644","30","P1116","2","Possible undefined variable '$character'."
"wordpress","wp-includes/Requests/src/Iri.php","645","9","P1116","2","Possible undefined variable '$character'."
"wordpress","wp-includes/Requests/src/Iri.php","645","30","P1116","2","Possible undefined variable '$character'."
"wordpress","wp-includes/Requests/src/Iri.php","646","9","P1116","2","Possible undefined variable '$character'."
"wordpress","wp-includes/Requests/src/Iri.php","646","32","P1116","2","Possible undefined variable '$character'."
"wordpress","wp-includes/Requests/src/Iri.php","648","16","P1116","2","Possible undefined variable '$start'."
"wordpress","wp-includes/Requests/src/Iri.php","653","16","P1116","2","Possible undefined variable '$start'."
"wordpress","wp-includes/Requests/src/Iri.php","663","14","P1116","2","Possible undefined variable '$start'."
"wordpress","wp-includes/Requests/src/Iri.php","728","11","P1006","1","Expected type 'Throwable'. Found 'WpOrg\Requests\UnexpectedValueException'."
"wordpress","wp-includes/Requests/src/Iri.php","728","15","P1009","1","Undefined type 'WpOrg\Requests\UnexpectedValueException'."
"wordpress","wp-includes/Requests/src/Iri.php","730","11","P1006","1","Expected type 'Throwable'. Found 'WpOrg\Requests\UnexpectedValueException'."
"wordpress","wp-includes/Requests/src/Iri.php","730","15","P1009","1","Undefined type 'WpOrg\Requests\UnexpectedValueException'."
"wordpress","wp-includes/Requests/src/Iri.php","726","38","P1003","4","Symbol '$default_value' is declared but not used."
"wordpress","wp-includes/Requests/src/Requests.php","422","19","P1133","3","PHPDoc undefined type 'WpOrg\Requests\Stringable'."
"wordpress","wp-includes/Requests/src/Requests.php","630","19","P1133","3","PHPDoc undefined type 'WpOrg\Requests\Stringable'."
"wordpress","wp-includes/Requests/src/Requests.php","304","29","P1132","3","Parameter $url has no type information available."
"wordpress","wp-includes/Requests/src/Requests.php","311","30","P1132","3","Parameter $url has no type information available."
"wordpress","wp-includes/Requests/src/Requests.php","318","32","P1132","3","Parameter $url has no type information available."
"wordpress","wp-includes/Requests/src/Requests.php","325","31","P1132","3","Parameter $url has no type information available."
"wordpress","wp-includes/Requests/src/Requests.php","341","30","P1132","3","Parameter $url has no type information available."
"wordpress","wp-includes/Requests/src/Requests.php","347","29","P1132","3","Parameter $url has no type information available."
"wordpress","wp-includes/Requests/src/Requests.php","354","33","P1132","3","Parameter $url has no type information available."
"wordpress","wp-includes/Requests/src/Requests.php","366","31","P1132","3","Parameter $url has no type information available."
"wordpress","wp-includes/Requests/src/Requests.php","366","37","P1132","3","Parameter $headers has no type information available."
"wordpress","wp-includes/Requests/src/Requests.php","656","48","P1003","4","Symbol '$headers' is declared but not used."
"wordpress","wp-includes/Requests/src/Requests.php","656","59","P1003","4","Symbol '$data' is declared but not used."
"wordpress","wp-includes/Requests/src/Response/Headers.php","53","2","P1038","1","Method 'WpOrg\Requests\Response\Headers::offsetSet()' is not compatible with method 'WpOrg\Requests\Utility\CaseInsensitiveDictionary::offsetSet()'."
"wordpress","wp-includes/Requests/src/Session.php","69","19","P1133","3","PHPDoc undefined type 'WpOrg\Requests\Stringable'."
"wordpress","wp-includes/Requests/src/Session.php","158","22","P1132","3","Parameter $url has no type information available."
"wordpress","wp-includes/Requests/src/Session.php","165","23","P1132","3","Parameter $url has no type information available."
"wordpress","wp-includes/Requests/src/Session.php","172","25","P1132","3","Parameter $url has no type information available."
"wordpress","wp-includes/Requests/src/Session.php","188","23","P1132","3","Parameter $url has no type information available."
"wordpress","wp-includes/Requests/src/Session.php","195","22","P1132","3","Parameter $url has no type information available."
"wordpress","wp-includes/Requests/src/Session.php","207","24","P1132","3","Parameter $url has no type information available."
"wordpress","wp-includes/Requests/src/Session.php","207","30","P1132","3","Parameter $headers has no type information available."
"wordpress","wp-includes/Requests/src/Ssl.php","29","19","P1133","3","PHPDoc undefined type 'WpOrg\Requests\Stringable'."
"wordpress","wp-includes/Requests/src/Ssl.php","94","19","P1133","3","PHPDoc undefined type 'WpOrg\Requests\Stringable'."
"wordpress","wp-includes/Requests/src/Ssl.php","147","19","P1133","3","PHPDoc undefined type 'WpOrg\Requests\Stringable'."
"wordpress","wp-includes/Requests/src/Ssl.php","148","19","P1133","3","PHPDoc undefined type 'WpOrg\Requests\Stringable'."
"wordpress","wp-includes/Requests/src/Transport/Curl.php","137","19","P1133","3","PHPDoc undefined type 'WpOrg\Requests\Transport\Stringable'."
"wordpress","wp-includes/Requests/src/Transport/Curl.php","130","15","P1006","1","Expected type 'CurlHandle'. Found 'resource'."
"wordpress","wp-includes/Requests/src/Transport/Curl.php","130","4","P1007","4","'curl_close' is deprecated."
"wordpress","wp-includes/Requests/src/Transport/Curl.php","312","6","P1007","4","'curl_close' is deprecated."
"wordpress","wp-includes/Requests/src/Transport/Curl.php","510","33","P1003","4","Symbol '$handle' is declared but not used."
"wordpress","wp-includes/Requests/src/Transport/Curl.php","537","30","P1003","4","Symbol '$handle' is declared but not used."
"wordpress","wp-includes/Requests/src/Transport/Fsockopen.php","64","19","P1133","3","PHPDoc undefined type 'WpOrg\Requests\Transport\Stringable'."
"wordpress","wp-includes/rest-api/endpoints/class-wp-rest-attachments-controller.php","2808","51","P1003","4","Symbol '$ext' is declared but not used."
"wordpress","wp-includes/rest-api/endpoints/class-wp-rest-attachments-controller.php","2808","63","P1003","4","Symbol '$unique_filename_callback' is declared but not used."
"wordpress","wp-includes/rest-api/endpoints/class-wp-rest-attachments-controller.php","2808","90","P1003","4","Symbol '$alt_filenames' is declared but not used."
"wordpress","wp-includes/rest-api/endpoints/class-wp-rest-autosaves-controller.php","443","14","P1116","2","Possible undefined variable '$revisioned_meta_keys'."
"wordpress","wp-includes/rest-api/endpoints/class-wp-rest-autosaves-controller.php","26","2","P1003","4","Symbol '$parent_post_type' is declared but not used."
"wordpress","wp-includes/rest-api/endpoints/class-wp-rest-comments-controller.php","359","90","P1116","2","Possible undefined variable '$comments'."
"wordpress","wp-includes/rest-api/endpoints/class-wp-rest-controller.php","66","47","P1003","4","Symbol '$request' is declared but not used."
"wordpress","wp-includes/rest-api/endpoints/class-wp-rest-controller.php","83","29","P1003","4","Symbol '$request' is declared but not used."
"wordpress","wp-includes/rest-api/endpoints/class-wp-rest-controller.php","100","46","P1003","4","Symbol '$request' is declared but not used."
"wordpress","wp-includes/rest-api/endpoints/class-wp-rest-controller.php","117","28","P1003","4","Symbol '$request' is declared but not used."
"wordpress","wp-includes/rest-api/endpoints/class-wp-rest-controller.php","134","49","P1003","4","Symbol '$request' is declared but not used."
"wordpress","wp-includes/rest-api/endpoints/class-wp-rest-controller.php","151","31","P1003","4","Symbol '$request' is declared but not used."
"wordpress","wp-includes/rest-api/endpoints/class-wp-rest-controller.php","168","49","P1003","4","Symbol '$request' is declared but not used."
"wordpress","wp-includes/rest-api/endpoints/class-wp-rest-controller.php","185","31","P1003","4","Symbol '$request' is declared but not used."
"wordpress","wp-includes/rest-api/endpoints/class-wp-rest-controller.php","202","49","P1003","4","Symbol '$request' is declared but not used."
"wordpress","wp-includes/rest-api/endpoints/class-wp-rest-controller.php","219","31","P1003","4","Symbol '$request' is declared but not used."
"wordpress","wp-includes/rest-api/endpoints/class-wp-rest-controller.php","236","48","P1003","4","Symbol '$request' is declared but not used."
"wordpress","wp-includes/rest-api/endpoints/class-wp-rest-controller.php","254","45","P1003","4","Symbol '$item' is declared but not used."
"wordpress","wp-includes/rest-api/endpoints/class-wp-rest-controller.php","254","52","P1003","4","Symbol '$request' is declared but not used."
"wordpress","wp-includes/rest-api/endpoints/class-wp-rest-font-faces-controller.php","260","34","P1124","3","Loop variable $value is also declared as a parameter."
"wordpress","wp-includes/rest-api/endpoints/class-wp-rest-font-faces-controller.php","900","49","P1003","4","Symbol '$file' is declared but not used."
"wordpress","wp-includes/rest-api/endpoints/class-wp-rest-font-families-controller.php","165","34","P1124","3","Loop variable $value is also declared as a parameter."
"wordpress","wp-includes/rest-api/endpoints/class-wp-rest-global-styles-controller.php","523","52","P1003","4","Symbol '$request' is declared but not used."
"wordpress","wp-includes/rest-api/endpoints/class-wp-rest-global-styles-revisions-controller.php","126","13","P1133","3","PHPDoc undefined type 'Array'."
"wordpress","wp-includes/rest-api/endpoints/class-wp-rest-revisions-controller.php","978","57","P1003","4","Symbol '$post' is declared but not used."
"wordpress","wp-includes/rest-api/endpoints/class-wp-rest-search-controller.php","115","46","P1003","4","Symbol '$request' is declared but not used."
"wordpress","wp-includes/rest-api/endpoints/class-wp-rest-search-controller.php","168","90","P1116","2","Possible undefined variable '$results'."
"wordpress","wp-includes/rest-api/endpoints/class-wp-rest-sidebars-controller.php","98","49","P1003","4","Symbol '$widgets' is declared but not used."
"wordpress","wp-includes/rest-api/endpoints/class-wp-rest-sidebars-controller.php","132","49","P1003","4","Symbol '$widgets' is declared but not used."
"wordpress","wp-includes/rest-api/endpoints/class-wp-rest-site-health-controller.php","290","32","P1007","4","'get_sizes' is deprecated."
"wordpress","wp-includes/rest-api/endpoints/class-wp-rest-template-autosaves-controller.php","24","2","P1003","4","Symbol '$parent_post_type' is declared but not used."
"wordpress","wp-includes/rest-api/endpoints/class-wp-rest-templates-controller.php","182","40","P1003","4","Symbol '$request' is declared but not used."
"wordpress","wp-includes/rest-api/endpoints/class-wp-rest-terms-controller.php","156","63","P1003","4","Symbol '$request' is declared but not used."
"wordpress","wp-includes/rest-api/endpoints/class-wp-rest-terms-controller.php","377","90","P1116","2","Possible undefined variable '$response'."
"wordpress","wp-includes/rest-api/endpoints/class-wp-rest-themes-controller.php","457","61","P1003","4","Symbol '$feature' is declared but not used."
"wordpress","wp-includes/rest-api/endpoints/class-wp-rest-themes-controller.php","457","71","P1003","4","Symbol '$request' is declared but not used."
"wordpress","wp-includes/rest-api/endpoints/class-wp-rest-themes-controller.php","696","48","P1003","4","Symbol '$feature' is declared but not used."
"wordpress","wp-includes/rest-api/endpoints/class-wp-rest-users-controller.php","177","42","P1003","4","Symbol '$request' is declared but not used."
"wordpress","wp-includes/rest-api/endpoints/class-wp-rest-users-controller.php","177","52","P1003","4","Symbol '$param' is declared but not used."
"wordpress","wp-includes/rest-api/endpoints/class-wp-rest-users-controller.php","389","90","P1116","2","Possible undefined variable '$users'."
"wordpress","wp-includes/rest-api/endpoints/class-wp-rest-users-controller.php","1319","42","P1003","4","Symbol '$request' is declared but not used."
"wordpress","wp-includes/rest-api/endpoints/class-wp-rest-users-controller.php","1319","52","P1003","4","Symbol '$param' is declared but not used."
"wordpress","wp-includes/rest-api/endpoints/class-wp-rest-users-controller.php","1359","3","P1003","4","Symbol '$request' is declared but not used."
"wordpress","wp-includes/rest-api/endpoints/class-wp-rest-users-controller.php","1360","3","P1003","4","Symbol '$param' is declared but not used."
"wordpress","wp-includes/rest-api/endpoints/class-wp-rest-widgets-controller.php","121","57","P1003","4","Symbol '$widget_ids' is declared but not used."
"wordpress","wp-includes/rest-api/endpoints/class-wp-rest-widgets-controller.php","486","40","P1003","4","Symbol '$request' is declared but not used."
"wordpress","wp-includes/rest-api/fields/class-wp-rest-meta-fields.php","556","48","P1003","4","Symbol '$request' is declared but not used."
"wordpress","wp-includes/rest-api/fields/class-wp-rest-meta-fields.php","584","47","P1003","4","Symbol '$request' is declared but not used."
"wordpress","wp-includes/rest-api/fields/class-wp-rest-meta-fields.php","584","57","P1003","4","Symbol '$param' is declared but not used."
"wordpress","wp-includes/rest-api.php","195","29","P1124","3","Loop variable $object_type is also declared as a parameter."
"wordpress","wp-includes/rest-api.php","896","56","P1003","4","Symbol '$value' is declared but not used."
"wordpress","wp-includes/rest-api.php","949","50","P1003","4","Symbol '$server' is declared but not used."
"wordpress","wp-includes/revision.php","22","53","P1003","4","Symbol '$deprecated' is declared but not used."
"wordpress","wp-includes/revision.php","107","53","P1003","4","Symbol '$post' is declared but not used."
"wordpress","wp-includes/rss.php","35","6","P1132","3","Property $parser has no type information available."
"wordpress","wp-includes/rss.php","41","6","P1132","3","Property $feed_type has no type information available."
"wordpress","wp-includes/rss.php","42","6","P1132","3","Property $feed_version has no type information available."
"wordpress","wp-includes/rss.php","719","6","P1132","3","Property $BASE_CACHE has no type information available."
"wordpress","wp-includes/rss.php","61","24","P1132","3","Parameter $source has no type information available."
"wordpress","wp-includes/rss.php","97","4","P1007","4","'xml_parser_free' is deprecated."
"wordpress","wp-includes/rss.php","108","29","P1132","3","Parameter $source has no type information available."
"wordpress","wp-includes/rss.php","112","30","P1003","4","Symbol '$p' is declared but not used."
"wordpress","wp-includes/rss.php","112","34","P1132","3","Parameter $element has no type information available."
"wordpress","wp-includes/rss.php","112","45","P1132","3","Parameter $attrs has no type information available."
"wordpress","wp-includes/rss.php","223","23","P1003","4","Symbol '$p' is declared but not used."
"wordpress","wp-includes/rss.php","223","27","P1132","3","Parameter $text has no type information available."
"wordpress","wp-includes/rss.php","235","29","P1003","4","Symbol '$p' is declared but not used."
"wordpress","wp-includes/rss.php","235","33","P1132","3","Parameter $el has no type information available."
"wordpress","wp-includes/rss.php","280","20","P1132","3","Parameter $str1 has no type information available."
"wordpress","wp-includes/rss.php","287","26","P1132","3","Parameter $text has no type information available."
"wordpress","wp-includes/rss.php","289","40","P1006","1","Expected type 'string|int'. Found 'bool'."
"wordpress","wp-includes/rss.php","292","35","P1006","1","Expected type 'string|int'. Found 'bool'."
"wordpress","wp-includes/rss.php","297","18","P1132","3","Parameter $el has no type information available."
"wordpress","wp-includes/rss.php","297","23","P1132","3","Parameter $text has no type information available."
"wordpress","wp-includes/rss.php","305","27","P1006","1","Expected type 'string|int'. Found 'true'."
"wordpress","wp-includes/rss.php","309","22","P1006","1","Expected type 'string|int'. Found 'true'."
"wordpress","wp-includes/rss.php","313","24","P1006","1","Expected type 'string|int'. Found 'true'."
"wordpress","wp-includes/rss.php","317","20","P1006","1","Expected type 'string|int'. Found 'true'."
"wordpress","wp-includes/rss.php","387","21","P1132","3","Parameter $k has no type information available."
"wordpress","wp-includes/rss.php","387","25","P1132","3","Parameter $v has no type information available."
"wordpress","wp-includes/rss.php","391","18","P1132","3","Parameter $errormsg has no type information available."
"wordpress","wp-includes/rss.php","391","29","P1132","3","Parameter $lvl has no type information available."
"wordpress","wp-includes/rss.php","444","4","P1010","1","Undefined function 'debug'."
"wordpress","wp-includes/rss.php","463","5","P1010","1","Undefined function 'debug'."
"wordpress","wp-includes/rss.php","486","6","P1010","1","Undefined function 'debug'."
"wordpress","wp-includes/rss.php","496","7","P1010","1","Undefined function 'debug'."
"wordpress","wp-includes/rss.php","525","5","P1010","1","Undefined function 'debug'."
"wordpress","wp-includes/rss.php","594","24","P1006","1","Expected type 'object'. Found 'array'."
"wordpress","wp-includes/rss.php","597","46","P1014","1","Undefined property '$ERROR'."
"wordpress","wp-includes/rss.php","600","21","P1006","1","Expected type 'object'. Found 'array'."
"wordpress","wp-includes/rss.php","611","11","P1014","1","Undefined property '$etag'."
"wordpress","wp-includes/rss.php","615","11","P1014","1","Undefined property '$last_modified'."
"wordpress","wp-includes/rss.php","625","30","P1014","1","Undefined property '$ERROR'."
"wordpress","wp-includes/rss.php","694","19","P1132","3","Parameter $sc has no type information available."
"wordpress","wp-includes/rss.php","698","22","P1132","3","Parameter $sc has no type information available."
"wordpress","wp-includes/rss.php","702","23","P1132","3","Parameter $sc has no type information available."
"wordpress","wp-includes/rss.php","706","20","P1132","3","Parameter $sc has no type information available."
"wordpress","wp-includes/rss.php","710","27","P1132","3","Parameter $sc has no type information available."
"wordpress","wp-includes/rss.php","714","27","P1132","3","Parameter $sc has no type information available."
"wordpress","wp-includes/rss.php","750","16","P1132","3","Parameter $url has no type information available."
"wordpress","wp-includes/rss.php","750","22","P1132","3","Parameter $rss has no type information available."
"wordpress","wp-includes/rss.php","764","16","P1132","3","Parameter $url has no type information available."
"wordpress","wp-includes/rss.php","785","25","P1132","3","Parameter $url has no type information available."
"wordpress","wp-includes/rss.php","801","23","P1132","3","Parameter $rss has no type information available."
"wordpress","wp-includes/rss.php","808","25","P1132","3","Parameter $data has no type information available."
"wordpress","wp-includes/rss.php","818","22","P1132","3","Parameter $url has no type information available."
"wordpress","wp-includes/rss.php","826","18","P1132","3","Parameter $errormsg has no type information available."
"wordpress","wp-includes/rss.php","826","29","P1132","3","Parameter $lvl has no type information available."
"wordpress","wp-includes/rss.php","835","20","P1132","3","Parameter $debugmsg has no type information available."
"wordpress","wp-includes/rss.php","835","31","P1132","3","Parameter $lvl has no type information available."
"wordpress","wp-includes/rss.php","843","25","P1132","3","Parameter $date_str has no type information available."
"wordpress","wp-includes/SimplePie/autoloader.php","60","12","P1132","3","Property $path has no type information available."
"wordpress","wp-includes/SimplePie/library/SimplePie/Cache/Base.php","8","5","P1007","4","'SimplePie\Cache\Base' is deprecated."
"wordpress","wp-includes/SimplePie/library/SimplePie/Cache/Base.php","17","44","P1007","4","'SimplePie\Cache\Base' is deprecated."
"wordpress","wp-includes/SimplePie/library/SimplePie/Cache/DB.php","8","5","P1007","4","'SimplePie\Cache\DB' is deprecated."
"wordpress","wp-includes/SimplePie/library/SimplePie/Cache/DB.php","17","47","P1007","4","'SimplePie\Cache\DB' is deprecated."
"wordpress","wp-includes/SimplePie/library/SimplePie/Cache/File.php","8","5","P1007","4","'SimplePie\Cache\File' is deprecated."
"wordpress","wp-includes/SimplePie/library/SimplePie/Cache/File.php","17","40","P1007","4","'SimplePie\Cache\File' is deprecated."
"wordpress","wp-includes/SimplePie/library/SimplePie/Cache/Memcache.php","8","5","P1007","4","'SimplePie\Cache\Memcache' is deprecated."
"wordpress","wp-includes/SimplePie/library/SimplePie/Cache/Memcache.php","17","44","P1007","4","'SimplePie\Cache\Memcache' is deprecated."
"wordpress","wp-includes/SimplePie/library/SimplePie/Cache/Memcached.php","8","5","P1007","4","'SimplePie\Cache\Memcached' is deprecated."
"wordpress","wp-includes/SimplePie/library/SimplePie/Cache/Memcached.php","17","45","P1007","4","'SimplePie\Cache\Memcached' is deprecated."
"wordpress","wp-includes/SimplePie/library/SimplePie/Cache/MySQL.php","8","5","P1007","4","'SimplePie\Cache\MySQL' is deprecated."
"wordpress","wp-includes/SimplePie/library/SimplePie/Cache/MySQL.php","17","41","P1007","4","'SimplePie\Cache\MySQL' is deprecated."
"wordpress","wp-includes/SimplePie/library/SimplePie/Cache/Redis.php","8","5","P1007","4","'SimplePie\Cache\Redis' is deprecated."
"wordpress","wp-includes/SimplePie/library/SimplePie/Cache/Redis.php","17","41","P1007","4","'SimplePie\Cache\Redis' is deprecated."
"wordpress","wp-includes/SimplePie/library/SimplePie/Cache.php","8","5","P1007","4","'SimplePie\Cache' is deprecated."
"wordpress","wp-includes/SimplePie/library/SimplePie/Cache.php","17","35","P1007","4","'SimplePie\Cache' is deprecated."
"wordpress","wp-includes/SimplePie/library/SimplePie/Core.php","15","30","P1007","4","'SimplePie' is deprecated."
"wordpress","wp-includes/SimplePie/library/SimplePie/Decode/HTML/Entities.php","167","40","P1007","4","'SimplePie_Misc' is deprecated."
"wordpress","wp-includes/SimplePie/library/SimplePie/Decode/HTML/Entities.php","560","107","P1116","2","Possible undefined variable '$consumed'."
"wordpress","wp-includes/SimplePie/library/SimplePie/Decode/HTML/Entities.php","561","75","P1116","2","Possible undefined variable '$consumed'."
"wordpress","wp-includes/SimplePie/library/SimplePie/gzdecode.php","8","5","P1007","4","'SimplePie\Gzdecode' is deprecated."
"wordpress","wp-includes/SimplePie/library/SimplePie/gzdecode.php","17","38","P1007","4","'SimplePie\Gzdecode' is deprecated."
"wordpress","wp-includes/SimplePie/src/Cache/BaseDataCache.php","24","33","P1007","4","'SimplePie\Cache\Base' is deprecated."
"wordpress","wp-includes/SimplePie/src/Cache/DB.php","17","30","P1007","4","'SimplePie\Cache\Base' is deprecated."
"wordpress","wp-includes/SimplePie/src/Cache/File.php","15","23","P1007","4","'SimplePie\Cache\Base' is deprecated."
"wordpress","wp-includes/SimplePie/src/Cache/Memcache.php","24","27","P1007","4","'SimplePie\Cache\Base' is deprecated."
"wordpress","wp-includes/SimplePie/src/Cache/Memcache.php","29","13","P1133","3","PHPDoc undefined type 'Memcache'."
"wordpress","wp-includes/SimplePie/src/Cache/Memcache.php","64","66","P1007","4","'SimplePie\Cache' is deprecated."
"wordpress","wp-includes/SimplePie/src/Cache/Memcache.php","68","28","P1009","1","Undefined type 'Memcache'."
"wordpress","wp-includes/SimplePie/src/Cache/Memcache.php","83","65","P1011","1","Undefined constant 'SimplePie\Cache\MEMCACHE_COMPRESSED'."
"wordpress","wp-includes/SimplePie/src/Cache/Memcache.php","128","58","P1011","1","Undefined constant 'SimplePie\Cache\MEMCACHE_COMPRESSED'."
"wordpress","wp-includes/SimplePie/src/Cache/Memcached.php","25","28","P1007","4","'SimplePie\Cache\Base' is deprecated."
"wordpress","wp-includes/SimplePie/src/Cache/Memcached.php","29","13","P1133","3","PHPDoc undefined type 'Memcached'."
"wordpress","wp-includes/SimplePie/src/Cache/Memcached.php","61","66","P1007","4","'SimplePie\Cache' is deprecated."
"wordpress","wp-includes/SimplePie/src/Cache/Memcached.php","65","28","P1009","1","Undefined type 'Memcached'."
"wordpress","wp-includes/SimplePie/src/Cache/MySQL.php","21","21","P1007","4","'SimplePie\Cache\DB' is deprecated."
"wordpress","wp-includes/SimplePie/src/Cache/MySQL.php","65","66","P1007","4","'SimplePie\Cache' is deprecated."
"wordpress","wp-includes/SimplePie/src/Cache/MySQL.php","71","195","P1007","4","'MYSQL_ATTR_INIT_COMMAND' is deprecated."
"wordpress","wp-includes/SimplePie/src/Cache/MySQL.php","72","32","P1003","4","Symbol '$e' is declared but not used."
"wordpress","wp-includes/SimplePie/src/Cache/MySQL.php","133","25","P1007","4","'SimplePie\Cache\MySQL' is deprecated."
"wordpress","wp-includes/SimplePie/src/Cache/MySQL.php","172","160","P1116","2","Possible undefined variable '$database_ids'."
"wordpress","wp-includes/SimplePie/src/Cache/Psr16.php","24","13","P1133","3","PHPDoc undefined type 'Psr\SimpleCache\CacheInterface'."
"wordpress","wp-includes/SimplePie/src/Cache/Psr16.php","31","15","P1133","3","PHPDoc undefined type 'Psr\SimpleCache\CacheInterface'."
"wordpress","wp-includes/SimplePie/src/Cache/Psr16.php","51","16","P1133","3","PHPDoc undefined type 'Psr\SimpleCache\InvalidArgumentException'."
"wordpress","wp-includes/SimplePie/src/Cache/Psr16.php","81","16","P1133","3","PHPDoc undefined type 'Psr\SimpleCache\InvalidArgumentException'."
"wordpress","wp-includes/SimplePie/src/Cache/Psr16.php","101","16","P1133","3","PHPDoc undefined type 'Psr\SimpleCache\InvalidArgumentException'."
"wordpress","wp-includes/SimplePie/src/Cache/Psr16.php","33","33","P1009","1","Undefined type 'Psr\SimpleCache\CacheInterface'."
"wordpress","wp-includes/SimplePie/src/Cache/Redis.php","25","24","P1007","4","'SimplePie\Cache\Base' is deprecated."
"wordpress","wp-includes/SimplePie/src/Cache/Redis.php","30","13","P1133","3","PHPDoc undefined type 'Redis'."
"wordpress","wp-includes/SimplePie/src/Cache/Redis.php","82","15","P1133","3","PHPDoc undefined type 'Redis'."
"wordpress","wp-includes/SimplePie/src/Cache/Redis.php","58","19","P1007","4","'SimplePie\Cache' is deprecated."
"wordpress","wp-includes/SimplePie/src/Cache/Redis.php","59","22","P1009","1","Undefined type 'Redis'."
"wordpress","wp-includes/SimplePie/src/Cache/Redis.php","85","36","P1009","1","Undefined type 'Redis'."
"wordpress","wp-includes/SimplePie/src/Cache.php","10","5","P1007","4","'SimplePie\Cache\Base' is deprecated."
"wordpress","wp-includes/SimplePie/src/Cache.php","31","24","P1007","4","'SimplePie\Cache\MySQL' is deprecated."
"wordpress","wp-includes/SimplePie/src/Cache.php","32","24","P1007","4","'SimplePie\Cache\Memcache' is deprecated."
"wordpress","wp-includes/SimplePie/src/Cache.php","33","24","P1007","4","'SimplePie\Cache\Memcached' is deprecated."
"wordpress","wp-includes/SimplePie/src/Cache.php","34","24","P1007","4","'SimplePie\Cache\Redis' is deprecated."
"wordpress","wp-includes/SimplePie/src/Cache.php","56","20","P1007","4","'SimplePie\Cache' is deprecated."
"wordpress","wp-includes/SimplePie/src/Cache.php","57","22","P1007","4","'SimplePie\Cache' is deprecated."
"wordpress","wp-includes/SimplePie/src/Cache.php","61","20","P1007","4","'SimplePie\Cache\File' is deprecated."
"wordpress","wp-includes/SimplePie/src/Cache.php","77","16","P1007","4","'SimplePie\Cache' is deprecated."
"wordpress","wp-includes/SimplePie/src/Cache.php","89","9","P1007","4","'SimplePie\Cache' is deprecated."
"wordpress","wp-includes/SimplePie/src/Enclosure.php","203","9","P1003","4","Symbol '$javascript' is declared but not used."
"wordpress","wp-includes/SimplePie/src/File.php","98","16","P1007","4","'$url' is deprecated."
"wordpress","wp-includes/SimplePie/src/File.php","100","20","P1007","4","'$permanent_url' is deprecated."
"wordpress","wp-includes/SimplePie/src/File.php","102","16","P1007","4","'$useragent' is deprecated."
"wordpress","wp-includes/SimplePie/src/File.php","106","24","P1007","4","'$useragent' is deprecated."
"wordpress","wp-includes/SimplePie/src/File.php","112","24","P1007","4","'$method' is deprecated."
"wordpress","wp-includes/SimplePie/src/File.php","145","24","P1007","4","'$status_code' is deprecated."
"wordpress","wp-includes/SimplePie/src/File.php","152","32","P1007","4","'$url' is deprecated."
"wordpress","wp-includes/SimplePie/src/File.php","157","25","P1007","4","'curl_close' is deprecated."
"wordpress","wp-includes/SimplePie/src/File.php","162","44","P1006","1","Expected type 'array'. Found '(true is true ? array<string, array<string|int, string>> : array<string, string>)'."
"wordpress","wp-includes/SimplePie/src/File.php","163","32","P1007","4","'$body' is deprecated."
"wordpress","wp-includes/SimplePie/src/File.php","164","32","P1007","4","'$status_code' is deprecated."
"wordpress","wp-includes/SimplePie/src/File.php","165","46","P1007","4","'$status_code' is deprecated."
"wordpress","wp-includes/SimplePie/src/File.php","165","96","P1007","4","'$status_code' is deprecated."
"wordpress","wp-includes/SimplePie/src/File.php","165","124","P1007","4","'$status_code' is deprecated."
"wordpress","wp-includes/SimplePie/src/File.php","173","96","P1007","4","'$status_code' is deprecated."
"wordpress","wp-includes/SimplePie/src/File.php","173","125","P1007","4","'$status_code' is deprecated."
"wordpress","wp-includes/SimplePie/src/File.php","180","24","P1007","4","'$method' is deprecated."
"wordpress","wp-includes/SimplePie/src/File.php","236","48","P1006","1","Expected type 'array'. Found '(true is true ? array<string, array<string|int, string>> : array<string, string>)'."
"wordpress","wp-includes/SimplePie/src/File.php","237","36","P1007","4","'$body' is deprecated."
"wordpress","wp-includes/SimplePie/src/File.php","238","36","P1007","4","'$status_code' is deprecated."
"wordpress","wp-includes/SimplePie/src/File.php","239","50","P1007","4","'$status_code' is deprecated."
"wordpress","wp-includes/SimplePie/src/File.php","239","100","P1007","4","'$status_code' is deprecated."
"wordpress","wp-includes/SimplePie/src/File.php","239","128","P1007","4","'$status_code' is deprecated."
"wordpress","wp-includes/SimplePie/src/File.php","242","100","P1007","4","'$status_code' is deprecated."
"wordpress","wp-includes/SimplePie/src/File.php","242","129","P1007","4","'$status_code' is deprecated."
"wordpress","wp-includes/SimplePie/src/File.php","256","78","P1007","4","'$body' is deprecated."
"wordpress","wp-includes/SimplePie/src/File.php","260","52","P1007","4","'$body' is deprecated."
"wordpress","wp-includes/SimplePie/src/File.php","265","79","P1007","4","'$body' is deprecated."
"wordpress","wp-includes/SimplePie/src/File.php","266","52","P1007","4","'$body' is deprecated."
"wordpress","wp-includes/SimplePie/src/File.php","267","88","P1007","4","'$body' is deprecated."
"wordpress","wp-includes/SimplePie/src/File.php","268","52","P1007","4","'$body' is deprecated."
"wordpress","wp-includes/SimplePie/src/File.php","269","84","P1007","4","'$body' is deprecated."
"wordpress","wp-includes/SimplePie/src/File.php","270","52","P1007","4","'$body' is deprecated."
"wordpress","wp-includes/SimplePie/src/File.php","291","20","P1007","4","'$method' is deprecated."
"wordpress","wp-includes/SimplePie/src/File.php","293","24","P1007","4","'$body' is deprecated."
"wordpress","wp-includes/SimplePie/src/File.php","297","24","P1007","4","'$body' is deprecated."
"wordpress","wp-includes/SimplePie/src/File.php","298","24","P1007","4","'$status_code' is deprecated."
"wordpress","wp-includes/SimplePie/src/File.php","302","27","P1007","4","'$body' is deprecated."
"wordpress","wp-includes/SimplePie/src/File.php","306","20","P1007","4","'$body' is deprecated."
"wordpress","wp-includes/SimplePie/src/File.php","306","72","P1007","4","'$body' is deprecated."
"wordpress","wp-includes/SimplePie/src/File.php","312","32","P1007","4","'$permanent_url' is deprecated."
"wordpress","wp-includes/SimplePie/src/File.php","317","32","P1007","4","'$url' is deprecated."
"wordpress","wp-includes/SimplePie/src/File.php","322","29","P1007","4","'$status_code' is deprecated."
"wordpress","wp-includes/SimplePie/src/File.php","364","32","P1007","4","'$body' is deprecated."
"wordpress","wp-includes/SimplePie/src/File.php","372","20","P1007","4","'$headers' is deprecated."
"wordpress","wp-includes/SimplePie/src/File.php","381","24","P1007","4","'$headers' is deprecated."
"wordpress","wp-includes/SimplePie/src/File.php","384","38","P1007","4","'$headers' is deprecated."
"wordpress","wp-includes/SimplePie/src/File.php","395","16","P1007","4","'$headers' is deprecated."
"wordpress","wp-includes/SimplePie/src/File.php","396","38","P1007","4","'$headers' is deprecated."
"wordpress","wp-includes/SimplePie/src/File.php","433","16","P1007","4","'$url' is deprecated."
"wordpress","wp-includes/SimplePie/src/File.php","434","16","P1007","4","'$useragent' is deprecated."
"wordpress","wp-includes/SimplePie/src/File.php","435","16","P1007","4","'$headers' is deprecated."
"wordpress","wp-includes/SimplePie/src/File.php","436","16","P1007","4","'$body' is deprecated."
"wordpress","wp-includes/SimplePie/src/File.php","437","16","P1007","4","'$status_code' is deprecated."
"wordpress","wp-includes/SimplePie/src/File.php","438","16","P1007","4","'$permanent_url' is deprecated."
"wordpress","wp-includes/SimplePie/src/Gzdecode.php","145","41","P1003","4","Symbol '$value' is declared but not used."
"wordpress","wp-includes/SimplePie/src/HTTP/Psr18Client.php","25","13","P1133","3","PHPDoc undefined type 'Psr\Http\Client\ClientInterface'."
"wordpress","wp-includes/SimplePie/src/HTTP/Psr18Client.php","30","13","P1133","3","PHPDoc undefined type 'Psr\Http\Message\RequestFactoryInterface'."
"wordpress","wp-includes/SimplePie/src/HTTP/Psr18Client.php","35","13","P1133","3","PHPDoc undefined type 'Psr\Http\Message\UriFactoryInterface'."
"wordpress","wp-includes/SimplePie/src/HTTP/Psr18Client.php","44","33","P1009","1","Undefined type 'Psr\Http\Client\ClientInterface'."
"wordpress","wp-includes/SimplePie/src/HTTP/Psr18Client.php","44","62","P1009","1","Undefined type 'Psr\Http\Message\RequestFactoryInterface'."
"wordpress","wp-includes/SimplePie/src/HTTP/Psr18Client.php","44","103","P1009","1","Undefined type 'Psr\Http\Message\UriFactoryInterface'."
"wordpress","wp-includes/SimplePie/src/HTTP/Psr18Client.php","51","38","P1009","1","Undefined type 'Psr\Http\Client\ClientInterface'."
"wordpress","wp-includes/SimplePie/src/HTTP/Psr18Client.php","56","42","P1009","1","Undefined type 'Psr\Http\Message\RequestFactoryInterface'."
"wordpress","wp-includes/SimplePie/src/HTTP/Psr18Client.php","61","38","P1009","1","Undefined type 'Psr\Http\Message\UriFactoryInterface'."
"wordpress","wp-includes/SimplePie/src/HTTP/Psr18Client.php","115","22","P1009","1","Undefined type 'Psr\Http\Client\ClientExceptionInterface'."
"wordpress","wp-includes/SimplePie/src/HTTP/Psr18Client.php","116","78","P1006","1","Expected type 'Throwable|null'. Found 'Psr\Http\Client\ClientExceptionInterface'."
"wordpress","wp-includes/SimplePie/src/HTTP/Psr7Response.php","23","13","P1133","3","PHPDoc undefined type 'Psr\Http\Message\ResponseInterface'."
"wordpress","wp-includes/SimplePie/src/HTTP/Psr7Response.php","37","33","P1009","1","Undefined type 'Psr\Http\Message\ResponseInterface'."
"wordpress","wp-includes/SimplePie/src/Item.php","745","20","P1007","4","'strftime' is deprecated."
"wordpress","wp-includes/SimplePie/src/Item.php","1385","13","P1003","4","Symbol '$javascript' is declared but not used."
"wordpress","wp-includes/SimplePie/src/Item.php","1421","29","P1003","4","Symbol '$javascript' is declared but not used."
"wordpress","wp-includes/SimplePie/src/Item.php","1878","25","P1003","4","Symbol '$javascript' is declared but not used."
"wordpress","wp-includes/SimplePie/src/Item.php","2184","21","P1003","4","Symbol '$javascript' is declared but not used."
"wordpress","wp-includes/SimplePie/src/Item.php","2220","21","P1003","4","Symbol '$javascript' is declared but not used."
"wordpress","wp-includes/SimplePie/src/Item.php","2251","21","P1003","4","Symbol '$javascript' is declared but not used."
"wordpress","wp-includes/SimplePie/src/Locator.php","84","33","P1003","4","Symbol '$ex' is declared but not used."
"wordpress","wp-includes/SimplePie/src/Locator.php","99","9","P1009","1","Undefined type 'Psr\Http\Client\ClientInterface'."
"wordpress","wp-includes/SimplePie/src/Locator.php","100","9","P1009","1","Undefined type 'Psr\Http\Message\RequestFactoryInterface'."
"wordpress","wp-includes/SimplePie/src/Locator.php","101","9","P1009","1","Undefined type 'Psr\Http\Message\UriFactoryInterface'."
"wordpress","wp-includes/SimplePie/src/Locator.php","274","46","P1003","4","Symbol '$th' is declared but not used."
"wordpress","wp-includes/SimplePie/src/Locator.php","407","42","P1003","4","Symbol '$th' is declared but not used."
"wordpress","wp-includes/SimplePie/src/Locator.php","439","42","P1003","4","Symbol '$th' is declared but not used."
"wordpress","wp-includes/SimplePie/src/Locator.php","10","1","P1003","4","Symbol 'DomDocument' is declared but not used."
"wordpress","wp-includes/SimplePie/src/Misc.php","99","88","P1007","4","'entities_decode' is deprecated."
"wordpress","wp-includes/SimplePie/src/Misc.php","208","39","P1007","4","'array_merge_recursive' is deprecated."
"wordpress","wp-includes/SimplePie/src/Misc.php","1430","18","P1123","3","Duplicate branch expression 'isoir91'."
"wordpress","wp-includes/SimplePie/src/Misc.php","1435","18","P1123","3","Duplicate branch expression 'isoir92'."
"wordpress","wp-includes/SimplePie/src/Misc.php","1761","24","P1007","4","'SimplePie_Decode_HTML_Entities' is deprecated."
"wordpress","wp-includes/SimplePie/src/Misc.php","2213","43","P1003","4","Symbol '$num' is declared but not used."
"wordpress","wp-includes/SimplePie/src/Misc.php","2213","53","P1003","4","Symbol '$str' is declared but not used."
"wordpress","wp-includes/SimplePie/src/Net/IPv6.php","118","63","P1006","1","Expected type 'array|int'. Found 'string'."
"wordpress","wp-includes/SimplePie/src/Parser.php","132","17","P1007","4","'xml_parser_free' is deprecated."
"wordpress","wp-includes/SimplePie/src/Parser.php","170","17","P1007","4","'xml_parser_free' is deprecated."
"wordpress","wp-includes/SimplePie/src/Parser.php","280","30","P1003","4","Symbol '$parser' is declared but not used."
"wordpress","wp-includes/SimplePie/src/Parser.php","336","27","P1003","4","Symbol '$parser' is declared but not used."
"wordpress","wp-includes/SimplePie/src/Parser.php","349","31","P1003","4","Symbol '$parser' is declared but not used."
"wordpress","wp-includes/SimplePie/src/Parser.php","349","40","P1003","4","Symbol '$tag' is declared but not used."
"wordpress","wp-includes/SimplePie/src/Registry.php","30","9","P1007","4","'SimplePie\Cache' is deprecated."
"wordpress","wp-includes/SimplePie/src/Registry.php","30","25","P1007","4","'SimplePie\Cache' is deprecated."
"wordpress","wp-includes/SimplePie/src/Registry.php","74","20","P1007","4","'SimplePie\Cache' is deprecated."
"wordpress","wp-includes/SimplePie/src/Registry.php","166","18","P1131","3","Documented type is not compatible with the inferred type."
"wordpress","wp-includes/SimplePie/src/Registry.php","171","22","P1131","3","Documented type is not compatible with the inferred type."
"wordpress","wp-includes/SimplePie/src/Registry.php","237","22","P1007","4","'SimplePie\Cache' is deprecated."
"wordpress","wp-includes/SimplePie/src/Sanitize.php","16","5","P1007","4","'SimplePie\Cache\Base' is deprecated."
"wordpress","wp-includes/SimplePie/src/Sanitize.php","147","22","P1129","3","PHPDoc parse error. Unexpected token."
"wordpress","wp-includes/SimplePie/src/Sanitize.php","151","152","P1007","4","'SimplePie\Cache' is deprecated."
"wordpress","wp-includes/SimplePie/src/Sanitize.php","151","130","P1003","4","Symbol '$cache_class' is declared but not used."
"wordpress","wp-includes/SimplePie/src/Sanitize.php","189","9","P1009","1","Undefined type 'Psr\Http\Client\ClientInterface'."
"wordpress","wp-includes/SimplePie/src/Sanitize.php","190","9","P1009","1","Undefined type 'Psr\Http\Message\RequestFactoryInterface'."
"wordpress","wp-includes/SimplePie/src/Sanitize.php","191","9","P1009","1","Undefined type 'Psr\Http\Message\UriFactoryInterface'."
"wordpress","wp-includes/SimplePie/src/Sanitize.php","202","36","P1003","4","Symbol '$file_class' is declared but not used."
"wordpress","wp-includes/SimplePie/src/Sanitize.php","514","58","P1003","4","Symbol '$th' is declared but not used."
"wordpress","wp-includes/SimplePie/src/Sanitize.php","797","44","P1007","4","'SimplePie\Cache' is deprecated."
"wordpress","wp-includes/SimplePie/src/Sanitize.php","800","17","P1007","4","'SimplePie\Cache\Base' is deprecated."
"wordpress","wp-includes/sitemaps/class-wp-sitemaps-index.php","60","27","P1003","4","Symbol '$name' is declared but not used."
"wordpress","wp-includes/sitemaps/class-wp-sitemaps-provider.php","85","57","P1003","4","Symbol '$data' is declared but not used."
"wordpress","wp-includes/sodium_compat/lib/php72compat.php","284","24","P1003","4","Symbol '$ex' is declared but not used."
"wordpress","wp-includes/sodium_compat/lib/php72compat.php","286","28","P1003","4","Symbol '$ex' is declared but not used."
"wordpress","wp-includes/sodium_compat/lib/php72compat.php","352","24","P1003","4","Symbol '$ex' is declared but not used."
"wordpress","wp-includes/sodium_compat/lib/php72compat.php","354","28","P1003","4","Symbol '$ex' is declared but not used."
"wordpress","wp-includes/sodium_compat/lib/php72compat.php","421","24","P1003","4","Symbol '$ex' is declared but not used."
"wordpress","wp-includes/sodium_compat/lib/php72compat.php","423","28","P1003","4","Symbol '$ex' is declared but not used."
"wordpress","wp-includes/sodium_compat/lib/php72compat.php","579","24","P1003","4","Symbol '$ex' is declared but not used."
"wordpress","wp-includes/sodium_compat/lib/php72compat.php","581","28","P1003","4","Symbol '$ex' is declared but not used."
"wordpress","wp-includes/sodium_compat/lib/php72compat.php","1131","24","P1003","4","Symbol '$ex' is declared but not used."
"wordpress","wp-includes/sodium_compat/lib/php72compat.php","1133","28","P1003","4","Symbol '$ex' is declared but not used."
"wordpress","wp-includes/sodium_compat/lib/php72compat.php","1337","24","P1003","4","Symbol '$ex' is declared but not used."
"wordpress","wp-includes/sodium_compat/lib/php72compat.php","1339","28","P1003","4","Symbol '$ex' is declared but not used."
"wordpress","wp-includes/sodium_compat/lib/sodium_compat.php","66","29","P1003","4","Symbol '$ex' is declared but not used."
"wordpress","wp-includes/sodium_compat/lib/sodium_compat.php","68","35","P1003","4","Symbol '$ex' is declared but not used."
"wordpress","wp-includes/sodium_compat/lib/sodium_compat.php","123","29","P1003","4","Symbol '$ex' is declared but not used."
"wordpress","wp-includes/sodium_compat/lib/sodium_compat.php","125","35","P1003","4","Symbol '$ex' is declared but not used."
"wordpress","wp-includes/sodium_compat/lib/sodium_compat.php","170","29","P1003","4","Symbol '$ex' is declared but not used."
"wordpress","wp-includes/sodium_compat/lib/sodium_compat.php","172","35","P1003","4","Symbol '$ex' is declared but not used."
"wordpress","wp-includes/sodium_compat/lib/sodium_compat.php","301","29","P1003","4","Symbol '$ex' is declared but not used."
"wordpress","wp-includes/sodium_compat/lib/sodium_compat.php","303","35","P1003","4","Symbol '$ex' is declared but not used."
"wordpress","wp-includes/sodium_compat/lib/sodium_compat.php","369","29","P1003","4","Symbol '$ex' is declared but not used."
"wordpress","wp-includes/sodium_compat/lib/sodium_compat.php","371","35","P1003","4","Symbol '$ex' is declared but not used."
"wordpress","wp-includes/sodium_compat/lib/sodium_compat.php","677","29","P1003","4","Symbol '$ex' is declared but not used."
"wordpress","wp-includes/sodium_compat/lib/sodium_compat.php","679","35","P1003","4","Symbol '$ex' is declared but not used."
"wordpress","wp-includes/sodium_compat/lib/sodium_compat.php","758","29","P1003","4","Symbol '$ex' is declared but not used."
"wordpress","wp-includes/sodium_compat/lib/sodium_compat.php","760","35","P1003","4","Symbol '$ex' is declared but not used."
"wordpress","wp-includes/sodium_compat/src/Core/AEGIS128L.php","51","38","P1003","4","Symbol '$ex' is declared but not used."
"wordpress","wp-includes/sodium_compat/src/Core/AEGIS256.php","59","38","P1003","4","Symbol '$ex' is declared but not used."
"wordpress","wp-includes/sodium_compat/src/Core/AES/KeySchedule.php","72","21","P1014","1","Undefined property '$numRounds'."
"wordpress","wp-includes/sodium_compat/src/Core/Ed25519.php","280","34","P1003","4","Symbol '$ex' is declared but not used."
"wordpress","wp-includes/sodium_compat/src/Core/Salsa20.php","169","34","P1003","4","Symbol '$ex' is declared but not used."
"wordpress","wp-includes/sodium_compat/src/Core/Salsa20.php","225","34","P1003","4","Symbol '$ex' is declared but not used."
"wordpress","wp-includes/sodium_compat/src/Core32/Curve25519/Ge/Cached.php","43","9","P1078","4","Implicitly nullable parameters are deprecated."
"wordpress","wp-includes/sodium_compat/src/Core32/Curve25519/Ge/Cached.php","44","9","P1078","4","Implicitly nullable parameters are deprecated."
"wordpress","wp-includes/sodium_compat/src/Core32/Curve25519/Ge/Cached.php","45","9","P1078","4","Implicitly nullable parameters are deprecated."
"wordpress","wp-includes/sodium_compat/src/Core32/Curve25519/Ge/Cached.php","46","9","P1078","4","Implicitly nullable parameters are deprecated."
"wordpress","wp-includes/sodium_compat/src/Core32/Curve25519/Ge/P1p1.php","45","9","P1078","4","Implicitly nullable parameters are deprecated."
"wordpress","wp-includes/sodium_compat/src/Core32/Curve25519/Ge/P1p1.php","46","9","P1078","4","Implicitly nullable parameters are deprecated."
"wordpress","wp-includes/sodium_compat/src/Core32/Curve25519/Ge/P1p1.php","47","9","P1078","4","Implicitly nullable parameters are deprecated."
"wordpress","wp-includes/sodium_compat/src/Core32/Curve25519/Ge/P1p1.php","48","9","P1078","4","Implicitly nullable parameters are deprecated."
"wordpress","wp-includes/sodium_compat/src/Core32/Curve25519/Ge/P2.php","37","9","P1078","4","Implicitly nullable parameters are deprecated."
"wordpress","wp-includes/sodium_compat/src/Core32/Curve25519/Ge/P2.php","38","9","P1078","4","Implicitly nullable parameters are deprecated."
"wordpress","wp-includes/sodium_compat/src/Core32/Curve25519/Ge/P2.php","39","9","P1078","4","Implicitly nullable parameters are deprecated."
"wordpress","wp-includes/sodium_compat/src/Core32/Curve25519/Ge/P3.php","43","9","P1078","4","Implicitly nullable parameters are deprecated."
"wordpress","wp-includes/sodium_compat/src/Core32/Curve25519/Ge/P3.php","44","9","P1078","4","Implicitly nullable parameters are deprecated."
"wordpress","wp-includes/sodium_compat/src/Core32/Curve25519/Ge/P3.php","45","9","P1078","4","Implicitly nullable parameters are deprecated."
"wordpress","wp-includes/sodium_compat/src/Core32/Curve25519/Ge/P3.php","46","9","P1078","4","Implicitly nullable parameters are deprecated."
"wordpress","wp-includes/sodium_compat/src/Core32/Curve25519/Ge/Precomp.php","39","9","P1078","4","Implicitly nullable parameters are deprecated."
"wordpress","wp-includes/sodium_compat/src/Core32/Curve25519/Ge/Precomp.php","40","9","P1078","4","Implicitly nullable parameters are deprecated."
"wordpress","wp-includes/sodium_compat/src/Core32/Curve25519/Ge/Precomp.php","41","9","P1078","4","Implicitly nullable parameters are deprecated."
"wordpress","wp-includes/sodium_compat/src/Core32/Ed25519.php","264","34","P1003","4","Symbol '$ex' is declared but not used."
"wordpress","wp-includes/sodium_compat/src/Core32/Int32.php","867","28","P1003","4","Symbol '$ex' is declared but not used."
"wordpress","wp-includes/sodium_compat/src/Core32/Int64.php","1061","28","P1003","4","Symbol '$ex' is declared but not used."
"wordpress","wp-includes/sodium_compat/src/Core32/Poly1305/State.php","353","17","P1003","4","Symbol '$b' is declared but not used."
"wordpress","wp-includes/sodium_compat/src/Core32/Salsa20.php","221","34","P1003","4","Symbol '$ex' is declared but not used."
"wordpress","wp-includes/sodium_compat/src/Core32/Salsa20.php","277","34","P1003","4","Symbol '$ex' is declared but not used."
"wordpress","wp-includes/sodium_compat/src/Core32/X25519.php","154","18","P1131","3","Documented type is not compatible with the inferred type."
"wordpress","wp-includes/sodium_compat/src/Crypto.php","107","34","P1003","4","Symbol '$ex' is declared but not used."
"wordpress","wp-includes/sodium_compat/src/Crypto.php","164","34","P1003","4","Symbol '$ex' is declared but not used."
"wordpress","wp-includes/sodium_compat/src/Crypto.php","236","34","P1003","4","Symbol '$ex' is declared but not used."
"wordpress","wp-includes/sodium_compat/src/Crypto.php","295","34","P1003","4","Symbol '$ex' is declared but not used."
"wordpress","wp-includes/sodium_compat/src/Crypto.php","476","34","P1003","4","Symbol '$ex' is declared but not used."
"wordpress","wp-includes/sodium_compat/src/Crypto.php","525","34","P1003","4","Symbol '$ex' is declared but not used."
"wordpress","wp-includes/sodium_compat/src/Crypto.php","711","18","P1131","3","Documented type is not compatible with the inferred type."
"wordpress","wp-includes/sodium_compat/src/Crypto.php","994","34","P1003","4","Symbol '$ex' is declared but not used."
"wordpress","wp-includes/sodium_compat/src/Crypto.php","1055","38","P1003","4","Symbol '$ex' is declared but not used."
"wordpress","wp-includes/sodium_compat/src/Crypto.php","1146","34","P1003","4","Symbol '$ex' is declared but not used."
"wordpress","wp-includes/sodium_compat/src/Crypto.php","1211","38","P1003","4","Symbol '$ex' is declared but not used."
"wordpress","wp-includes/sodium_compat/src/Crypto32.php","107","34","P1003","4","Symbol '$ex' is declared but not used."
"wordpress","wp-includes/sodium_compat/src/Crypto32.php","164","34","P1003","4","Symbol '$ex' is declared but not used."
"wordpress","wp-includes/sodium_compat/src/Crypto32.php","236","34","P1003","4","Symbol '$ex' is declared but not used."
"wordpress","wp-includes/sodium_compat/src/Crypto32.php","295","34","P1003","4","Symbol '$ex' is declared but not used."
"wordpress","wp-includes/sodium_compat/src/Crypto32.php","475","34","P1003","4","Symbol '$ex' is declared but not used."
"wordpress","wp-includes/sodium_compat/src/Crypto32.php","524","34","P1003","4","Symbol '$ex' is declared but not used."
"wordpress","wp-includes/sodium_compat/src/Crypto32.php","710","18","P1131","3","Documented type is not compatible with the inferred type."
"wordpress","wp-includes/sodium_compat/src/Crypto32.php","993","34","P1003","4","Symbol '$ex' is declared but not used."
"wordpress","wp-includes/sodium_compat/src/Crypto32.php","1054","38","P1003","4","Symbol '$ex' is declared but not used."
"wordpress","wp-includes/sodium_compat/src/Crypto32.php","1145","34","P1003","4","Symbol '$ex' is declared but not used."
"wordpress","wp-includes/sodium_compat/src/Crypto32.php","1207","38","P1003","4","Symbol '$ex' is declared but not used."
"wordpress","wp-includes/sodium_compat/src/File.php","156","34","P1003","4","Symbol '$ex' is declared but not used."
"wordpress","wp-includes/sodium_compat/src/File.php","265","34","P1003","4","Symbol '$ex' is declared but not used."
"wordpress","wp-includes/sodium_compat/src/File.php","360","34","P1003","4","Symbol '$ex' is declared but not used."
"wordpress","wp-includes/sodium_compat/src/File.php","594","34","P1003","4","Symbol '$ex' is declared but not used."
"wordpress","wp-includes/sodium_compat/src/File.php","661","33","P1006","1","Expected type 'HashContext'. Found 'resource'."
"wordpress","wp-includes/sodium_compat/src/File.php","681","32","P1006","1","Expected type 'HashContext'. Found 'resource'."
"wordpress","wp-includes/sodium_compat/src/File.php","694","34","P1003","4","Symbol '$ex' is declared but not used."
"wordpress","wp-includes/sodium_compat/src/File.php","804","31","P1006","1","Expected type 'HashContext'. Found 'resource'."
"wordpress","wp-includes/sodium_compat/src/File.php","1003","34","P1003","4","Symbol '$ex' is declared but not used."
"wordpress","wp-includes/sodium_compat/src/File.php","1246","33","P1006","1","Expected type 'HashContext'. Found 'resource'."
"wordpress","wp-includes/sodium_compat/src/File.php","1259","32","P1006","1","Expected type 'HashContext'. Found 'resource'."
"wordpress","wp-includes/sodium_compat/src/File.php","1270","34","P1003","4","Symbol '$ex' is declared but not used."
"wordpress","wp-includes/sodium_compat/src/File.php","1341","31","P1006","1","Expected type 'HashContext'. Found 'resource'."
"wordpress","wp-includes/sodium_compat/src/File.php","1463","34","P1003","4","Symbol '$ex' is declared but not used."
"wordpress","wp-includes/Text/Diff/Engine/native.php","31","12","P1132","3","Property $xchanged has no type information available."
"wordpress","wp-includes/Text/Diff/Engine/native.php","32","12","P1132","3","Property $ychanged has no type information available."
"wordpress","wp-includes/Text/Diff/Engine/native.php","33","12","P1132","3","Property $xv has no type information available."
"wordpress","wp-includes/Text/Diff/Engine/native.php","34","12","P1132","3","Property $yv has no type information available."
"wordpress","wp-includes/Text/Diff/Engine/native.php","35","12","P1132","3","Property $xind has no type information available."
"wordpress","wp-includes/Text/Diff/Engine/native.php","36","12","P1132","3","Property $yind has no type information available."
"wordpress","wp-includes/Text/Diff/Engine/native.php","37","12","P1132","3","Property $seq has no type information available."
"wordpress","wp-includes/Text/Diff/Engine/native.php","38","12","P1132","3","Property $in_seq has no type information available."
"wordpress","wp-includes/Text/Diff/Engine/native.php","39","12","P1132","3","Property $lcs has no type information available."
"wordpress","wp-includes/Text/Diff/Engine/native.php","41","19","P1132","3","Parameter $from_lines has no type information available."
"wordpress","wp-includes/Text/Diff/Engine/native.php","41","32","P1132","3","Parameter $to_lines has no type information available."
"wordpress","wp-includes/Text/Diff/Engine/native.php","159","21","P1132","3","Parameter $xoff has no type information available."
"wordpress","wp-includes/Text/Diff/Engine/native.php","159","28","P1132","3","Parameter $xlim has no type information available."
"wordpress","wp-includes/Text/Diff/Engine/native.php","159","35","P1132","3","Parameter $yoff has no type information available."
"wordpress","wp-includes/Text/Diff/Engine/native.php","159","42","P1132","3","Parameter $ylim has no type information available."
"wordpress","wp-includes/Text/Diff/Engine/native.php","159","49","P1132","3","Parameter $nchunks has no type information available."
"wordpress","wp-includes/Text/Diff/Engine/native.php","242","22","P1132","3","Parameter $ypos has no type information available."
"wordpress","wp-includes/Text/Diff/Engine/native.php","281","27","P1132","3","Parameter $xoff has no type information available."
"wordpress","wp-includes/Text/Diff/Engine/native.php","281","34","P1132","3","Parameter $xlim has no type information available."
"wordpress","wp-includes/Text/Diff/Engine/native.php","281","41","P1132","3","Parameter $yoff has no type information available."
"wordpress","wp-includes/Text/Diff/Engine/native.php","281","48","P1132","3","Parameter $ylim has no type information available."
"wordpress","wp-includes/Text/Diff/Engine/native.php","320","20","P1116","2","Possible undefined variable '$seps'."
"wordpress","wp-includes/Text/Diff/Engine/native.php","340","31","P1132","3","Parameter $lines has no type information available."
"wordpress","wp-includes/Text/Diff/Engine/native.php","340","40","P1132","3","Parameter $changed has no type information available."
"wordpress","wp-includes/Text/Diff/Engine/native.php","340","50","P1132","3","Parameter $other_changed has no type information available."
"wordpress","wp-includes/Text/Diff/Engine/string.php","54","20","P1009","1","Undefined type 'PEAR'."
"wordpress","wp-includes/Text/Diff/Engine/string.php","61","24","P1009","1","Undefined type 'PEAR'."
"wordpress","wp-includes/Text/Diff/Engine/xdiff.php","20","19","P1132","3","Parameter $from_lines has no type information available."
"wordpress","wp-includes/Text/Diff/Engine/xdiff.php","20","32","P1132","3","Parameter $to_lines has no type information available."
"wordpress","wp-includes/Text/Diff/Engine/xdiff.php","30","17","P1010","1","Undefined function 'xdiff_string_diff'."
"wordpress","wp-includes/Text/Diff/Renderer/inline.php","93","27","P1132","3","Parameter $xbeg has no type information available."
"wordpress","wp-includes/Text/Diff/Renderer/inline.php","93","34","P1132","3","Parameter $xlen has no type information available."
"wordpress","wp-includes/Text/Diff/Renderer/inline.php","93","41","P1132","3","Parameter $ybeg has no type information available."
"wordpress","wp-includes/Text/Diff/Renderer/inline.php","93","48","P1132","3","Parameter $ylen has no type information available."
"wordpress","wp-includes/Text/Diff/Renderer/inline.php","98","26","P1132","3","Parameter $header has no type information available."
"wordpress","wp-includes/Text/Diff/Renderer/inline.php","103","21","P1132","3","Parameter $lines has no type information available."
"wordpress","wp-includes/Text/Diff/Renderer/inline.php","116","21","P1132","3","Parameter $lines has no type information available."
"wordpress","wp-includes/Text/Diff/Renderer/inline.php","124","23","P1132","3","Parameter $lines has no type information available."
"wordpress","wp-includes/Text/Diff/Renderer/inline.php","132","23","P1132","3","Parameter $orig has no type information available."
"wordpress","wp-includes/Text/Diff/Renderer/inline.php","132","30","P1132","3","Parameter $final has no type information available."
"wordpress","wp-includes/Text/Diff/Renderer/inline.php","181","28","P1132","3","Parameter $string has no type information available."
"wordpress","wp-includes/Text/Diff/Renderer/inline.php","201","23","P1132","3","Parameter $string has no type information available."
"wordpress","wp-includes/Text/Diff/Renderer.php","111","50","P1116","2","Possible undefined variable '$x0'."
"wordpress","wp-includes/Text/Diff/Renderer.php","111","71","P1116","2","Possible undefined variable '$x0'."
"wordpress","wp-includes/Text/Diff/Renderer.php","112","50","P1116","2","Possible undefined variable '$y0'."
"wordpress","wp-includes/Text/Diff/Renderer.php","112","71","P1116","2","Possible undefined variable '$y0'."
"wordpress","wp-includes/Text/Diff/Renderer.php","143","38","P1116","2","Possible undefined variable '$x0'."
"wordpress","wp-includes/Text/Diff/Renderer.php","143","49","P1116","2","Possible undefined variable '$x0'."
"wordpress","wp-includes/Text/Diff/Renderer.php","144","38","P1116","2","Possible undefined variable '$y0'."
"wordpress","wp-includes/Text/Diff/Renderer.php","144","49","P1116","2","Possible undefined variable '$y0'."
"wordpress","wp-includes/Text/Diff/Renderer.php","151","21","P1132","3","Parameter $xbeg has no type information available."
"wordpress","wp-includes/Text/Diff/Renderer.php","151","28","P1132","3","Parameter $xlen has no type information available."
"wordpress","wp-includes/Text/Diff/Renderer.php","151","35","P1132","3","Parameter $ybeg has no type information available."
"wordpress","wp-includes/Text/Diff/Renderer.php","151","42","P1132","3","Parameter $ylen has no type information available."
"wordpress","wp-includes/Text/Diff/Renderer.php","151","50","P1132","3","Parameter $edits has no type information available."
"wordpress","wp-includes/Text/Diff/Renderer.php","188","27","P1132","3","Parameter $xbeg has no type information available."
"wordpress","wp-includes/Text/Diff/Renderer.php","188","34","P1132","3","Parameter $xlen has no type information available."
"wordpress","wp-includes/Text/Diff/Renderer.php","188","41","P1132","3","Parameter $ybeg has no type information available."
"wordpress","wp-includes/Text/Diff/Renderer.php","188","48","P1132","3","Parameter $ylen has no type information available."
"wordpress","wp-includes/Text/Diff/Renderer.php","207","26","P1132","3","Parameter $header has no type information available."
"wordpress","wp-includes/Text/Diff/Renderer.php","217","21","P1132","3","Parameter $lines has no type information available."
"wordpress","wp-includes/Text/Diff/Renderer.php","222","23","P1132","3","Parameter $lines has no type information available."
"wordpress","wp-includes/Text/Diff/Renderer.php","227","21","P1132","3","Parameter $lines has no type information available."
"wordpress","wp-includes/Text/Diff/Renderer.php","232","23","P1132","3","Parameter $lines has no type information available."
"wordpress","wp-includes/Text/Diff/Renderer.php","237","23","P1132","3","Parameter $orig has no type information available."
"wordpress","wp-includes/Text/Diff/Renderer.php","237","30","P1132","3","Parameter $final has no type information available."
"wordpress","wp-includes/theme-compat/embed-content.php","78","43","P1116","2","Possible undefined variable '$shape'."
"wordpress","wp-includes/theme-compat/embed-content.php","82","57","P1116","2","Possible undefined variable '$image_size'."
"wordpress","wp-includes/theme-compat/embed-content.php","96","57","P1116","2","Possible undefined variable '$image_size'."
"wordpress","wp-includes/theme-templates.php","47","83","P1003","4","Symbol '$post_status' is declared but not used."
"wordpress","wp-includes/theme.php","2493","32","P1003","4","Symbol '$args' is declared but not used."
"wordpress","wp-includes/theme.php","3015","4","css-ruleorselectorexpected","1","at-rule or selector expected"
"wordpress","wp-includes/theme.php","3013","13","css-lcurlyexpected","1","{ expected"
"wordpress","wp-includes/theme.php","3014","14","css-lcurlyexpected","1","{ expected"
"wordpress","wp-includes/update.php","119","42","P1013","1","Undefined method 'tables'."
"wordpress","wp-includes/update.php","131","35","P1013","1","Undefined method 'tables'."
"wordpress","wp-includes/update.php","409","52","P1003","4","Symbol '$update_details' is declared but not used."
"wordpress","wp-includes/update.php","696","49","P1003","4","Symbol '$update_details' is declared but not used."
"wordpress","wp-includes/update.php","908","41","P1003","4","Symbol '$type' is declared but not used."
"wordpress","wp-includes/widgets/class-wp-widget-links.php","101","36","P1003","4","Symbol '$val' is declared but not used."
"wordpress","wp-login.php","1028","69","P1116","2","Possible undefined variable '$rp_login'."
"wordpress","wp-login.php","1068","67","P1116","2","Possible undefined variable '$rp_key'."
"wordpress","wp-mail.php","176","19","P1116","2","Possible undefined variable '$subject'."
"wordpress","wp-settings.php","103","7","P1008","1","Undefined variable '$wp_filter'."
"wordpress","wp-signup.php","50","1","P1008","1","Undefined variable '$wp_query'."
"wordpress","wp-signup.php","154","35","P1116","2","Possible undefined variable '$site_domain'."
"wordpress","wp-signup.php","536","80","P1003","4","Symbol '$user_email' is declared but not used."
"wordpress","wp-signup.php","536","98","P1003","4","Symbol '$meta' is declared but not used."
"wordpress","wp-signup.php","866","60","P1003","4","Symbol '$user_name' is declared but not used."
"wordpress","wp-signup.php","866","95","P1003","4","Symbol '$meta' is declared but not used."
"wordpress","wp-trackback.php","95","13","P1008","1","Undefined variable '$posts'."
"wordpress","wp-trackback.php","141","26","P1014","1","Undefined property '$comments'."